timestamp,cpu_usage,ram_usage,temp_celsius,network_latency,disk_io,swap_usage,net_throughput,thread_count,failure
2026-01-01 00:00:00,68.09,63.36,64.82,171.07,1.84,15.93,67.94,254.87,0
2026-01-01 00:05:00,41.2,62.61,76.39,172.87,52.82,5.83,241.47,366.16,0
2026-01-01 00:10:00,77.01,55.46,38.44,161.25,33.84,15.09,7.65,367.76,0
2026-01-01 00:15:00,80.81,75.71,57.44,144.21,23.0,12.11,121.24,372.25,0
2026-01-01 00:20:00,22.98,72.22,75.27,142.71,29.98,31.71,206.05,400.13,0
2026-01-01 00:25:00,35.96,39.37,63.05,135.27,55.74,14.46,174.06,194.25,0
2026-01-01 00:30:00,64.56,38.27,85.48,142.42,49.62,0.0,380.84,576.16,0
2026-01-01 00:35:00,55.68,75.64,36.79,146.14,32.44,20.98,117.19,320.39,0
2026-01-01 00:40:00,61.66,53.32,34.96,42.76,12.22,36.43,0.0,394.23,0
2026-01-01 00:45:00,44.94,73.44,74.31,76.54,13.63,29.36,0.0,251.57,0
2026-01-01 00:50:00,79.59,82.06,75.85,63.41,50.06,1.76,246.79,396.72,0
2026-01-01 00:55:00,77.56,45.12,58.91,180.89,9.45,11.78,144.38,661.55,0
2026-01-01 01:00:00,63.32,42.59,68.41,210.98,32.64,14.63,27.4,201.6,0
2026-01-01 01:05:00,84.54,98.14,73.92,5.0,88.62,14.78,602.52,182.66,0
2026-01-01 01:10:00,71.35,74.33,48.98,206.06,44.19,19.57,399.18,220.32,0
2026-01-01 01:15:00,44.81,60.45,50.69,124.77,49.84,10.87,239.48,300.03,0
2026-01-01 01:20:00,69.38,51.19,65.04,175.7,13.78,4.01,291.99,271.79,0
2026-01-01 01:25:00,42.82,58.81,76.47,147.86,10.45,26.42,202.27,193.9,0
2026-01-01 01:30:00,79.57,46.57,43.34,199.22,50.92,1.52,24.31,342.55,0
2026-01-01 01:35:00,61.0,83.9,58.83,131.54,29.35,5.37,435.53,584.17,0
2026-01-01 01:40:00,58.3,54.02,58.09,45.01,58.47,1.44,403.24,327.53,0
2026-01-01 01:45:00,48.38,87.68,68.69,114.19,37.86,22.35,0.0,335.53,0
2026-01-01 01:50:00,86.45,60.79,61.86,148.36,100.0,16.28,290.76,401.44,0
2026-01-01 01:55:00,58.91,49.22,53.27,108.12,25.55,25.6,310.63,447.15,0
2026-01-01 02:00:00,53.43,60.33,81.98,156.18,42.78,5.58,192.09,555.98,0
2026-01-01 02:05:00,54.96,20.76,53.37,116.39,19.12,0.0,627.51,386.01,0
2026-01-01 02:10:00,72.65,65.83,57.33,87.25,57.64,9.67,607.97,349.6,0
2026-01-01 02:15:00,69.31,64.94,36.54,60.27,45.81,12.81,182.05,201.27,0
2026-01-01 02:20:00,70.25,82.85,50.58,98.45,17.78,17.51,209.89,460.99,0
2026-01-01 02:25:00,70.62,34.05,70.26,131.25,30.65,0.0,188.75,223.32,0
2026-01-01 02:30:00,100.0,88.91,67.13,12.23,64.44,20.74,139.96,218.68,0
2026-01-01 02:35:00,53.87,82.77,71.59,77.1,62.03,4.27,84.26,378.97,0
2026-01-01 02:40:00,51.76,90.54,70.82,10.18,8.71,7.23,341.23,581.23,0
2026-01-01 02:45:00,45.72,67.05,95.4,86.06,27.68,29.08,603.06,458.97,0
2026-01-01 02:50:00,74.32,86.25,50.03,185.85,73.43,0.0,529.01,344.37,0
2026-01-01 02:55:00,84.58,41.52,36.09,54.76,33.66,18.87,392.05,202.76,0
2026-01-01 03:00:00,59.72,80.83,45.19,158.67,40.67,18.82,0.0,578.32,0
2026-01-01 03:05:00,45.2,54.12,50.74,276.69,57.54,5.17,0.0,341.51,0
2026-01-01 03:10:00,45.51,38.27,46.41,199.94,10.36,9.64,441.55,306.47,0
2026-01-01 03:15:00,75.01,47.77,63.5,127.34,18.21,29.65,541.49,433.28,0
2026-01-01 03:20:00,76.87,68.1,82.04,167.21,30.53,38.56,349.67,282.79,0
2026-01-01 03:25:00,72.86,53.16,86.63,44.67,61.09,27.78,195.0,237.05,0
2026-01-01 03:30:00,48.69,74.77,70.07,33.46,57.4,37.63,493.41,251.44,0
2026-01-01 03:35:00,66.64,35.45,96.26,121.58,51.4,6.7,385.65,251.04,0
2026-01-01 03:40:00,64.33,29.71,56.3,141.92,34.22,0.0,454.74,180.89,0
2026-01-01 03:45:00,66.37,92.7,35.88,180.19,59.59,14.37,0.0,164.16,0
2026-01-01 03:50:00,79.43,84.27,78.85,88.72,33.95,24.66,311.8,495.8,0
2026-01-01 03:55:00,66.47,49.11,32.58,130.64,48.56,0.0,569.42,450.33,0
2026-01-01 04:00:00,75.58,67.95,49.92,128.75,55.24,3.88,344.94,226.58,0
2026-01-01 04:05:00,63.35,86.35,70.32,112.77,70.94,5.22,420.68,483.26,0
2026-01-01 04:10:00,67.78,75.55,60.36,116.01,35.87,19.28,256.55,396.4,0
2026-01-01 04:15:00,74.63,70.67,58.94,72.99,29.75,17.73,269.09,301.43,0
2026-01-01 04:20:00,32.86,87.71,43.11,135.38,62.9,5.7,502.45,166.13,0
2026-01-01 04:25:00,55.61,54.85,61.83,130.73,64.44,17.16,129.44,401.22,0
2026-01-01 04:30:00,52.59,68.56,78.06,95.8,26.13,1.26,111.82,629.81,0
2026-01-01 04:35:00,49.22,67.68,62.32,156.62,14.9,9.88,163.92,352.19,0
2026-01-01 04:40:00,56.5,63.09,48.72,176.53,61.38,0.0,254.22,499.8,0
2026-01-01 04:45:00,91.9,60.98,42.04,157.26,4.17,13.2,0.0,318.24,0
2026-01-01 04:50:00,44.68,69.31,49.05,62.67,3.14,5.39,381.59,488.28,0
2026-01-01 04:55:00,81.37,68.62,68.28,125.48,31.63,23.28,220.44,327.47,0
2026-01-01 05:00:00,28.34,49.13,67.5,69.87,37.05,14.69,403.66,50.0,0
2026-01-01 05:05:00,55.3,82.43,49.19,125.31,13.8,12.28,0.0,241.74,0
2026-01-01 05:10:00,65.26,50.43,26.63,70.09,39.44,36.22,404.35,369.84,0
2026-01-01 05:15:00,73.72,64.07,68.72,190.24,40.33,19.6,490.64,512.39,0
2026-01-01 05:20:00,76.22,62.68,47.64,163.08,25.39,10.58,328.94,326.98,0
2026-01-01 05:25:00,77.87,74.45,73.02,183.41,75.67,8.0,255.4,354.47,0
2026-01-01 05:30:00,55.03,29.86,49.9,177.84,43.6,0.83,405.74,261.91,0
2026-01-01 05:35:00,52.75,84.04,46.19,105.12,57.57,14.21,478.86,584.14,0
2026-01-01 05:40:00,79.16,55.81,64.45,96.59,5.88,18.69,344.13,575.1,0
2026-01-01 05:45:00,58.17,89.96,99.72,215.79,5.7,0.0,357.58,248.56,0
2026-01-01 05:50:00,36.49,59.39,73.98,110.92,44.2,0.0,548.25,122.54,0
2026-01-01 05:55:00,39.33,67.12,64.18,45.5,72.1,8.81,387.01,78.92,0
2026-01-01 06:00:00,43.61,100.0,67.74,175.41,14.8,1.82,105.95,440.51,0
2026-01-01 06:05:00,71.94,63.01,33.98,127.91,37.87,15.52,478.0,370.28,0
2026-01-01 06:10:00,64.85,90.3,44.04,202.83,10.3,17.19,227.73,232.73,1
2026-01-01 06:15:00,75.81,68.7,21.83,133.36,20.63,13.53,255.99,390.78,0
2026-01-01 06:20:00,53.45,75.48,89.68,118.9,38.86,21.6,269.24,165.45,0
2026-01-01 06:25:00,65.17,69.26,86.44,203.94,25.15,7.98,424.4,469.24,0
2026-01-01 06:30:00,74.51,83.26,68.29,35.38,8.89,14.45,564.79,292.65,0
2026-01-01 06:35:00,55.81,55.66,64.16,87.81,8.44,2.96,254.4,187.78,0
2026-01-01 06:40:00,71.14,50.29,37.17,71.2,0.0,18.42,561.63,294.95,0
2026-01-01 06:45:00,48.76,56.51,58.49,5.0,44.53,15.91,279.63,289.78,0
2026-01-01 06:50:00,54.74,69.79,90.68,168.02,46.95,0.62,502.39,404.76,0
2026-01-01 06:55:00,54.37,64.03,64.1,89.34,46.85,13.14,285.72,524.9,0
2026-01-01 07:00:00,38.08,80.78,52.97,169.8,16.82,14.55,161.36,517.12,0
2026-01-01 07:05:00,71.74,91.49,33.87,141.4,55.12,18.37,595.98,373.94,0
2026-01-01 07:10:00,52.61,50.43,84.08,153.39,49.14,18.82,144.18,321.92,0
2026-01-01 07:15:00,62.25,54.79,60.88,94.95,35.15,6.35,132.13,264.7,0
2026-01-01 07:20:00,71.61,42.15,33.89,77.97,31.86,24.16,23.91,84.8,0
2026-01-01 07:25:00,70.93,100.0,47.21,124.94,22.02,21.28,478.11,347.12,0
2026-01-01 07:30:00,75.31,73.48,41.56,170.55,38.84,6.31,520.62,222.35,0
2026-01-01 07:35:00,60.03,76.64,59.89,117.23,67.34,1.29,317.16,532.75,0
2026-01-01 07:40:00,53.53,43.88,65.32,81.39,57.76,7.22,72.9,319.89,0
2026-01-01 07:45:00,60.41,67.98,53.95,54.05,29.88,0.0,248.78,462.06,0
2026-01-01 07:50:00,28.25,77.17,74.43,131.23,45.77,17.5,195.53,277.62,0
2026-01-01 07:55:00,33.06,63.45,63.26,89.53,12.97,29.2,64.52,248.68,0
2026-01-01 08:00:00,35.55,87.36,79.0,116.05,49.6,32.06,162.0,440.72,0
2026-01-01 08:05:00,42.06,100.0,56.28,106.87,18.38,1.93,341.03,391.65,0
2026-01-01 08:10:00,70.0,50.95,105.0,95.56,48.81,24.44,141.07,398.33,0
2026-01-01 08:15:00,43.89,49.6,52.97,136.16,94.38,16.01,302.51,335.93,0
2026-01-01 08:20:00,54.44,52.2,47.55,150.5,23.6,0.0,0.0,468.41,0
2026-01-01 08:25:00,87.98,96.91,45.58,228.09,93.46,11.01,552.25,446.72,1
2026-01-01 08:30:00,54.87,86.76,58.62,161.69,44.81,9.68,179.55,50.0,0
2026-01-01 08:35:00,76.75,65.56,34.49,207.65,20.01,29.53,406.64,311.38,0
2026-01-01 08:40:00,43.33,68.66,66.71,74.98,19.09,4.55,283.96,502.21,0
2026-01-01 08:45:00,57.89,53.3,31.52,31.95,82.3,21.76,322.45,197.07,0
2026-01-01 08:50:00,43.0,84.02,64.59,119.21,44.86,13.71,46.24,96.14,0
2026-01-01 08:55:00,55.22,61.16,40.38,167.19,23.68,0.0,113.1,329.18,0
2026-01-01 09:00:00,78.81,63.32,55.9,158.56,30.93,8.37,117.19,428.11,0
2026-01-01 09:05:00,27.45,78.96,71.67,186.63,43.62,33.38,254.56,280.93,0
2026-01-01 09:10:00,70.69,64.62,98.86,5.0,34.83,12.92,488.71,543.94,0
2026-01-01 09:15:00,66.75,63.77,44.75,188.91,41.92,25.87,327.99,626.54,0
2026-01-01 09:20:00,50.12,68.19,59.59,138.45,70.47,25.21,87.94,61.24,0
2026-01-01 09:25:00,33.08,82.32,50.42,35.08,12.44,9.62,265.72,292.4,0
2026-01-01 09:30:00,63.44,97.64,48.08,159.79,47.89,0.0,235.49,50.0,0
2026-01-01 09:35:00,51.41,78.54,50.56,129.32,33.54,1.18,186.84,449.15,0
2026-01-01 09:40:00,66.65,82.46,75.19,140.97,25.02,32.42,247.23,248.02,0
2026-01-01 09:45:00,62.44,64.4,54.19,174.95,56.44,16.82,387.47,278.63,0
2026-01-01 09:50:00,94.04,55.26,97.99,143.67,5.77,0.0,120.41,522.21,1
2026-01-01 09:55:00,57.21,79.77,68.66,38.99,0.0,25.01,187.74,150.74,0
2026-01-01 10:00:00,41.53,71.08,45.84,112.13,39.49,0.0,426.78,113.07,0
2026-01-01 10:05:00,65.59,42.39,56.13,31.03,32.24,5.09,334.41,50.0,0
2026-01-01 10:10:00,66.4,62.09,49.17,155.7,7.94,15.98,480.24,540.58,0
2026-01-01 10:15:00,89.18,66.51,74.8,196.89,0.79,45.25,508.45,505.73,0
2026-01-01 10:20:00,78.7,58.81,35.78,51.72,73.61,24.79,5.1,305.92,0
2026-01-01 10:25:00,69.14,94.67,40.54,83.07,44.26,9.21,301.89,158.71,0
2026-01-01 10:30:00,91.27,76.64,52.54,71.47,35.39,15.34,158.57,475.11,0
2026-01-01 10:35:00,38.22,92.72,72.93,95.04,78.9,26.04,34.23,763.2,0
2026-01-01 10:40:00,49.2,72.74,81.73,142.68,55.44,32.06,107.95,314.65,0
2026-01-01 10:45:00,43.47,69.46,84.09,95.63,70.39,12.03,195.86,169.56,0
2026-01-01 10:50:00,54.2,51.14,70.48,155.89,11.4,12.38,196.99,536.25,0
2026-01-01 10:55:00,34.47,68.21,60.67,178.6,10.65,5.04,140.76,180.13,0
2026-01-01 11:00:00,74.7,68.23,74.71,180.6,47.34,22.98,247.54,295.0,0
2026-01-01 11:05:00,57.56,43.39,43.69,58.5,43.29,27.31,690.4,50.0,0
2026-01-01 11:10:00,32.58,58.29,32.49,196.23,59.99,0.0,0.0,304.51,0
2026-01-01 11:15:00,41.69,62.18,68.99,200.63,2.38,10.24,454.69,158.26,0
2026-01-01 11:20:00,68.27,75.44,45.91,205.4,49.07,0.44,246.69,538.82,0
2026-01-01 11:25:00,78.76,76.3,60.96,111.32,54.79,16.81,171.18,203.58,0
2026-01-01 11:30:00,100.0,57.54,63.91,78.65,53.72,0.14,0.0,466.97,0
2026-01-01 11:35:00,100.0,76.44,65.97,65.87,26.87,0.0,387.3,334.26,0
2026-01-01 11:40:00,70.29,64.72,77.0,59.4,45.37,28.48,0.0,368.8,0
2026-01-01 11:45:00,42.21,16.35,75.31,120.64,19.49,13.01,399.02,428.33,0
2026-01-01 11:50:00,19.36,59.28,65.12,166.63,29.14,14.28,563.44,341.98,0
2026-01-01 11:55:00,67.35,87.42,54.93,191.86,14.14,20.18,19.1,252.83,0
2026-01-01 12:00:00,45.74,37.73,63.72,93.29,19.83,26.65,460.3,228.2,0
2026-01-01 12:05:00,53.69,70.03,52.46,117.87,30.18,9.98,254.58,426.35,0
2026-01-01 12:10:00,49.76,96.53,58.86,114.27,25.18,10.24,0.0,64.74,0
2026-01-01 12:15:00,59.18,54.31,103.89,85.06,19.82,10.3,33.13,601.72,0
2026-01-01 12:20:00,83.32,68.04,64.92,160.47,9.01,27.98,282.08,369.77,0
2026-01-01 12:25:00,65.14,44.53,69.2,139.96,74.22,14.18,322.21,299.39,0
2026-01-01 12:30:00,58.83,97.29,50.71,127.8,24.99,11.51,0.0,389.91,0
2026-01-01 12:35:00,41.29,66.5,78.32,139.71,41.6,19.69,255.71,260.86,0
2026-01-01 12:40:00,28.51,68.84,74.16,153.85,0.0,36.98,398.24,323.29,0
2026-01-01 12:45:00,52.27,92.38,74.28,153.3,62.15,15.89,429.74,180.24,0
2026-01-01 12:50:00,60.92,79.91,65.44,73.88,38.34,11.77,175.69,406.26,0
2026-01-01 12:55:00,97.36,52.24,78.55,169.3,26.12,38.32,328.92,338.23,0
2026-01-01 13:00:00,64.61,56.35,82.35,134.05,26.3,30.96,443.04,378.12,0
2026-01-01 13:05:00,81.65,76.91,66.53,96.1,52.39,29.22,403.44,572.47,0
2026-01-01 13:10:00,52.01,56.77,60.17,132.88,0.0,8.99,410.46,229.37,0
2026-01-01 13:15:00,38.3,29.89,76.31,138.95,18.52,7.8,270.43,330.67,0
2026-01-01 13:20:00,42.7,67.04,47.53,179.5,32.62,0.0,232.99,102.29,0
2026-01-01 13:25:00,47.5,41.36,50.51,62.46,32.39,26.58,298.98,432.5,0
2026-01-01 13:30:00,100.0,97.09,61.15,192.87,85.11,15.92,112.52,347.38,0
2026-01-01 13:35:00,45.57,71.18,34.14,121.27,28.25,0.0,450.18,352.6,0
2026-01-01 13:40:00,78.77,51.71,75.24,92.16,54.8,29.42,0.0,326.4,0
2026-01-01 13:45:00,43.94,55.42,46.59,90.48,71.23,10.95,159.22,263.27,0
2026-01-01 13:50:00,80.63,33.99,54.46,64.92,48.41,12.43,243.48,724.4,0
2026-01-01 13:55:00,69.7,48.21,58.59,24.25,21.52,0.0,334.54,355.73,0
2026-01-01 14:00:00,58.87,86.29,62.63,157.26,9.31,20.91,368.36,394.48,0
2026-01-01 14:05:00,61.18,100.0,56.5,228.95,49.91,21.02,518.02,179.09,1
2026-01-01 14:10:00,48.9,81.08,60.92,31.03,67.9,14.42,264.0,482.77,0
2026-01-01 14:15:00,70.92,66.34,61.05,67.73,45.92,9.98,120.76,331.48,0
2026-01-01 14:20:00,52.9,60.22,54.85,161.34,59.67,46.52,223.89,416.87,0
2026-01-01 14:25:00,37.49,50.78,49.63,117.49,86.84,0.56,192.51,485.35,0
2026-01-01 14:30:00,36.44,100.0,79.3,165.89,51.75,6.34,343.59,334.41,0
2026-01-01 14:35:00,65.45,64.6,28.33,114.41,12.99,23.5,57.94,248.45,0
2026-01-01 14:40:00,93.58,100.0,58.71,88.07,36.02,2.83,218.42,50.0,0
2026-01-01 14:45:00,65.2,93.08,54.5,107.58,62.4,1.94,542.08,291.92,0
2026-01-01 14:50:00,59.63,36.67,68.7,5.0,30.02,28.58,282.37,247.64,0
2026-01-01 14:55:00,67.72,56.01,38.73,57.11,65.11,22.26,60.47,178.54,0
2026-01-01 15:00:00,88.12,55.96,54.0,172.16,33.66,20.81,188.84,567.96,0
2026-01-01 15:05:00,66.39,66.56,60.36,185.55,41.69,17.18,0.0,497.41,0
2026-01-01 15:10:00,53.78,66.91,79.12,197.34,27.99,6.69,239.41,75.52,0
2026-01-01 15:15:00,84.13,100.0,67.31,144.25,38.19,11.97,546.58,373.06,0
2026-01-01 15:20:00,70.58,48.61,43.06,5.0,39.25,14.05,36.41,227.41,0
2026-01-01 15:25:00,92.72,72.12,54.2,85.07,2.83,25.15,0.0,405.02,0
2026-01-01 15:30:00,65.66,79.1,76.18,192.86,26.17,20.11,132.41,230.05,0
2026-01-01 15:35:00,37.51,67.97,42.79,209.27,10.34,3.87,415.84,269.15,0
2026-01-01 15:40:00,34.64,69.98,60.74,194.95,26.86,24.47,556.83,494.46,0
2026-01-01 15:45:00,95.02,49.19,61.85,107.01,19.1,0.0,330.68,472.9,0
2026-01-01 15:50:00,96.47,69.92,55.83,48.14,55.24,11.15,18.54,576.42,0
2026-01-01 15:55:00,58.41,77.21,105.0,117.77,55.47,1.3,246.0,317.44,0
2026-01-01 16:00:00,54.34,73.9,55.4,120.81,46.21,4.71,572.1,131.65,0
2026-01-01 16:05:00,91.23,78.26,69.2,206.11,9.65,38.12,194.04,488.19,0
2026-01-01 16:10:00,39.86,93.43,49.74,132.53,33.04,0.0,275.29,489.06,0
2026-01-01 16:15:00,44.11,84.87,70.44,120.92,8.06,5.17,293.3,444.24,0
2026-01-01 16:20:00,74.87,69.28,75.93,124.04,32.05,21.12,0.0,238.44,0
2026-01-01 16:25:00,54.11,46.91,52.59,141.99,47.95,9.36,429.63,189.38,0
2026-01-01 16:30:00,61.9,57.2,61.12,154.45,54.84,16.87,403.68,430.39,0
2026-01-01 16:35:00,58.73,64.05,47.68,80.15,44.46,32.15,0.0,217.08,0
2026-01-01 16:40:00,68.75,72.54,43.69,61.83,60.17,22.86,10.48,303.8,0
2026-01-01 16:45:00,90.15,59.39,78.59,195.38,40.2,9.38,75.45,785.98,0
2026-01-01 16:50:00,63.81,51.16,53.14,29.74,30.33,13.4,384.7,669.34,0
2026-01-01 16:55:00,74.88,46.61,23.38,210.08,52.47,21.37,114.8,468.9,0
2026-01-01 17:00:00,21.0,38.28,90.25,14.91,53.13,22.62,322.24,250.66,0
2026-01-01 17:05:00,61.03,63.77,49.17,87.85,24.52,15.25,217.28,241.65,0
2026-01-01 17:10:00,45.14,41.55,58.06,173.45,42.58,19.33,262.81,457.37,0
2026-01-01 17:15:00,37.62,49.99,88.25,120.02,29.11,19.34,339.27,574.55,0
2026-01-01 17:20:00,44.44,60.91,59.73,47.59,0.0,13.89,299.02,273.25,0
2026-01-01 17:25:00,55.32,43.95,59.39,143.45,43.8,7.74,246.59,281.48,0
2026-01-01 17:30:00,80.32,74.84,42.35,123.69,9.11,23.91,308.87,363.16,0
2026-01-01 17:35:00,35.47,81.32,35.84,108.12,41.56,18.5,289.05,141.66,0
2026-01-01 17:40:00,62.61,58.11,59.34,85.68,4.29,0.0,212.26,146.24,0
2026-01-01 17:45:00,52.32,60.13,67.8,118.1,20.61,5.09,172.38,173.6,0
2026-01-01 17:50:00,55.45,77.67,66.89,87.99,26.33,9.23,588.48,431.91,0
2026-01-01 17:55:00,82.06,55.15,54.3,253.9,59.03,12.59,170.31,390.8,0
2026-01-01 18:00:00,72.76,53.91,62.32,106.8,24.33,29.45,496.06,520.54,0
2026-01-01 18:05:00,88.75,89.54,32.6,99.44,13.5,53.43,126.68,89.42,0
2026-01-01 18:10:00,58.91,83.92,69.36,90.21,42.29,0.0,395.83,122.46,0
2026-01-01 18:15:00,48.08,78.83,64.58,217.73,30.66,18.65,571.08,418.36,0
2026-01-01 18:20:00,57.52,84.66,93.58,29.85,50.81,15.84,189.25,219.2,0
2026-01-01 18:25:00,66.85,32.41,62.12,139.77,14.76,12.83,129.87,230.09,0
2026-01-01 18:30:00,65.53,92.37,46.92,106.84,39.22,21.52,172.74,501.91,0
2026-01-01 18:35:00,40.31,75.06,61.19,41.71,84.39,16.8,246.51,267.06,0
2026-01-01 18:40:00,63.81,86.19,56.76,74.95,30.21,10.66,307.94,284.61,0
2026-01-01 18:45:00,66.56,74.97,68.96,137.43,38.73,15.35,242.8,312.49,0
2026-01-01 18:50:00,100.0,68.88,62.43,72.46,1.78,21.68,174.4,321.59,0
2026-01-01 18:55:00,99.54,63.04,41.84,134.28,17.94,20.54,601.82,452.74,0
2026-01-01 19:00:00,44.94,74.61,35.83,215.1,44.19,17.26,213.92,168.5,0
2026-01-01 19:05:00,56.25,62.39,66.21,129.38,28.4,8.0,138.38,321.78,0
2026-01-01 19:10:00,32.73,83.62,84.13,40.06,47.29,48.83,399.49,524.36,0
2026-01-01 19:15:00,50.19,39.44,63.27,73.43,43.5,19.31,402.36,669.91,0
2026-01-01 19:20:00,68.31,58.25,75.01,104.3,8.64,24.15,504.25,146.5,0
2026-01-01 19:25:00,86.12,100.0,78.2,100.63,55.31,8.91,597.02,399.65,0
2026-01-01 19:30:00,47.42,56.73,66.27,128.36,10.15,17.27,312.33,321.48,0
2026-01-01 19:35:00,48.92,63.7,48.97,137.18,19.7,17.18,198.11,335.18,0
2026-01-01 19:40:00,19.05,52.11,65.12,215.18,39.59,0.0,0.0,231.56,0
2026-01-01 19:45:00,58.75,74.05,81.31,119.8,66.34,6.4,81.19,463.37,0
2026-01-01 19:50:00,40.75,54.75,70.48,56.63,14.92,6.18,287.54,455.67,0
2026-01-01 19:55:00,51.41,64.66,73.97,183.46,37.95,7.79,37.43,728.43,0
2026-01-01 20:00:00,44.46,83.28,54.6,189.47,38.12,2.16,0.0,151.84,0
2026-01-01 20:05:00,60.11,55.42,58.76,132.78,48.15,15.53,261.85,87.81,0
2026-01-01 20:10:00,26.85,82.2,60.1,106.45,58.68,31.77,389.82,658.21,0
2026-01-01 20:15:00,32.66,82.8,61.18,154.24,26.92,16.57,205.63,342.22,0
2026-01-01 20:20:00,100.0,86.99,80.69,108.39,55.24,0.82,411.42,281.48,1
2026-01-01 20:25:00,36.25,70.53,24.45,6.94,61.61,2.63,360.98,378.24,0
2026-01-01 20:30:00,40.06,100.0,62.49,150.99,70.68,10.48,456.86,140.77,0
2026-01-01 20:35:00,98.74,86.98,60.73,169.07,45.04,0.0,641.22,406.38,0
2026-01-01 20:40:00,100.0,73.85,40.06,199.26,38.15,18.65,720.52,337.96,0
2026-01-01 20:45:00,38.57,52.23,72.75,79.81,25.51,31.24,381.7,511.07,0
2026-01-01 20:50:00,54.64,66.25,50.41,132.44,5.82,8.09,167.23,478.55,0
2026-01-01 20:55:00,68.83,93.67,56.29,133.63,29.44,15.91,261.13,491.05,0
2026-01-01 21:00:00,96.57,98.77,91.58,124.7,37.25,9.85,533.19,378.63,1
2026-01-01 21:05:00,42.26,94.61,78.16,126.32,32.81,7.44,89.22,590.65,0
2026-01-01 21:10:00,57.09,82.13,71.19,122.04,46.95,17.27,510.58,436.44,0
2026-01-01 21:15:00,77.55,45.4,68.09,131.65,5.92,7.04,219.41,270.03,0
2026-01-01 21:20:00,70.7,76.77,59.37,160.74,31.36,5.3,290.88,228.62,0
2026-01-01 21:25:00,54.48,45.65,93.99,187.12,74.9,0.0,104.62,245.52,0
2026-01-01 21:30:00,59.32,41.23,74.83,78.4,54.91,15.78,11.73,438.32,0
2026-01-01 21:35:00,34.5,72.3,50.01,110.52,47.32,27.8,199.81,150.26,0
2026-01-01 21:40:00,57.24,77.42,39.6,96.76,42.81,23.49,484.54,373.27,0
2026-01-01 21:45:00,56.67,84.26,71.07,88.89,27.69,32.9,123.65,225.07,0
2026-01-01 21:50:00,66.64,76.95,61.11,31.12,0.0,6.91,540.25,162.03,0
2026-01-01 21:55:00,50.89,77.57,39.14,121.33,44.14,25.21,146.88,186.25,0
2026-01-01 22:00:00,71.43,50.28,68.86,146.36,0.0,1.77,57.72,346.43,0
2026-01-01 22:05:00,82.25,66.11,57.7,111.47,28.49,23.51,295.65,464.57,0
2026-01-01 22:10:00,65.11,40.87,70.49,119.51,34.93,34.73,372.23,248.61,0
2026-01-01 22:15:00,69.04,31.94,69.07,143.01,26.06,20.98,283.86,50.0,0
2026-01-01 22:20:00,63.06,81.33,52.27,197.61,78.43,34.94,277.17,823.15,0
2026-01-01 22:25:00,62.0,54.44,72.13,96.91,71.49,7.82,538.53,517.67,0
2026-01-01 22:30:00,47.57,83.7,54.03,55.56,55.66,13.39,267.08,489.84,0
2026-01-01 22:35:00,68.33,87.95,55.07,115.03,16.49,4.01,165.33,594.18,0
2026-01-01 22:40:00,60.05,56.85,53.48,223.6,73.43,15.42,46.07,363.86,0
2026-01-01 22:45:00,100.0,78.63,80.1,56.15,47.38,18.24,479.25,329.75,1
2026-01-01 22:50:00,93.47,56.1,57.51,155.76,16.16,15.31,173.38,553.37,0
2026-01-01 22:55:00,69.72,34.77,83.96,183.69,35.65,9.31,190.94,552.36,0
2026-01-01 23:00:00,46.74,70.22,90.54,5.0,54.17,9.11,439.34,442.28,0
2026-01-01 23:05:00,39.75,59.52,50.18,142.56,23.02,19.14,619.75,482.37,0
2026-01-01 23:10:00,85.82,60.08,20.0,153.19,37.81,13.09,295.24,164.18,0
2026-01-01 23:15:00,67.25,100.0,78.71,105.3,41.33,1.18,225.34,311.38,0
2026-01-01 23:20:00,71.6,40.53,56.53,84.45,12.98,0.0,248.98,605.57,0
2026-01-01 23:25:00,27.11,74.89,48.14,87.51,29.6,7.85,168.0,470.65,0
2026-01-01 23:30:00,80.55,50.09,52.58,101.93,14.49,0.0,185.95,130.7,0
2026-01-01 23:35:00,71.09,84.35,55.36,103.38,52.37,4.97,186.91,270.33,0
2026-01-01 23:40:00,39.79,73.37,82.76,93.01,16.84,9.92,413.93,581.14,0
2026-01-01 23:45:00,52.57,74.83,64.56,101.05,40.84,13.25,234.13,418.28,0
2026-01-01 23:50:00,67.27,50.99,82.54,185.49,7.2,7.01,494.68,377.28,0
2026-01-01 23:55:00,63.05,54.22,69.91,53.21,12.33,41.29,229.07,381.79,0
2026-01-02 00:00:00,56.16,84.69,57.05,23.8,11.36,0.0,183.93,337.47,0
2026-01-02 00:05:00,59.93,99.87,55.75,186.37,29.21,29.51,480.02,271.36,0
2026-01-02 00:10:00,56.96,76.65,70.99,109.44,38.61,13.05,253.88,224.96,0
2026-01-02 00:15:00,65.05,51.85,75.13,98.65,42.3,7.11,227.24,501.55,0
2026-01-02 00:20:00,91.43,74.1,77.95,113.88,0.0,22.05,256.04,385.63,0
2026-01-02 00:25:00,10.67,100.0,57.82,131.51,31.63,9.57,514.0,456.06,0
2026-01-02 00:30:00,57.26,69.84,64.8,91.18,19.99,5.32,305.09,432.0,0
2026-01-02 00:35:00,65.53,94.31,71.34,147.83,45.68,36.48,474.91,561.31,0
2026-01-02 00:40:00,67.92,54.67,55.86,67.08,29.65,0.0,207.77,418.2,0
2026-01-02 00:45:00,54.56,67.24,43.84,103.4,33.38,12.06,446.09,473.54,0
2026-01-02 00:50:00,26.87,79.15,49.1,5.0,20.1,17.28,292.78,375.09,0
2026-01-02 00:55:00,68.56,75.15,58.14,184.47,69.49,31.9,408.86,207.88,0
2026-01-02 01:00:00,96.55,54.21,72.6,110.32,9.33,10.22,424.0,316.16,0
2026-01-02 01:05:00,31.32,53.43,82.14,156.86,27.01,46.93,80.51,438.49,0
2026-01-02 01:10:00,79.28,85.79,40.3,146.21,37.15,24.11,262.95,451.65,0
2026-01-02 01:15:00,55.43,89.45,52.44,150.24,29.97,0.0,422.3,567.65,0
2026-01-02 01:20:00,60.77,95.22,56.27,119.57,19.72,0.0,450.97,281.01,0
2026-01-02 01:25:00,40.94,100.0,74.72,141.35,0.0,17.84,475.62,383.9,0
2026-01-02 01:30:00,55.31,70.42,53.55,67.13,21.17,1.27,268.85,330.63,0
2026-01-02 01:35:00,88.0,62.4,55.12,55.59,15.81,21.57,527.24,593.65,0
2026-01-02 01:40:00,73.65,92.32,39.41,114.44,68.58,9.56,131.7,406.47,0
2026-01-02 01:45:00,96.65,80.84,69.73,82.61,80.29,0.65,0.0,409.34,0
2026-01-02 01:50:00,85.55,50.32,59.42,198.4,33.98,3.42,200.03,344.65,0
2026-01-02 01:55:00,70.78,49.39,51.54,140.63,6.9,25.22,465.25,316.24,0
2026-01-02 02:00:00,96.88,76.85,57.85,80.59,49.76,0.0,54.48,132.7,0
2026-01-02 02:05:00,70.78,64.81,80.03,105.07,15.38,27.54,0.0,160.82,0
2026-01-02 02:10:00,78.56,67.52,45.92,127.32,24.02,27.89,0.0,376.83,0
2026-01-02 02:15:00,56.07,87.31,48.53,116.26,22.42,11.02,382.47,358.12,0
2026-01-02 02:20:00,63.33,81.66,82.04,134.95,24.99,0.0,0.0,377.66,0
2026-01-02 02:25:00,48.05,91.94,63.21,123.78,27.91,21.67,348.83,491.21,0
2026-01-02 02:30:00,81.79,33.23,72.72,43.51,8.73,9.16,190.94,363.94,0
2026-01-02 02:35:00,38.43,72.56,68.43,5.0,20.96,0.0,111.29,297.75,0
2026-01-02 02:40:00,77.65,80.5,61.43,99.45,55.4,37.91,70.23,318.5,0
2026-01-02 02:45:00,58.19,40.52,56.43,150.83,34.33,4.39,287.13,386.59,0
2026-01-02 02:50:00,85.42,56.21,75.3,100.07,37.51,0.0,114.25,293.0,0
2026-01-02 02:55:00,77.02,52.87,80.6,188.01,0.0,18.42,249.1,509.66,0
2026-01-02 03:00:00,98.41,68.39,79.35,117.42,53.96,14.19,322.25,348.31,0
2026-01-02 03:05:00,76.62,97.3,43.03,194.65,21.29,32.83,360.28,387.75,0
2026-01-02 03:10:00,30.56,100.0,82.88,183.35,57.48,10.43,418.18,227.51,0
2026-01-02 03:15:00,60.66,53.34,56.27,177.82,38.09,10.56,279.65,509.73,0
2026-01-02 03:20:00,38.56,77.48,49.92,53.81,23.76,19.02,60.98,565.84,0
2026-01-02 03:25:00,51.63,78.06,59.29,120.94,1.44,17.39,333.83,145.53,0
2026-01-02 03:30:00,92.22,74.98,75.3,187.25,78.5,17.76,368.12,410.13,0
2026-01-02 03:35:00,74.75,75.18,70.65,134.98,51.06,18.26,217.32,333.81,0
2026-01-02 03:40:00,48.02,73.47,57.91,150.49,52.26,16.98,198.18,392.61,0
2026-01-02 03:45:00,41.73,98.38,75.4,43.67,71.38,10.0,695.53,417.81,0
2026-01-02 03:50:00,62.66,87.84,64.24,225.53,39.48,24.99,17.25,50.0,0
2026-01-02 03:55:00,37.67,48.92,52.83,76.47,62.05,10.68,338.86,463.92,0
2026-01-02 04:00:00,48.58,82.32,50.67,10.31,25.43,24.65,438.29,516.86,0
2026-01-02 04:05:00,68.24,84.06,68.56,100.69,49.75,31.65,188.57,533.72,0
2026-01-02 04:10:00,85.11,73.67,60.68,5.0,22.4,6.87,219.67,208.31,0
2026-01-02 04:15:00,74.18,88.37,39.99,60.32,24.92,43.85,177.74,345.35,0
2026-01-02 04:20:00,16.17,71.39,75.55,260.72,36.94,6.45,250.04,269.16,0
2026-01-02 04:25:00,68.09,71.61,54.32,99.1,9.65,6.54,411.91,62.71,0
2026-01-02 04:30:00,63.44,70.18,87.47,41.47,41.59,21.48,214.32,256.92,0
2026-01-02 04:35:00,70.28,31.67,39.55,121.39,28.76,20.3,809.91,187.38,0
2026-01-02 04:40:00,94.32,66.55,59.11,70.62,0.0,15.86,168.51,400.18,0
2026-01-02 04:45:00,20.74,55.97,50.8,167.55,25.85,24.82,497.95,105.28,0
2026-01-02 04:50:00,50.18,46.64,46.39,71.08,28.1,18.03,347.91,203.07,0
2026-01-02 04:55:00,73.82,93.81,54.21,134.89,52.06,39.79,269.53,272.08,0
2026-01-02 05:00:00,30.37,77.08,90.33,56.91,40.7,14.36,514.74,465.52,0
2026-01-02 05:05:00,91.52,67.46,64.29,262.95,63.95,4.75,0.0,766.67,0
2026-01-02 05:10:00,69.37,57.83,49.33,147.7,45.4,8.38,326.53,395.46,0
2026-01-02 05:15:00,78.93,73.33,32.74,112.0,23.92,20.66,121.05,195.18,0
2026-01-02 05:20:00,50.58,85.85,34.46,103.89,33.83,20.83,171.52,248.14,0
2026-01-02 05:25:00,78.28,53.11,53.42,89.55,28.04,17.48,163.06,448.71,0
2026-01-02 05:30:00,83.37,67.91,51.86,78.15,44.76,4.81,76.51,148.1,0
2026-01-02 05:35:00,66.66,83.63,58.42,76.64,36.2,28.3,0.0,514.51,0
2026-01-02 05:40:00,66.69,33.15,25.65,212.31,22.43,38.24,319.98,391.01,0
2026-01-02 05:45:00,67.41,66.96,60.53,89.61,35.17,15.35,238.14,331.24,0
2026-01-02 05:50:00,44.73,60.27,78.44,5.0,44.22,36.73,195.89,97.27,0
2026-01-02 05:55:00,59.05,65.59,87.97,55.87,14.87,25.4,386.65,488.06,0
2026-01-02 06:00:00,58.95,58.97,31.69,171.02,41.34,41.62,331.35,235.76,0
2026-01-02 06:05:00,69.67,70.48,49.18,106.12,3.43,20.67,201.97,373.05,0
2026-01-02 06:10:00,82.0,100.0,48.33,112.63,57.11,16.64,799.17,326.43,0
2026-01-02 06:15:00,40.83,62.17,64.33,184.34,45.54,25.11,433.24,112.43,0
2026-01-02 06:20:00,59.5,73.25,42.48,77.26,67.59,9.8,690.06,315.4,0
2026-01-02 06:25:00,91.63,100.0,88.92,154.78,12.67,19.89,175.31,168.46,1
2026-01-02 06:30:00,47.13,58.1,62.7,83.27,57.67,30.97,294.95,252.2,0
2026-01-02 06:35:00,45.55,100.0,60.03,151.67,53.72,24.83,27.11,414.92,0
2026-01-02 06:40:00,66.05,68.1,87.48,98.49,31.36,14.63,190.51,455.37,0
2026-01-02 06:45:00,78.89,100.0,61.74,106.71,27.47,17.4,144.89,347.26,0
2026-01-02 06:50:00,62.23,81.5,68.4,165.11,13.3,24.09,789.19,217.41,0
2026-01-02 06:55:00,88.58,73.53,49.99,161.14,8.08,23.69,125.35,252.89,0
2026-01-02 07:00:00,79.14,66.82,40.07,110.9,19.98,24.0,207.87,250.28,0
2026-01-02 07:05:00,78.84,56.77,52.23,94.06,9.88,19.07,0.0,50.0,0
2026-01-02 07:10:00,73.08,69.36,96.99,207.95,66.91,5.11,346.07,360.99,0
2026-01-02 07:15:00,100.0,84.15,72.13,152.41,4.96,7.02,87.96,100.09,0
2026-01-02 07:20:00,57.9,67.76,66.39,98.49,37.98,20.53,415.34,361.43,0
2026-01-02 07:25:00,21.93,62.3,46.38,84.08,43.71,24.98,0.0,131.08,0
2026-01-02 07:30:00,94.09,63.49,76.58,176.37,42.15,23.42,228.11,169.06,0
2026-01-02 07:35:00,52.85,85.86,40.28,126.35,43.91,6.9,0.0,450.29,0
2026-01-02 07:40:00,64.16,90.05,36.93,111.0,53.93,13.19,161.71,353.69,0
2026-01-02 07:45:00,88.19,55.99,53.06,126.32,26.08,0.91,198.3,67.27,0
2026-01-02 07:50:00,29.95,55.97,93.27,138.58,36.75,0.0,142.17,266.18,0
2026-01-02 07:55:00,36.97,74.83,92.37,116.88,29.13,15.98,159.96,389.29,0
2026-01-02 08:00:00,29.97,95.5,54.78,186.2,61.05,31.3,424.81,257.11,0
2026-01-02 08:05:00,46.12,88.63,51.21,189.26,77.0,16.2,641.4,298.53,0
2026-01-02 08:10:00,70.79,45.47,35.75,149.25,11.12,37.9,311.08,386.61,0
2026-01-02 08:15:00,72.48,63.25,63.25,195.61,0.0,13.03,95.19,356.71,0
2026-01-02 08:20:00,67.53,51.25,64.59,120.47,46.38,15.37,261.53,201.16,0
2026-01-02 08:25:00,33.74,63.18,74.63,157.97,56.41,3.11,186.23,353.35,0
2026-01-02 08:30:00,15.8,96.88,76.57,175.25,74.14,10.83,410.09,306.9,0
2026-01-02 08:35:00,63.09,42.39,58.84,176.05,49.76,0.72,301.82,608.62,0
2026-01-02 08:40:00,52.56,38.86,70.9,170.38,62.92,0.0,0.0,334.54,0
2026-01-02 08:45:00,71.19,53.09,50.79,154.72,68.2,0.92,447.63,370.25,0
2026-01-02 08:50:00,76.04,73.17,70.59,227.64,64.3,16.02,424.03,388.97,0
2026-01-02 08:55:00,64.76,79.17,53.88,90.32,52.62,6.16,519.11,301.65,0
2026-01-02 09:00:00,77.2,75.87,69.35,111.46,9.36,9.0,157.04,242.01,0
2026-01-02 09:05:00,66.58,89.16,68.06,108.2,34.83,19.92,304.18,418.97,0
2026-01-02 09:10:00,72.6,36.26,63.1,99.76,41.0,0.0,36.74,420.19,0
2026-01-02 09:15:00,47.91,89.39,74.71,10.62,33.0,15.97,240.78,662.39,0
2026-01-02 09:20:00,58.41,62.38,36.87,195.62,34.24,25.18,321.46,461.36,0
2026-01-02 09:25:00,65.94,81.17,44.96,63.57,66.34,26.21,135.51,463.89,0
2026-01-02 09:30:00,78.41,44.18,57.68,129.34,19.86,21.2,311.62,457.66,0
2026-01-02 09:35:00,54.13,68.09,38.91,41.8,50.98,14.37,280.24,246.45,0
2026-01-02 09:40:00,72.42,72.25,55.49,154.14,41.33,7.52,169.03,161.3,0
2026-01-02 09:45:00,56.68,88.8,56.01,76.8,17.85,14.01,501.54,199.46,0
2026-01-02 09:50:00,59.65,39.47,82.95,57.52,13.47,34.84,207.8,453.2,0
2026-01-02 09:55:00,78.59,68.55,64.28,130.69,0.97,18.28,273.91,563.24,0
2026-01-02 10:00:00,22.14,48.47,78.47,81.46,44.71,13.72,0.0,460.1,0
2026-01-02 10:05:00,36.07,77.1,66.83,88.42,33.74,21.76,343.45,324.96,0
2026-01-02 10:10:00,32.36,81.99,53.43,129.45,18.48,15.6,164.16,601.5,0
2026-01-02 10:15:00,15.33,91.17,64.14,164.0,0.0,17.71,422.3,283.45,0
2026-01-02 10:20:00,48.43,58.37,73.67,74.99,43.65,12.04,13.99,177.78,0
2026-01-02 10:25:00,76.99,84.69,81.09,65.48,31.53,10.02,327.53,387.95,0
2026-01-02 10:30:00,56.3,92.5,59.88,121.29,20.73,26.95,0.0,543.78,0
2026-01-02 10:35:00,65.96,38.42,35.64,149.66,15.72,0.0,360.86,223.43,0
2026-01-02 10:40:00,83.78,79.02,34.52,200.45,30.23,20.74,218.54,94.28,0
2026-01-02 10:45:00,88.55,85.25,56.78,61.08,44.4,9.28,321.88,355.66,0
2026-01-02 10:50:00,60.62,63.34,24.59,102.51,28.4,0.0,141.97,465.72,0
2026-01-02 10:55:00,89.07,46.21,90.72,184.67,11.23,3.3,79.13,50.0,1
2026-01-02 11:00:00,63.84,84.97,71.55,228.52,33.84,14.57,171.79,496.61,0
2026-01-02 11:05:00,45.25,46.41,51.83,65.38,55.91,16.22,284.56,144.98,0
2026-01-02 11:10:00,50.11,64.79,44.25,79.37,35.81,23.88,353.78,458.72,0
2026-01-02 11:15:00,32.39,67.28,78.45,140.96,36.37,24.7,304.69,50.49,0
2026-01-02 11:20:00,44.24,80.88,44.18,88.22,28.49,0.0,81.38,128.77,0
2026-01-02 11:25:00,54.84,56.72,45.71,78.24,17.21,19.53,580.78,442.81,0
2026-01-02 11:30:00,78.07,55.68,49.74,133.45,16.54,23.74,309.91,532.37,0
2026-01-02 11:35:00,96.42,69.78,63.83,205.22,1.76,17.63,137.97,348.63,0
2026-01-02 11:40:00,34.36,86.12,71.93,47.98,58.62,21.03,326.36,709.3,0
2026-01-02 11:45:00,69.86,100.0,81.08,202.41,44.25,0.0,296.08,196.61,1
2026-01-02 11:50:00,41.19,40.87,78.72,88.39,36.65,3.12,218.44,194.69,0
2026-01-02 11:55:00,71.49,73.68,62.01,139.02,40.91,31.39,197.3,304.67,0
2026-01-02 12:00:00,59.38,48.44,78.33,207.5,41.79,11.64,427.28,297.53,0
2026-01-02 12:05:00,25.38,86.34,51.26,137.89,20.31,41.68,561.01,392.52,0
2026-01-02 12:10:00,80.57,51.11,32.87,103.64,28.49,0.0,0.0,238.57,0
2026-01-02 12:15:00,49.9,55.86,51.26,159.5,25.52,33.77,471.5,435.13,0
2026-01-02 12:20:00,51.32,57.39,49.1,110.48,85.23,7.67,253.59,431.54,0
2026-01-02 12:25:00,40.6,66.63,51.89,148.67,55.4,25.35,292.6,592.01,0
2026-01-02 12:30:00,48.91,73.82,46.65,108.74,38.36,11.46,493.3,276.43,0
2026-01-02 12:35:00,70.56,76.71,54.62,167.36,62.32,16.39,0.0,400.55,0
2026-01-02 12:40:00,58.22,67.9,71.92,43.32,59.79,22.15,396.66,440.88,0
2026-01-02 12:45:00,68.57,44.06,89.44,64.26,7.39,7.64,480.85,348.92,0
2026-01-02 12:50:00,69.24,81.1,34.39,42.51,30.54,24.61,126.05,318.25,0
2026-01-02 12:55:00,88.41,67.05,41.4,116.9,34.67,11.81,0.0,50.0,0
2026-01-02 13:00:00,55.14,88.91,49.34,35.88,47.23,17.14,545.19,362.51,0
2026-01-02 13:05:00,32.46,55.26,74.25,81.95,30.52,0.0,0.0,439.32,0
2026-01-02 13:10:00,83.34,39.16,58.72,59.09,33.03,10.95,325.36,341.33,0
2026-01-02 13:15:00,55.37,67.39,50.41,201.38,25.77,30.16,434.16,232.66,0
2026-01-02 13:20:00,84.29,91.33,73.47,65.51,55.98,23.34,321.39,98.12,0
2026-01-02 13:25:00,69.67,70.9,77.3,49.24,6.13,25.64,351.63,417.96,0
2026-01-02 13:30:00,59.38,64.41,61.7,133.66,26.45,15.64,202.3,354.97,0
2026-01-02 13:35:00,68.98,52.33,48.94,212.78,0.0,35.12,333.29,558.49,0
2026-01-02 13:40:00,100.0,99.64,66.32,113.62,14.41,18.46,122.48,132.59,0
2026-01-02 13:45:00,100.0,49.47,58.27,117.87,41.34,7.08,145.79,279.45,0
2026-01-02 13:50:00,63.39,54.94,58.14,190.99,41.72,25.26,256.4,151.8,0
2026-01-02 13:55:00,65.2,78.26,53.8,168.3,28.74,26.07,0.0,503.8,0
2026-01-02 14:00:00,83.52,34.59,76.8,143.4,57.48,22.56,353.87,535.86,0
2026-01-02 14:05:00,45.09,90.94,66.0,87.97,62.08,10.16,0.0,638.39,0
2026-01-02 14:10:00,68.66,79.24,78.57,145.08,33.62,18.38,315.31,428.21,0
2026-01-02 14:15:00,61.48,84.19,83.38,45.16,40.01,31.72,332.24,468.39,0
2026-01-02 14:20:00,68.28,78.05,69.34,85.7,25.95,20.73,106.99,415.41,0
2026-01-02 14:25:00,45.33,65.1,53.9,198.73,47.54,0.0,27.89,435.97,0
2026-01-02 14:30:00,30.21,48.86,78.65,191.61,11.12,7.45,176.53,357.36,0
2026-01-02 14:35:00,20.54,65.48,69.45,144.06,70.92,6.9,365.14,442.82,0
2026-01-02 14:40:00,39.65,50.45,103.65,13.89,57.8,5.95,312.23,671.0,0
2026-01-02 14:45:00,52.83,76.75,66.96,53.55,11.02,0.0,49.92,382.8,0
2026-01-02 14:50:00,56.14,82.52,73.16,82.63,19.22,37.69,269.02,353.6,0
2026-01-02 14:55:00,100.0,94.58,66.65,110.56,43.42,4.48,297.15,379.71,0
2026-01-02 15:00:00,84.12,74.69,60.41,51.23,28.23,5.35,289.52,327.64,0
2026-01-02 15:05:00,42.76,84.64,57.86,106.45,45.89,0.0,72.41,386.96,0
2026-01-02 15:10:00,68.95,62.65,66.71,217.2,27.81,25.4,278.03,322.55,0
2026-01-02 15:15:00,53.86,59.39,70.34,142.05,65.5,13.91,415.19,521.6,0
2026-01-02 15:20:00,56.31,76.53,80.47,132.04,35.17,10.79,346.65,506.61,0
2026-01-02 15:25:00,65.71,61.04,66.94,64.03,83.41,11.42,324.07,674.89,0
2026-01-02 15:30:00,74.38,72.85,54.59,29.86,47.05,22.05,545.68,346.47,0
2026-01-02 15:35:00,55.21,48.9,56.77,52.45,8.01,9.24,280.2,393.3,0
2026-01-02 15:40:00,83.28,52.13,40.83,27.63,76.73,0.0,98.46,387.05,0
2026-01-02 15:45:00,39.16,79.44,88.58,124.13,56.97,0.0,99.03,379.94,0
2026-01-02 15:50:00,62.13,83.96,53.34,141.11,42.6,0.0,281.68,519.5,0
2026-01-02 15:55:00,100.0,50.26,77.48,66.91,47.93,18.3,0.0,106.25,0
2026-01-02 16:00:00,66.46,80.07,66.42,128.14,11.22,26.16,194.02,419.11,0
2026-01-02 16:05:00,90.66,58.41,66.86,200.79,0.0,32.59,333.55,649.37,0
2026-01-02 16:10:00,63.83,68.3,60.12,227.67,34.17,0.0,460.81,554.44,0
2026-01-02 16:15:00,73.62,93.5,49.4,162.37,62.58,22.44,0.0,537.29,0
2026-01-02 16:20:00,60.86,82.53,46.5,110.38,42.91,7.62,267.83,476.31,0
2026-01-02 16:25:00,58.59,82.33,89.66,160.6,69.18,50.08,237.72,260.63,0
2026-01-02 16:30:00,46.41,100.0,63.82,194.35,61.42,31.6,256.75,237.52,0
2026-01-02 16:35:00,70.61,55.33,80.0,9.6,35.41,35.42,275.48,238.7,0
2026-01-02 16:40:00,44.97,50.25,84.16,201.51,58.68,24.63,244.3,179.23,0
2026-01-02 16:45:00,75.31,55.0,55.43,90.05,65.45,19.58,500.6,491.99,0
2026-01-02 16:50:00,83.71,63.42,68.78,90.58,33.4,10.17,473.92,570.25,0
2026-01-02 16:55:00,69.33,25.62,62.72,100.48,30.72,7.81,635.79,415.16,0
2026-01-02 17:00:00,56.28,64.27,43.48,137.6,37.81,5.4,248.1,470.72,0
2026-01-02 17:05:00,71.08,58.2,59.03,58.88,0.0,22.41,176.08,394.02,0
2026-01-02 17:10:00,55.83,82.11,71.4,104.34,40.61,33.72,75.8,435.31,0
2026-01-02 17:15:00,80.71,74.34,54.02,148.89,49.41,10.72,156.5,50.0,0
2026-01-02 17:20:00,25.37,57.19,56.8,132.02,37.89,6.33,378.62,397.2,0
2026-01-02 17:25:00,55.29,78.62,59.23,140.94,41.89,0.0,406.33,286.17,0
2026-01-02 17:30:00,22.18,81.02,95.78,102.18,34.13,17.94,371.59,343.98,0
2026-01-02 17:35:00,32.1,54.17,32.66,158.15,0.0,29.75,130.4,383.86,0
2026-01-02 17:40:00,89.28,59.13,70.03,178.1,68.25,30.35,131.37,242.66,0
2026-01-02 17:45:00,79.9,27.94,57.95,174.8,27.64,31.54,602.16,188.66,0
2026-01-02 17:50:00,47.61,48.37,51.75,143.52,22.64,19.98,100.24,238.11,0
2026-01-02 17:55:00,31.95,54.64,57.55,171.64,62.16,16.08,504.97,132.75,0
2026-01-02 18:00:00,5.0,69.33,72.68,167.91,54.57,30.39,322.82,176.72,0
2026-01-02 18:05:00,51.13,50.98,73.59,267.21,40.46,1.68,118.13,197.32,0
2026-01-02 18:10:00,100.0,58.76,64.98,186.99,50.39,9.71,36.79,134.74,0
2026-01-02 18:15:00,70.7,45.94,79.48,115.12,11.9,35.53,125.99,429.32,0
2026-01-02 18:20:00,50.81,71.08,82.3,69.86,33.38,2.1,325.17,214.93,0
2026-01-02 18:25:00,71.3,75.66,75.06,105.64,60.9,14.59,86.27,70.52,0
2026-01-02 18:30:00,30.78,75.24,53.26,101.75,21.46,22.58,529.79,289.81,0
2026-01-02 18:35:00,56.05,68.22,69.91,148.13,15.03,15.99,212.59,183.02,0
2026-01-02 18:40:00,63.99,40.26,69.99,81.49,36.57,28.79,376.08,568.86,0
2026-01-02 18:45:00,60.28,56.84,48.95,185.57,37.04,33.31,361.55,369.94,0
2026-01-02 18:50:00,77.82,60.67,36.89,43.57,47.95,20.76,541.94,129.43,0
2026-01-02 18:55:00,68.89,60.74,29.64,30.21,7.44,31.68,171.17,435.3,0
2026-01-02 19:00:00,75.37,69.35,63.12,112.57,0.0,3.86,269.09,362.75,0
2026-01-02 19:05:00,48.23,93.66,66.77,73.66,53.42,13.11,0.0,314.21,0
2026-01-02 19:10:00,79.96,82.62,43.09,50.8,13.34,43.86,268.57,586.19,0
2026-01-02 19:15:00,94.58,50.22,78.74,84.96,22.8,38.32,455.2,203.67,0
2026-01-02 19:20:00,42.6,80.21,64.44,78.12,0.0,0.0,289.5,505.27,0
2026-01-02 19:25:00,44.25,79.53,83.59,120.56,55.46,14.85,666.28,288.57,0
2026-01-02 19:30:00,88.72,53.49,67.93,85.87,42.01,16.63,343.55,347.25,0
2026-01-02 19:35:00,58.17,83.28,44.94,90.35,41.2,20.0,152.73,237.53,0
2026-01-02 19:40:00,90.08,65.11,69.33,119.73,41.07,30.29,332.04,247.09,0
2026-01-02 19:45:00,53.15,42.62,72.72,175.78,0.0,37.07,0.0,284.59,0
2026-01-02 19:50:00,91.1,76.19,53.24,200.89,15.3,15.45,106.18,64.89,0
2026-01-02 19:55:00,64.63,71.91,38.93,128.13,25.97,28.46,30.94,402.0,0
2026-01-02 20:00:00,67.16,63.9,63.6,132.4,20.03,22.78,252.9,367.23,0
2026-01-02 20:05:00,93.29,67.33,45.99,109.92,29.57,14.75,239.11,125.34,0
2026-01-02 20:10:00,54.76,55.06,79.93,146.47,39.92,0.0,466.92,448.99,0
2026-01-02 20:15:00,43.18,78.98,55.49,141.46,55.13,27.22,232.17,568.56,0
2026-01-02 20:20:00,53.03,67.22,89.59,192.92,5.4,22.26,69.55,250.32,0
2026-01-02 20:25:00,71.05,71.0,28.01,16.12,34.82,19.68,530.68,232.28,0
2026-01-02 20:30:00,30.68,74.43,64.16,107.1,49.23,3.22,0.0,517.01,0
2026-01-02 20:35:00,74.75,47.22,84.87,138.66,16.52,38.51,256.92,410.49,0
2026-01-02 20:40:00,51.22,51.9,47.76,118.55,31.14,16.83,289.17,329.61,0
2026-01-02 20:45:00,84.96,28.22,59.45,68.35,44.33,1.3,248.15,472.18,0
2026-01-02 20:50:00,14.11,78.17,55.55,48.53,35.22,0.0,340.02,391.12,0
2026-01-02 20:55:00,46.27,46.18,51.06,164.35,48.48,23.13,269.92,564.28,0
2026-01-02 21:00:00,28.27,70.39,65.91,78.37,36.89,23.49,339.94,347.49,0
2026-01-02 21:05:00,45.48,74.68,41.27,23.48,28.76,9.44,141.6,413.97,0
2026-01-02 21:10:00,66.95,78.84,60.22,167.11,11.55,20.55,0.0,514.71,0
2026-01-02 21:15:00,58.42,46.33,70.26,145.24,39.94,23.01,241.66,50.0,0
2026-01-02 21:20:00,56.93,66.83,58.56,113.63,37.0,16.68,65.23,520.14,0
2026-01-02 21:25:00,58.82,98.07,46.0,69.7,15.14,6.58,118.87,274.23,0
2026-01-02 21:30:00,66.07,98.86,78.48,113.76,46.64,26.54,459.07,424.99,0
2026-01-02 21:35:00,41.83,85.77,73.68,186.86,60.36,25.05,530.44,599.62,0
2026-01-02 21:40:00,76.14,74.07,45.34,31.19,21.8,21.81,455.69,304.12,0
2026-01-02 21:45:00,75.25,49.91,41.29,33.98,20.45,5.0,422.33,281.67,0
2026-01-02 21:50:00,69.7,80.94,46.77,85.47,19.72,0.0,260.79,341.79,0
2026-01-02 21:55:00,73.13,65.16,70.72,118.53,1.43,15.92,432.78,132.16,0
2026-01-02 22:00:00,67.93,78.09,66.41,92.7,75.09,26.15,314.01,679.87,0
2026-01-02 22:05:00,100.0,56.61,74.64,155.35,26.02,27.48,600.55,343.62,0
2026-01-02 22:10:00,60.26,64.89,56.78,179.89,17.83,22.01,84.74,596.84,0
2026-01-02 22:15:00,55.86,70.95,47.2,135.33,12.46,9.59,371.07,300.02,0
2026-01-02 22:20:00,46.93,72.43,76.7,150.82,27.24,5.35,22.43,355.1,0
2026-01-02 22:25:00,41.35,76.89,53.14,134.97,21.1,14.8,372.1,491.64,0
2026-01-02 22:30:00,37.11,57.57,64.98,120.52,63.76,14.91,0.0,184.67,0
2026-01-02 22:35:00,44.22,43.82,37.2,48.85,10.03,28.29,31.56,334.62,0
2026-01-02 22:40:00,60.59,97.25,52.88,63.46,4.23,9.24,19.13,486.02,0
2026-01-02 22:45:00,68.69,100.0,78.15,45.7,46.04,10.24,295.38,318.04,0
2026-01-02 22:50:00,63.02,76.05,50.54,111.83,32.86,39.66,313.81,277.54,0
2026-01-02 22:55:00,46.69,44.17,75.03,132.78,30.54,33.61,691.09,517.28,0
2026-01-02 23:00:00,80.0,54.08,24.7,40.29,46.19,4.41,233.57,560.17,0
2026-01-02 23:05:00,76.79,77.16,53.05,123.99,37.73,32.63,389.06,584.02,0
2026-01-02 23:10:00,58.81,92.14,59.26,71.86,34.06,1.54,278.96,248.75,0
2026-01-02 23:15:00,48.94,46.17,89.88,61.19,6.89,9.79,374.0,263.1,0
2026-01-02 23:20:00,72.97,65.76,43.29,85.61,1.64,11.16,275.86,279.26,0
2026-01-02 23:25:00,65.76,71.53,72.74,58.37,20.99,14.07,447.93,457.78,0
2026-01-02 23:30:00,33.04,83.56,78.91,153.37,13.31,22.44,60.52,170.48,0
2026-01-02 23:35:00,60.64,61.82,50.46,110.76,40.38,16.28,0.0,178.95,0
2026-01-02 23:40:00,67.24,39.85,56.02,164.84,0.0,22.38,325.13,242.85,0
2026-01-02 23:45:00,44.01,79.18,64.27,95.61,26.06,10.18,0.0,209.27,0
2026-01-02 23:50:00,65.8,88.25,38.3,97.69,31.54,19.49,486.11,482.65,0
2026-01-02 23:55:00,32.9,66.51,54.72,223.04,34.21,15.95,151.34,472.55,0
2026-01-03 00:00:00,88.72,75.29,82.42,30.73,42.98,0.0,63.12,277.75,1
2026-01-03 00:05:00,86.96,59.46,70.36,190.65,28.47,20.8,736.09,320.92,0
2026-01-03 00:10:00,56.95,52.78,59.49,211.0,21.65,16.15,246.68,50.0,0
2026-01-03 00:15:00,69.27,86.48,63.81,162.12,59.89,6.43,212.18,281.39,0
2026-01-03 00:20:00,13.8,74.97,71.29,101.82,28.6,9.9,384.64,536.59,0
2026-01-03 00:25:00,38.87,76.83,74.36,198.48,63.38,10.2,396.78,273.23,0
2026-01-03 00:30:00,56.12,95.04,53.1,102.3,28.5,12.06,455.04,186.12,0
2026-01-03 00:35:00,40.56,49.01,86.56,81.18,34.67,36.11,10.06,556.43,0
2026-01-03 00:40:00,76.29,58.06,83.06,98.65,32.23,40.08,346.5,182.83,0
2026-01-03 00:45:00,100.0,70.84,72.84,88.64,39.62,0.0,197.23,581.91,0
2026-01-03 00:50:00,38.47,57.84,48.51,67.94,26.6,20.86,84.21,783.19,0
2026-01-03 00:55:00,45.25,82.1,45.68,181.05,36.92,26.46,258.66,333.59,0
2026-01-03 01:00:00,66.71,64.63,56.77,77.46,65.62,12.41,0.0,536.57,0
2026-01-03 01:05:00,94.22,50.13,62.97,118.37,55.98,26.14,416.13,99.66,0
2026-01-03 01:10:00,37.55,69.18,33.7,40.59,56.11,34.85,197.68,93.06,0
2026-01-03 01:15:00,66.98,71.07,69.92,121.69,8.16,0.0,164.05,230.49,0
2026-01-03 01:20:00,98.43,84.82,82.6,56.42,11.4,16.61,225.22,473.36,1
2026-01-03 01:25:00,28.96,75.08,71.22,55.07,39.36,38.48,219.85,350.26,0
2026-01-03 01:30:00,36.38,76.3,51.18,113.99,50.41,0.15,455.32,322.04,0
2026-01-03 01:35:00,53.53,73.77,49.29,178.13,24.62,13.62,52.77,156.37,0
2026-01-03 01:40:00,51.59,64.61,66.8,144.22,21.05,9.62,181.2,330.9,0
2026-01-03 01:45:00,78.25,55.11,59.55,148.0,62.88,27.62,211.02,253.46,0
2026-01-03 01:50:00,66.83,73.2,69.09,112.85,48.72,29.29,58.27,211.63,0
2026-01-03 01:55:00,26.5,62.0,71.63,101.54,56.16,16.95,278.68,198.9,0
2026-01-03 02:00:00,72.31,98.42,79.47,163.51,26.17,15.39,119.7,378.79,0
2026-01-03 02:05:00,50.45,92.16,43.89,89.03,24.6,0.0,0.0,241.95,0
2026-01-03 02:10:00,87.49,79.39,65.55,165.89,53.98,32.08,344.72,349.02,0
2026-01-03 02:15:00,49.45,74.81,56.18,187.98,29.75,10.76,528.51,84.65,0
2026-01-03 02:20:00,49.27,66.42,60.42,73.72,22.78,13.29,258.72,425.47,0
2026-01-03 02:25:00,72.82,45.3,75.83,81.81,16.74,26.66,231.41,386.11,0
2026-01-03 02:30:00,77.26,64.11,77.57,89.99,24.77,17.37,227.59,315.29,0
2026-01-03 02:35:00,70.96,69.83,84.38,39.32,52.5,27.05,157.13,374.23,0
2026-01-03 02:40:00,28.29,72.13,68.81,94.18,4.81,22.24,460.62,490.13,0
2026-01-03 02:45:00,72.76,76.45,60.24,191.58,47.58,17.45,266.93,132.68,0
2026-01-03 02:50:00,41.31,84.58,57.95,62.49,20.84,18.73,0.0,360.0,0
2026-01-03 02:55:00,66.71,55.54,34.24,192.89,30.79,1.53,465.81,154.23,0
2026-01-03 03:00:00,33.53,55.7,83.44,96.16,32.08,13.21,421.69,363.14,0
2026-01-03 03:05:00,70.93,94.12,56.85,236.27,30.59,28.01,358.29,311.17,1
2026-01-03 03:10:00,45.87,81.88,70.09,82.5,29.26,4.22,0.0,346.26,0
2026-01-03 03:15:00,36.35,60.97,72.86,112.08,26.11,6.42,249.47,477.26,0
2026-01-03 03:20:00,76.28,66.07,42.07,69.94,23.57,4.44,410.82,472.78,0
2026-01-03 03:25:00,66.83,66.15,47.23,82.18,61.4,16.84,318.31,513.01,0
2026-01-03 03:30:00,49.72,68.57,86.75,193.6,35.5,31.83,286.93,290.54,0
2026-01-03 03:35:00,91.02,76.51,66.65,146.1,32.48,21.57,411.19,455.48,0
2026-01-03 03:40:00,53.19,100.0,52.71,176.58,22.11,0.0,275.08,426.0,0
2026-01-03 03:45:00,62.64,71.42,59.98,47.64,26.84,22.78,466.65,294.32,0
2026-01-03 03:50:00,67.38,79.93,79.38,156.02,22.18,9.69,279.12,367.58,0
2026-01-03 03:55:00,49.61,37.64,76.95,66.57,50.31,21.11,264.79,330.17,0
2026-01-03 04:00:00,71.42,59.27,38.54,46.45,19.93,13.21,410.63,559.23,0
2026-01-03 04:05:00,51.33,90.12,88.15,133.13,0.0,4.67,178.25,471.53,0
2026-01-03 04:10:00,53.77,75.24,77.46,132.57,36.17,14.14,52.5,299.62,0
2026-01-03 04:15:00,89.25,10.0,59.56,122.93,29.41,9.7,250.68,289.18,0
2026-01-03 04:20:00,41.19,80.13,42.93,159.47,23.28,18.69,356.27,493.64,0
2026-01-03 04:25:00,13.74,100.0,78.86,168.05,53.23,4.37,416.57,551.0,0
2026-01-03 04:30:00,94.22,32.07,69.62,200.84,0.0,1.5,417.56,397.33,0
2026-01-03 04:35:00,100.0,95.35,38.68,54.53,66.52,23.78,237.64,448.79,0
2026-01-03 04:40:00,53.89,18.1,58.29,202.61,56.09,28.31,219.15,545.47,0
2026-01-03 04:45:00,23.26,84.88,105.0,223.53,22.44,21.96,143.42,323.78,0
2026-01-03 04:50:00,55.79,67.84,62.26,99.86,25.98,7.21,294.98,362.52,0
2026-01-03 04:55:00,56.28,25.7,50.13,28.23,45.09,6.12,0.0,423.01,0
2026-01-03 05:00:00,58.2,76.03,45.86,43.91,45.62,6.81,254.1,285.65,0
2026-01-03 05:05:00,39.73,88.72,90.35,94.6,22.32,25.68,762.94,604.86,0
2026-01-03 05:10:00,73.59,74.55,75.56,230.78,2.66,5.1,0.0,284.3,0
2026-01-03 05:15:00,72.49,78.53,84.52,120.94,77.27,25.61,278.23,359.19,0
2026-01-03 05:20:00,32.11,60.59,65.97,86.05,54.12,22.64,318.01,637.46,0
2026-01-03 05:25:00,75.98,34.49,82.06,82.3,38.14,29.85,341.16,70.73,0
2026-01-03 05:30:00,100.0,80.45,48.43,47.25,38.52,27.76,76.0,382.39,0
2026-01-03 05:35:00,65.44,99.5,64.6,168.1,47.43,21.51,342.81,250.92,0
2026-01-03 05:40:00,55.25,88.33,66.59,114.94,49.82,0.0,153.79,350.03,0
2026-01-03 05:45:00,59.16,32.22,84.12,235.49,0.0,22.32,0.0,169.12,0
2026-01-03 05:50:00,74.31,40.73,67.1,154.55,27.98,16.39,421.35,294.37,0
2026-01-03 05:55:00,27.39,52.77,51.99,165.65,25.9,10.52,369.63,353.72,0
2026-01-03 06:00:00,65.29,39.33,63.03,106.68,31.77,31.35,76.02,385.75,0
2026-01-03 06:05:00,54.19,68.8,35.18,59.99,50.42,13.18,152.12,484.35,0
2026-01-03 06:10:00,98.96,75.08,24.86,71.95,0.0,8.65,145.6,50.0,0
2026-01-03 06:15:00,58.52,42.26,75.3,44.69,8.02,28.49,0.0,331.12,0
2026-01-03 06:20:00,95.36,81.99,56.0,170.07,21.37,10.14,387.24,323.8,0
2026-01-03 06:25:00,39.93,78.82,57.82,98.83,38.09,8.05,393.99,340.36,0
2026-01-03 06:30:00,73.75,58.13,75.3,172.39,51.64,1.47,190.13,354.84,0
2026-01-03 06:35:00,68.39,64.89,84.35,127.48,67.63,5.16,244.94,225.48,0
2026-01-03 06:40:00,44.62,32.9,70.55,103.89,29.27,6.19,270.65,117.95,0
2026-01-03 06:45:00,65.55,62.02,92.85,55.67,51.61,22.45,293.99,382.57,0
2026-01-03 06:50:00,86.25,68.13,70.04,136.59,49.2,2.77,7.44,200.86,0
2026-01-03 06:55:00,55.52,71.04,66.84,107.98,45.83,0.0,337.92,410.41,0
2026-01-03 07:00:00,28.16,74.82,65.85,169.62,34.51,18.64,38.41,209.42,0
2026-01-03 07:05:00,61.65,72.4,41.43,80.65,27.01,7.39,372.65,453.91,0
2026-01-03 07:10:00,43.95,63.24,77.3,153.89,13.69,14.8,58.32,341.83,0
2026-01-03 07:15:00,55.15,73.15,22.87,210.25,12.37,30.39,15.98,352.24,0
2026-01-03 07:20:00,60.37,86.04,52.62,134.99,41.94,15.86,244.95,313.05,0
2026-01-03 07:25:00,27.89,66.28,62.37,163.19,33.91,33.12,240.91,289.0,0
2026-01-03 07:30:00,29.69,73.72,49.36,151.45,26.69,14.18,268.67,315.05,0
2026-01-03 07:35:00,71.64,64.65,54.77,224.4,48.3,27.08,89.31,527.25,0
2026-01-03 07:40:00,51.55,56.36,91.43,140.44,30.99,8.43,286.51,119.84,0
2026-01-03 07:45:00,10.71,77.41,79.66,158.5,16.74,16.29,303.46,252.78,0
2026-01-03 07:50:00,77.7,58.01,51.03,118.0,29.67,3.8,459.83,508.5,0
2026-01-03 07:55:00,67.45,74.95,54.49,77.41,51.41,5.23,283.31,472.97,0
2026-01-03 08:00:00,47.72,68.51,41.57,53.55,14.53,12.3,142.11,551.53,0
2026-01-03 08:05:00,35.66,62.53,73.28,189.68,39.19,0.0,7.53,341.11,0
2026-01-03 08:10:00,78.72,62.09,58.0,64.54,33.89,16.91,0.0,152.26,0
2026-01-03 08:15:00,68.99,58.85,30.54,161.02,19.78,11.37,308.14,183.82,0
2026-01-03 08:20:00,100.0,38.38,63.61,142.88,29.13,17.81,392.78,305.19,0
2026-01-03 08:25:00,70.4,74.89,69.02,170.48,3.57,0.0,89.76,464.1,0
2026-01-03 08:30:00,69.75,72.17,77.41,91.69,37.19,23.42,295.95,311.8,0
2026-01-03 08:35:00,58.66,83.29,60.83,76.51,7.71,35.37,218.64,300.25,0
2026-01-03 08:40:00,78.34,58.43,56.04,140.81,56.45,32.84,379.29,409.54,0
2026-01-03 08:45:00,74.5,100.0,93.78,103.92,33.16,37.85,405.89,354.16,0
2026-01-03 08:50:00,87.03,61.16,62.11,52.29,23.56,15.51,0.0,283.91,0
2026-01-03 08:55:00,51.57,52.25,73.51,226.62,58.21,10.77,435.78,199.77,0
2026-01-03 09:00:00,53.29,50.11,53.37,76.47,14.36,20.85,295.4,492.04,0
2026-01-03 09:05:00,52.42,36.79,73.04,65.35,20.05,12.14,154.36,507.17,0
2026-01-03 09:10:00,77.82,95.59,38.71,106.68,0.0,0.0,159.38,191.35,0
2026-01-03 09:15:00,91.97,92.68,54.61,188.91,61.19,24.83,255.71,289.61,0
2026-01-03 09:20:00,52.82,78.81,42.67,5.0,72.46,12.19,159.33,450.05,0
2026-01-03 09:25:00,53.5,51.87,52.32,184.34,1.53,0.0,81.34,179.35,0
2026-01-03 09:30:00,68.28,100.0,82.01,69.87,18.68,8.9,122.6,404.78,0
2026-01-03 09:35:00,57.08,61.67,52.2,134.55,36.4,12.46,62.77,301.03,0
2026-01-03 09:40:00,81.04,63.16,73.49,82.82,24.69,15.14,492.38,167.49,0
2026-01-03 09:45:00,16.96,93.87,86.28,229.56,34.37,15.29,260.06,616.6,1
2026-01-03 09:50:00,45.47,79.86,61.56,126.85,32.65,31.43,655.51,298.78,0
2026-01-03 09:55:00,46.35,100.0,77.9,81.05,43.15,0.0,316.79,428.65,0
2026-01-03 10:00:00,15.59,72.48,70.5,103.44,15.78,13.17,356.0,181.82,0
2026-01-03 10:05:00,42.73,60.85,63.86,124.93,38.85,4.45,58.91,582.85,0
2026-01-03 10:10:00,43.7,56.99,74.01,129.77,12.68,30.07,210.72,642.11,0
2026-01-03 10:15:00,57.98,34.75,91.44,144.13,26.76,8.26,263.08,124.67,0
2026-01-03 10:20:00,84.26,62.99,51.8,119.92,0.26,10.87,135.3,325.32,0
2026-01-03 10:25:00,57.1,88.6,46.65,44.26,26.91,27.6,166.34,549.18,0
2026-01-03 10:30:00,41.38,78.78,45.71,101.29,23.55,30.9,325.63,279.74,0
2026-01-03 10:35:00,60.86,68.37,77.91,153.37,53.87,32.67,329.16,411.39,0
2026-01-03 10:40:00,82.98,50.09,80.07,83.16,33.81,0.0,9.35,97.95,0
2026-01-03 10:45:00,42.48,72.08,53.41,157.0,37.45,20.79,301.07,231.75,0
2026-01-03 10:50:00,43.79,86.23,27.82,121.74,34.55,18.24,349.54,395.76,0
2026-01-03 10:55:00,73.17,75.75,51.2,108.02,0.0,14.39,143.75,261.58,0
2026-01-03 11:00:00,57.57,71.0,70.77,185.68,0.0,15.8,125.46,295.92,0
2026-01-03 11:05:00,74.95,53.65,60.93,24.4,28.63,30.43,329.46,122.66,0
2026-01-03 11:10:00,61.73,83.61,64.89,82.86,40.57,27.46,0.0,448.11,0
2026-01-03 11:15:00,76.03,11.63,53.63,187.78,30.3,25.76,250.38,149.06,0
2026-01-03 11:20:00,41.3,74.89,78.23,220.65,17.72,17.48,544.2,581.1,0
2026-01-03 11:25:00,61.76,100.0,67.49,245.73,30.19,42.25,0.0,247.6,1
2026-01-03 11:30:00,57.79,40.85,71.38,122.77,28.46,10.19,398.12,470.11,0
2026-01-03 11:35:00,37.68,63.66,64.55,145.18,50.58,0.0,348.0,455.33,0
2026-01-03 11:40:00,30.73,67.86,70.39,164.96,49.46,11.82,0.0,202.24,0
2026-01-03 11:45:00,75.71,59.67,69.34,190.13,23.93,15.69,343.69,263.64,0
2026-01-03 11:50:00,54.98,86.65,47.15,137.22,34.0,30.64,430.26,281.38,0
2026-01-03 11:55:00,41.55,76.5,67.97,170.94,40.52,8.87,38.21,291.55,0
2026-01-03 12:00:00,60.08,70.74,74.66,145.29,43.49,20.89,122.7,155.35,0
2026-01-03 12:05:00,84.56,82.35,80.48,148.72,68.05,0.0,254.7,430.08,0
2026-01-03 12:10:00,16.39,68.3,68.66,69.49,34.44,27.98,425.98,246.69,0
2026-01-03 12:15:00,32.07,100.0,46.56,101.89,58.37,15.82,152.6,332.87,0
2026-01-03 12:20:00,43.54,70.72,49.02,91.25,11.8,11.63,242.42,500.95,0
2026-01-03 12:25:00,91.22,71.52,55.04,54.61,22.25,40.58,130.32,435.77,0
2026-01-03 12:30:00,67.65,37.21,65.03,29.16,0.0,27.84,254.42,256.8,0
2026-01-03 12:35:00,77.35,58.22,60.04,96.7,38.03,2.52,438.4,506.14,0
2026-01-03 12:40:00,39.2,88.65,44.02,105.49,47.95,13.69,269.06,449.83,0
2026-01-03 12:45:00,39.61,43.96,43.92,125.78,0.0,47.84,185.66,244.12,0
2026-01-03 12:50:00,70.96,29.16,28.42,150.57,38.77,38.75,244.1,272.89,0
2026-01-03 12:55:00,63.17,68.58,20.0,130.35,47.08,26.08,105.89,500.08,0
2026-01-03 13:00:00,72.97,92.67,59.89,105.87,45.94,0.0,71.01,466.8,0
2026-01-03 13:05:00,58.25,68.76,99.12,69.67,11.08,30.99,466.62,124.62,0
2026-01-03 13:10:00,67.56,61.95,90.75,168.24,50.46,7.38,544.79,199.16,0
2026-01-03 13:15:00,65.16,34.55,46.35,114.4,35.19,30.88,0.0,454.31,0
2026-01-03 13:20:00,77.56,76.14,64.4,96.14,46.82,6.33,354.78,173.84,0
2026-01-03 13:25:00,78.14,79.9,38.57,109.75,32.48,20.87,404.61,470.74,0
2026-01-03 13:30:00,29.6,35.93,41.01,79.7,42.62,7.32,31.9,640.37,0
2026-01-03 13:35:00,17.05,88.42,42.84,90.81,57.18,10.64,165.08,405.99,0
2026-01-03 13:40:00,82.03,81.78,58.39,89.06,30.92,22.47,146.13,211.55,0
2026-01-03 13:45:00,85.75,88.38,59.08,104.2,40.68,0.0,592.17,376.48,0
2026-01-03 13:50:00,41.59,78.5,66.04,156.07,60.0,43.47,547.44,505.19,0
2026-01-03 13:55:00,24.8,79.77,72.61,142.39,32.34,2.67,84.19,364.84,0
2026-01-03 14:00:00,63.98,77.37,56.61,205.07,12.49,2.0,0.0,422.58,0
2026-01-03 14:05:00,80.62,83.63,62.58,186.65,48.52,22.5,389.14,230.09,0
2026-01-03 14:10:00,97.95,35.26,44.5,227.6,63.7,30.5,347.91,241.45,0
2026-01-03 14:15:00,72.33,40.98,40.49,150.75,60.78,11.12,473.92,485.91,0
2026-01-03 14:20:00,54.57,54.75,38.02,149.87,49.3,2.14,59.37,243.19,0
2026-01-03 14:25:00,44.14,65.66,72.39,93.19,0.0,3.93,380.24,50.0,0
2026-01-03 14:30:00,62.23,74.99,56.59,165.43,22.28,2.64,118.28,304.05,0
2026-01-03 14:35:00,56.01,73.84,32.06,83.91,23.31,18.7,362.17,397.13,0
2026-01-03 14:40:00,41.7,88.11,60.99,39.12,35.9,14.16,243.32,508.78,0
2026-01-03 14:45:00,100.0,88.67,42.02,203.95,68.77,20.11,592.11,596.87,0
2026-01-03 14:50:00,97.7,52.3,88.57,51.3,13.39,19.38,330.53,362.7,1
2026-01-03 14:55:00,84.72,72.29,52.74,144.14,79.84,24.89,193.48,448.79,0
2026-01-03 15:00:00,43.58,52.74,72.9,71.58,27.35,10.08,274.83,368.09,0
2026-01-03 15:05:00,79.1,64.61,79.42,181.97,19.66,6.14,231.91,403.11,0
2026-01-03 15:10:00,74.79,73.79,46.72,189.46,51.9,16.88,42.2,321.97,0
2026-01-03 15:15:00,70.85,10.0,63.22,149.1,53.49,14.34,596.48,407.97,0
2026-01-03 15:20:00,86.99,100.0,70.86,188.55,48.0,18.04,537.77,240.51,0
2026-01-03 15:25:00,74.71,78.2,63.85,120.4,19.61,6.46,218.27,647.01,0
2026-01-03 15:30:00,76.8,57.28,67.78,242.88,45.04,22.71,375.98,50.0,0
2026-01-03 15:35:00,74.74,100.0,40.73,161.04,14.33,0.86,619.26,435.63,0
2026-01-03 15:40:00,68.82,61.75,70.86,70.47,19.06,9.72,472.64,397.93,0
2026-01-03 15:45:00,26.33,70.39,54.22,123.83,33.1,28.55,194.67,405.69,0
2026-01-03 15:50:00,63.67,59.23,67.59,111.61,18.6,1.42,234.17,172.58,0
2026-01-03 15:55:00,50.88,97.74,76.72,106.23,56.05,27.6,0.0,98.28,0
2026-01-03 16:00:00,36.4,66.11,72.7,28.86,23.44,0.0,389.46,440.87,0
2026-01-03 16:05:00,95.64,70.69,67.58,141.28,30.59,0.0,473.71,551.15,0
2026-01-03 16:10:00,96.58,89.67,72.27,43.78,17.4,0.0,474.95,383.03,0
2026-01-03 16:15:00,89.18,78.53,73.01,5.0,55.75,16.4,376.19,470.79,0
2026-01-03 16:20:00,67.1,67.02,85.93,101.08,21.68,23.76,313.42,281.28,0
2026-01-03 16:25:00,89.01,87.99,61.46,78.43,57.84,30.51,70.39,399.74,0
2026-01-03 16:30:00,62.24,100.0,64.62,72.62,56.37,29.55,307.55,533.85,0
2026-01-03 16:35:00,66.06,73.71,76.91,5.0,26.08,25.35,136.3,302.97,0
2026-01-03 16:40:00,40.13,70.1,54.15,73.2,35.59,5.02,344.53,527.86,0
2026-01-03 16:45:00,69.94,71.07,40.64,110.45,25.53,4.91,112.5,104.81,0
2026-01-03 16:50:00,63.21,91.59,69.89,85.12,45.91,24.45,343.39,258.05,0
2026-01-03 16:55:00,35.95,57.21,58.7,141.3,31.11,32.06,488.16,431.89,0
2026-01-03 17:00:00,60.98,62.99,42.68,196.6,26.65,2.63,317.89,635.42,0
2026-01-03 17:05:00,60.41,40.33,70.01,148.4,35.92,30.53,309.12,352.14,0
2026-01-03 17:10:00,97.95,46.69,84.9,176.45,3.36,0.0,414.34,194.91,1
2026-01-03 17:15:00,79.88,58.68,35.92,181.0,33.48,19.68,568.66,632.01,0
2026-01-03 17:20:00,62.23,66.99,78.36,63.96,47.99,13.75,230.69,331.08,0
2026-01-03 17:25:00,66.98,99.84,21.41,144.15,37.76,12.55,343.78,449.72,0
2026-01-03 17:30:00,62.88,77.65,55.6,174.73,54.03,15.38,522.02,299.84,0
2026-01-03 17:35:00,57.94,51.58,91.45,96.02,27.45,4.76,370.47,371.34,0
2026-01-03 17:40:00,40.35,54.9,56.75,76.52,25.81,20.35,0.0,265.68,0
2026-01-03 17:45:00,58.98,92.75,63.44,149.17,12.65,15.73,121.19,688.65,0
2026-01-03 17:50:00,47.08,88.28,74.21,38.51,26.89,26.22,385.19,528.68,0
2026-01-03 17:55:00,36.99,68.51,34.54,60.16,74.32,34.08,177.97,615.22,0
2026-01-03 18:00:00,72.22,60.03,63.15,83.33,40.51,16.52,509.26,231.73,0
2026-01-03 18:05:00,69.83,88.25,63.03,144.78,23.29,5.18,584.43,76.25,0
2026-01-03 18:10:00,26.27,50.12,91.8,132.04,14.88,1.35,143.76,306.06,0
2026-01-03 18:15:00,59.55,75.06,42.23,176.78,3.03,35.38,64.15,727.47,0
2026-01-03 18:20:00,81.91,100.0,55.9,69.3,18.39,33.84,184.99,301.72,0
2026-01-03 18:25:00,83.18,71.7,47.15,66.35,50.18,25.65,174.59,507.77,0
2026-01-03 18:30:00,82.52,54.04,45.45,148.82,26.46,15.72,526.5,196.27,0
2026-01-03 18:35:00,62.78,75.39,80.04,76.07,15.84,24.78,63.64,225.65,0
2026-01-03 18:40:00,45.1,59.54,62.43,86.81,18.04,30.65,383.64,338.03,0
2026-01-03 18:45:00,40.33,42.91,53.11,17.88,47.99,7.58,499.81,666.45,0
2026-01-03 18:50:00,68.89,80.62,53.71,136.0,33.37,15.36,397.46,515.03,0
2026-01-03 18:55:00,69.59,88.12,52.99,204.77,22.46,1.73,328.56,50.0,0
2026-01-03 19:00:00,87.75,62.4,54.42,63.39,28.83,13.45,220.8,450.01,0
2026-01-03 19:05:00,84.0,61.21,41.77,176.19,79.12,33.53,582.82,177.69,0
2026-01-03 19:10:00,59.36,50.69,57.86,116.73,59.39,27.94,205.85,247.77,0
2026-01-03 19:15:00,37.12,65.3,56.25,22.9,64.37,16.62,420.69,426.56,0
2026-01-03 19:20:00,55.62,57.88,49.88,70.79,0.0,0.0,221.43,559.77,0
2026-01-03 19:25:00,66.34,49.8,64.48,67.39,31.98,7.13,0.0,552.39,0
2026-01-03 19:30:00,57.96,100.0,65.84,102.59,22.1,16.23,201.46,399.73,0
2026-01-03 19:35:00,50.44,76.4,53.09,143.07,45.88,12.41,221.87,401.84,0
2026-01-03 19:40:00,67.06,78.3,59.69,221.69,56.2,15.39,224.19,551.93,0
2026-01-03 19:45:00,51.92,83.9,96.54,41.29,41.53,17.91,131.14,113.67,0
2026-01-03 19:50:00,49.44,81.88,95.93,93.34,17.55,8.6,362.64,624.1,0
2026-01-03 19:55:00,68.23,60.56,45.13,70.72,21.78,14.91,382.68,239.6,0
2026-01-03 20:00:00,53.96,72.91,47.37,50.26,47.41,13.21,194.95,389.09,0
2026-01-03 20:05:00,66.88,63.16,45.05,125.25,49.4,6.56,193.44,275.56,0
2026-01-03 20:10:00,67.46,75.89,78.91,120.08,37.82,37.16,60.88,176.6,0
2026-01-03 20:15:00,39.21,74.15,55.62,20.24,37.6,9.28,295.79,419.24,0
2026-01-03 20:20:00,52.38,61.11,65.83,121.0,36.0,0.0,498.03,385.48,0
2026-01-03 20:25:00,90.76,44.07,93.95,53.7,40.38,36.4,498.15,334.19,1
2026-01-03 20:30:00,38.76,70.63,61.83,120.65,49.32,4.84,142.15,327.1,0
2026-01-03 20:35:00,19.67,64.32,73.3,189.82,47.6,25.8,608.41,578.89,0
2026-01-03 20:40:00,24.76,33.97,70.33,145.47,35.47,6.83,184.81,678.92,0
2026-01-03 20:45:00,62.58,77.14,52.59,129.76,34.02,21.83,67.13,537.94,0
2026-01-03 20:50:00,62.62,85.38,78.95,90.92,33.25,14.42,4.87,391.61,0
2026-01-03 20:55:00,59.65,100.0,48.4,123.68,19.39,27.0,56.27,104.41,0
2026-01-03 21:00:00,86.28,60.96,83.44,150.98,19.14,12.44,310.07,444.07,1
2026-01-03 21:05:00,8.54,58.3,52.6,145.53,45.88,7.14,203.66,450.71,0
2026-01-03 21:10:00,69.92,48.03,54.35,114.54,20.74,18.08,136.24,465.7,0
2026-01-03 21:15:00,93.23,71.76,44.58,131.96,51.28,10.41,97.47,178.85,0
2026-01-03 21:20:00,39.44,71.64,47.21,47.59,33.97,0.0,54.5,477.51,0
2026-01-03 21:25:00,54.4,53.4,55.17,79.61,51.39,7.78,89.82,584.24,0
2026-01-03 21:30:00,46.94,64.85,23.1,158.92,47.74,49.43,432.77,202.61,0
2026-01-03 21:35:00,44.11,32.38,58.27,166.31,51.86,0.0,574.6,452.7,0
2026-01-03 21:40:00,55.47,84.67,53.87,125.15,25.47,17.89,585.73,228.23,0
2026-01-03 21:45:00,90.55,54.13,74.64,201.34,43.18,12.09,373.68,334.36,0
2026-01-03 21:50:00,98.75,67.38,68.77,147.94,49.76,37.04,161.39,207.7,0
2026-01-03 21:55:00,55.28,42.32,50.68,107.18,3.97,1.67,129.79,297.39,0
2026-01-03 22:00:00,100.0,57.52,54.66,52.91,69.03,16.22,386.11,298.56,0
2026-01-03 22:05:00,62.71,62.97,58.25,199.13,80.32,23.23,205.66,411.84,0
2026-01-03 22:10:00,97.07,67.8,85.78,162.37,53.95,12.85,324.14,483.55,1
2026-01-03 22:15:00,60.13,76.64,48.84,218.91,51.12,5.79,597.48,532.43,0
2026-01-03 22:20:00,64.62,93.9,50.48,239.18,46.78,14.73,289.03,252.21,1
2026-01-03 22:25:00,69.31,81.19,43.94,49.22,28.53,11.29,660.01,403.98,0
2026-01-03 22:30:00,100.0,85.32,38.29,49.36,32.8,11.25,47.16,185.28,0
2026-01-03 22:35:00,79.03,94.03,66.91,5.0,54.29,26.17,330.54,333.4,0
2026-01-03 22:40:00,47.85,78.25,65.25,170.51,15.54,19.84,306.47,356.41,0
2026-01-03 22:45:00,81.38,67.34,82.52,156.11,13.79,21.62,72.87,211.62,0
2026-01-03 22:50:00,54.76,86.16,78.66,125.38,27.05,18.96,394.3,433.87,0
2026-01-03 22:55:00,52.2,87.31,100.35,52.56,48.13,26.52,525.55,326.64,0
2026-01-03 23:00:00,80.17,79.67,60.82,115.1,17.68,30.65,646.48,373.16,0
2026-01-03 23:05:00,62.62,41.82,57.83,130.16,30.49,11.56,324.03,533.68,0
2026-01-03 23:10:00,67.57,52.85,41.2,163.05,32.87,24.83,0.0,285.85,0
2026-01-03 23:15:00,62.28,63.05,73.15,135.01,14.76,0.0,335.86,477.53,0
2026-01-03 23:20:00,68.73,82.03,63.9,156.51,0.0,0.0,383.55,566.43,0
2026-01-03 23:25:00,70.5,67.62,72.42,113.17,14.47,36.92,207.67,557.24,0
2026-01-03 23:30:00,23.26,88.46,43.77,184.98,40.22,11.0,288.72,321.78,0
2026-01-03 23:35:00,75.33,91.67,67.63,154.75,44.72,18.03,162.98,204.1,0
2026-01-03 23:40:00,42.36,89.59,65.28,54.72,44.89,0.3,225.93,243.51,0
2026-01-03 23:45:00,33.15,89.7,64.22,196.41,47.19,0.0,433.15,112.0,0
2026-01-03 23:50:00,60.83,49.33,51.07,187.41,22.47,6.44,500.02,452.9,0
2026-01-03 23:55:00,63.68,76.69,81.03,145.6,18.19,22.71,21.27,462.21,0
2026-01-04 00:00:00,48.13,57.06,94.8,135.44,42.5,8.8,157.96,367.61,0
2026-01-04 00:05:00,78.62,38.32,44.23,211.22,30.76,10.97,0.0,143.58,0
2026-01-04 00:10:00,35.16,62.83,73.53,30.17,53.14,6.07,580.9,295.21,0
2026-01-04 00:15:00,53.86,91.85,20.0,188.27,42.63,28.99,406.74,557.04,0
2026-01-04 00:20:00,50.3,76.29,72.7,93.81,60.68,25.42,0.0,441.45,0
2026-01-04 00:25:00,61.07,100.0,32.08,180.23,25.69,9.19,238.38,467.46,0
2026-01-04 00:30:00,67.58,71.19,53.6,126.62,56.35,23.21,198.98,846.21,0
2026-01-04 00:35:00,41.84,100.0,40.99,51.64,75.69,12.06,113.93,399.21,0
2026-01-04 00:40:00,76.49,71.2,58.55,92.69,36.07,10.95,436.53,50.0,0
2026-01-04 00:45:00,63.26,68.4,75.42,176.2,44.99,14.4,432.41,184.84,0
2026-01-04 00:50:00,24.16,44.97,32.28,108.44,16.39,22.72,298.5,395.83,0
2026-01-04 00:55:00,22.83,87.99,56.25,85.82,52.88,4.29,134.5,352.81,0
2026-01-04 01:00:00,61.75,58.96,53.79,85.45,57.58,21.03,136.02,324.2,0
2026-01-04 01:05:00,57.58,56.35,87.3,155.32,25.11,44.97,257.91,326.84,0
2026-01-04 01:10:00,59.93,91.06,68.91,216.28,46.72,17.2,167.72,232.33,1
2026-01-04 01:15:00,61.44,88.85,43.16,5.0,40.61,15.43,248.95,406.07,0
2026-01-04 01:20:00,66.51,88.38,54.46,274.04,42.82,13.99,350.45,559.15,0
2026-01-04 01:25:00,80.95,61.48,86.9,131.21,51.24,20.74,0.0,609.85,0
2026-01-04 01:30:00,39.78,67.08,73.43,151.91,45.38,0.0,113.53,605.6,0
2026-01-04 01:35:00,38.56,66.92,47.31,96.01,32.22,35.41,243.94,206.6,0
2026-01-04 01:40:00,40.13,82.09,57.73,119.81,51.67,26.77,531.76,346.97,0
2026-01-04 01:45:00,67.78,95.96,58.24,130.59,57.24,7.27,402.16,302.92,0
2026-01-04 01:50:00,86.9,74.63,53.39,62.3,23.92,15.38,249.35,438.8,0
2026-01-04 01:55:00,53.37,100.0,34.64,75.69,34.96,8.31,322.42,337.6,0
2026-01-04 02:00:00,11.97,84.15,51.16,185.15,0.0,18.59,231.73,316.16,0
2026-01-04 02:05:00,27.92,63.77,84.23,34.62,46.67,15.74,443.9,568.19,0
2026-01-04 02:10:00,45.34,82.92,55.9,144.26,59.46,17.74,328.08,364.76,0
2026-01-04 02:15:00,50.85,98.71,60.35,99.62,29.85,2.66,480.18,368.63,0
2026-01-04 02:20:00,53.83,100.0,64.25,67.16,37.67,9.22,6.04,411.99,0
2026-01-04 02:25:00,62.77,89.36,97.49,228.46,30.6,28.75,104.89,451.43,0
2026-01-04 02:30:00,55.77,68.46,62.14,67.5,27.32,8.59,299.42,452.29,0
2026-01-04 02:35:00,82.99,64.1,79.5,57.84,39.64,0.0,338.83,582.82,0
2026-01-04 02:40:00,48.48,78.37,52.43,109.72,19.32,13.19,682.06,157.16,0
2026-01-04 02:45:00,44.75,98.13,57.85,77.73,30.29,43.94,0.0,398.67,0
2026-01-04 02:50:00,71.58,75.81,62.2,120.35,16.91,25.19,244.05,334.64,0
2026-01-04 02:55:00,31.29,76.18,49.61,128.55,46.78,7.99,235.97,304.87,0
2026-01-04 03:00:00,69.79,68.93,58.74,132.91,39.78,14.39,292.81,463.67,0
2026-01-04 03:05:00,64.05,62.1,76.21,113.19,26.38,23.16,561.99,544.48,0
2026-01-04 03:10:00,59.05,65.08,49.19,81.38,35.74,0.0,407.73,261.24,0
2026-01-04 03:15:00,93.77,70.44,62.0,155.39,30.59,4.73,0.0,603.04,0
2026-01-04 03:20:00,49.56,98.93,73.34,113.86,57.88,19.78,526.08,135.25,0
2026-01-04 03:25:00,100.0,63.69,48.81,92.74,26.18,34.13,521.06,438.54,0
2026-01-04 03:30:00,57.49,68.95,79.53,201.4,47.7,9.73,297.35,216.4,0
2026-01-04 03:35:00,36.46,52.42,63.17,113.33,20.9,33.8,0.0,253.73,0
2026-01-04 03:40:00,63.4,80.9,59.36,180.06,51.28,5.95,222.71,359.01,0
2026-01-04 03:45:00,40.48,92.6,29.87,187.48,55.75,0.0,334.37,290.18,0
2026-01-04 03:50:00,46.96,97.24,56.02,190.82,56.69,23.93,429.38,50.0,0
2026-01-04 03:55:00,69.94,71.66,67.95,158.01,64.42,21.48,0.0,441.72,0
2026-01-04 04:00:00,73.11,78.34,89.93,119.97,40.85,23.83,111.56,466.96,0
2026-01-04 04:05:00,49.56,65.24,71.09,116.48,59.76,23.37,447.64,325.84,0
2026-01-04 04:10:00,81.75,77.5,80.02,106.57,67.48,17.3,520.32,314.05,0
2026-01-04 04:15:00,85.15,73.65,42.65,5.0,12.56,11.89,327.49,294.07,0
2026-01-04 04:20:00,90.73,69.05,59.97,159.53,22.94,12.35,456.73,93.28,0
2026-01-04 04:25:00,72.59,70.48,81.53,133.45,5.09,9.48,331.95,77.41,0
2026-01-04 04:30:00,89.27,76.13,47.8,165.4,56.22,10.2,423.36,470.54,0
2026-01-04 04:35:00,24.38,62.71,77.44,113.56,4.83,0.0,276.12,509.71,0
2026-01-04 04:40:00,55.64,63.64,73.73,156.57,0.0,0.43,336.39,439.52,0
2026-01-04 04:45:00,44.66,98.73,66.4,44.24,13.05,13.04,30.08,406.89,0
2026-01-04 04:50:00,64.38,100.0,56.74,55.69,0.23,0.0,379.98,467.41,0
2026-01-04 04:55:00,50.57,46.32,46.22,5.0,40.44,0.0,24.58,457.42,0
2026-01-04 05:00:00,58.68,45.33,90.41,112.61,13.31,10.99,379.78,232.23,0
2026-01-04 05:05:00,99.64,50.77,72.11,77.51,1.19,13.46,170.98,383.37,0
2026-01-04 05:10:00,58.61,66.14,67.45,70.31,34.16,11.24,316.6,305.59,0
2026-01-04 05:15:00,70.28,84.12,55.39,138.41,35.34,0.0,78.5,307.57,0
2026-01-04 05:20:00,57.35,78.64,62.61,96.6,0.0,33.63,159.35,521.03,0
2026-01-04 05:25:00,63.51,71.1,64.64,41.18,20.73,0.0,316.23,586.2,0
2026-01-04 05:30:00,62.12,77.52,68.4,259.96,33.51,5.18,385.78,50.0,0
2026-01-04 05:35:00,70.97,55.54,73.75,117.96,27.86,0.0,446.88,311.74,0
2026-01-04 05:40:00,85.31,63.61,49.48,60.43,28.41,30.59,42.99,303.88,0
2026-01-04 05:45:00,94.95,67.64,38.53,83.16,58.59,20.06,0.0,524.22,0
2026-01-04 05:50:00,68.19,39.48,63.35,110.48,77.93,9.32,74.44,132.44,0
2026-01-04 05:55:00,73.79,47.1,34.04,110.36,28.73,8.48,58.19,50.0,0
2026-01-04 06:00:00,38.98,47.81,56.82,191.62,8.56,17.16,532.03,473.14,0
2026-01-04 06:05:00,60.24,81.75,53.85,115.63,30.31,0.04,491.24,494.44,0
2026-01-04 06:10:00,80.81,72.42,69.87,222.04,38.89,19.57,70.61,82.4,0
2026-01-04 06:15:00,79.32,79.0,93.72,96.22,33.93,8.42,557.86,331.34,0
2026-01-04 06:20:00,66.23,34.89,30.89,143.45,47.21,21.24,480.49,579.53,0
2026-01-04 06:25:00,79.73,41.3,98.39,176.21,79.24,20.83,0.0,188.29,0
2026-01-04 06:30:00,71.82,79.94,58.27,185.73,0.74,7.88,64.56,365.16,0
2026-01-04 06:35:00,86.01,17.98,67.56,192.15,24.86,0.0,0.0,426.19,0
2026-01-04 06:40:00,67.79,90.04,39.36,105.04,65.82,12.04,234.42,135.86,0
2026-01-04 06:45:00,54.89,35.18,77.95,119.7,24.56,0.0,253.13,265.42,0
2026-01-04 06:50:00,68.72,83.18,62.66,5.0,50.79,15.94,252.8,96.37,0
2026-01-04 06:55:00,5.0,52.01,61.02,109.22,47.62,11.92,0.0,325.32,0
2026-01-04 07:00:00,69.66,86.88,31.0,180.02,59.74,7.94,0.0,231.35,0
2026-01-04 07:05:00,5.0,100.0,63.18,169.33,73.27,0.0,296.83,381.15,0
2026-01-04 07:10:00,27.53,27.08,75.53,115.24,41.66,29.24,362.0,445.22,0
2026-01-04 07:15:00,71.04,80.52,58.22,213.45,0.08,9.56,0.0,558.29,0
2026-01-04 07:20:00,71.55,35.45,80.79,98.88,20.99,43.24,19.4,699.84,0
2026-01-04 07:25:00,38.75,75.68,80.13,80.61,78.72,15.42,434.03,381.15,0
2026-01-04 07:30:00,47.76,64.28,51.74,94.25,6.72,19.22,29.62,302.51,0
2026-01-04 07:35:00,89.41,70.34,87.52,58.26,44.94,15.47,247.35,293.8,1
2026-01-04 07:40:00,52.32,51.59,62.72,154.23,0.0,19.1,12.48,205.27,0
2026-01-04 07:45:00,100.0,82.05,62.8,135.87,7.98,28.11,399.67,417.22,0
2026-01-04 07:50:00,61.96,41.93,63.58,153.55,52.74,28.25,0.0,275.77,0
2026-01-04 07:55:00,70.16,90.35,63.11,97.21,35.72,0.0,195.2,427.71,0
2026-01-04 08:00:00,94.34,60.63,20.0,116.81,27.47,25.27,419.26,210.05,0
2026-01-04 08:05:00,64.62,42.75,59.03,5.0,18.71,20.97,359.81,280.09,0
2026-01-04 08:10:00,41.95,96.71,40.18,140.69,0.0,15.43,166.46,414.85,0
2026-01-04 08:15:00,59.81,66.79,88.02,125.44,48.87,35.55,124.24,331.26,0
2026-01-04 08:20:00,61.29,100.0,87.38,59.47,29.34,36.03,208.08,61.95,0
2026-01-04 08:25:00,34.71,89.98,75.63,114.24,4.56,25.86,17.92,347.72,0
2026-01-04 08:30:00,56.88,53.63,58.18,105.82,35.6,8.48,232.0,229.73,0
2026-01-04 08:35:00,47.16,66.47,45.87,217.04,46.62,0.69,235.08,527.21,0
2026-01-04 08:40:00,80.49,70.18,51.48,61.64,30.99,24.05,174.77,495.67,0
2026-01-04 08:45:00,62.69,95.47,93.08,138.23,37.32,31.31,430.06,50.0,0
2026-01-04 08:50:00,56.34,75.88,50.92,60.01,35.76,0.0,57.31,470.22,0
2026-01-04 08:55:00,59.88,71.17,24.31,89.32,20.86,28.04,0.0,408.39,0
2026-01-04 09:00:00,66.46,64.4,78.48,135.23,36.09,11.94,155.44,127.39,0
2026-01-04 09:05:00,74.34,67.09,86.01,108.38,49.7,0.0,272.32,481.75,0
2026-01-04 09:10:00,42.01,91.48,88.55,119.67,55.69,20.63,230.79,158.02,0
2026-01-04 09:15:00,41.17,68.07,78.61,138.3,50.81,25.91,222.79,521.81,0
2026-01-04 09:20:00,84.09,60.89,81.22,92.85,21.5,10.78,47.25,253.07,0
2026-01-04 09:25:00,53.75,57.84,62.85,168.63,47.72,2.31,73.14,122.29,0
2026-01-04 09:30:00,33.66,58.03,28.78,103.2,44.31,35.55,162.1,668.11,0
2026-01-04 09:35:00,70.88,42.76,62.45,114.63,20.81,6.98,147.9,118.05,0
2026-01-04 09:40:00,71.27,54.49,71.95,139.87,25.71,28.91,447.66,229.1,0
2026-01-04 09:45:00,31.39,94.97,59.84,132.49,48.59,0.0,297.5,258.51,0
2026-01-04 09:50:00,66.59,64.28,59.11,155.43,62.54,19.99,154.14,281.65,0
2026-01-04 09:55:00,76.71,80.68,46.57,137.43,0.0,19.65,447.1,454.82,0
2026-01-04 10:00:00,69.49,23.38,45.97,145.8,67.8,25.48,330.33,358.69,0
2026-01-04 10:05:00,74.64,78.23,91.41,102.1,58.28,32.92,5.64,500.65,0
2026-01-04 10:10:00,33.91,65.1,91.99,61.22,38.98,5.24,0.0,405.79,0
2026-01-04 10:15:00,68.62,59.33,61.96,41.48,30.19,21.25,11.28,99.05,0
2026-01-04 10:20:00,55.95,71.26,66.5,28.11,42.81,0.0,357.09,432.48,0
2026-01-04 10:25:00,52.34,59.08,46.31,216.95,22.19,0.0,410.47,385.07,0
2026-01-04 10:30:00,79.41,29.77,72.28,5.0,31.45,8.06,0.0,256.31,0
2026-01-04 10:35:00,91.59,84.6,90.15,185.65,5.5,19.91,368.56,661.06,1
2026-01-04 10:40:00,97.89,72.37,37.53,74.85,0.17,35.12,361.73,441.25,0
2026-01-04 10:45:00,88.3,62.35,69.42,185.25,81.65,37.31,501.11,491.26,0
2026-01-04 10:50:00,59.81,50.61,70.62,5.0,36.26,10.74,421.07,496.49,0
2026-01-04 10:55:00,69.05,41.54,70.44,107.07,39.07,18.67,493.34,286.99,0
2026-01-04 11:00:00,77.34,72.03,88.29,199.97,34.39,26.32,337.91,445.01,0
2026-01-04 11:05:00,64.42,97.04,94.58,159.23,18.44,24.18,331.89,397.4,0
2026-01-04 11:10:00,64.62,71.66,58.26,101.45,28.86,12.97,189.29,266.45,0
2026-01-04 11:15:00,78.48,43.11,72.77,13.14,36.82,15.91,397.65,166.76,0
2026-01-04 11:20:00,60.81,72.05,63.35,47.26,31.07,13.68,10.17,353.63,0
2026-01-04 11:25:00,47.41,67.04,51.89,196.4,19.96,12.5,225.04,438.04,0
2026-01-04 11:30:00,53.71,83.55,66.33,100.85,44.59,10.9,347.18,352.44,0
2026-01-04 11:35:00,74.68,78.92,72.74,116.05,38.77,13.56,503.48,322.65,0
2026-01-04 11:40:00,62.06,14.26,65.47,135.59,42.86,10.13,163.97,354.1,0
2026-01-04 11:45:00,68.8,77.81,47.9,48.34,49.1,1.37,423.98,306.95,0
2026-01-04 11:50:00,75.4,49.94,54.58,142.4,31.59,25.35,214.51,582.4,0
2026-01-04 11:55:00,54.5,42.41,54.71,96.92,31.62,21.2,427.67,390.54,0
2026-01-04 12:00:00,77.12,64.61,48.52,136.15,64.65,37.52,105.76,277.03,0
2026-01-04 12:05:00,69.58,75.4,67.02,88.21,16.12,19.43,380.67,78.8,0
2026-01-04 12:10:00,37.3,38.47,68.69,33.48,0.0,10.0,232.84,320.42,0
2026-01-04 12:15:00,90.85,80.68,77.67,96.49,46.11,7.48,36.68,263.48,0
2026-01-04 12:20:00,51.99,81.74,48.28,155.24,22.41,15.57,222.41,257.91,0
2026-01-04 12:25:00,28.9,68.85,52.76,141.67,13.45,21.63,487.91,491.39,0
2026-01-04 12:30:00,41.1,52.38,86.87,121.7,52.7,12.06,66.54,361.96,0
2026-01-04 12:35:00,41.58,50.37,59.37,169.4,32.1,0.0,0.0,97.63,0
2026-01-04 12:40:00,63.04,86.47,62.48,108.8,9.73,6.13,321.77,442.82,0
2026-01-04 12:45:00,56.52,40.8,59.2,123.1,73.7,15.22,0.0,112.69,0
2026-01-04 12:50:00,55.26,87.16,80.13,93.61,2.79,23.88,531.4,454.0,0
2026-01-04 12:55:00,74.39,65.03,80.75,172.61,33.27,0.0,526.87,278.74,0
2026-01-04 13:00:00,68.8,66.27,79.81,136.03,0.0,18.18,436.89,363.04,0
2026-01-04 13:05:00,68.32,37.25,62.43,89.37,40.41,17.65,247.98,346.26,0
2026-01-04 13:10:00,70.2,65.36,48.04,38.1,22.18,9.58,549.64,327.78,0
2026-01-04 13:15:00,74.32,79.04,92.8,180.77,51.39,7.96,492.18,381.43,0
2026-01-04 13:20:00,19.84,43.94,75.7,79.08,34.65,6.16,154.11,362.28,0
2026-01-04 13:25:00,54.71,76.98,54.69,123.96,62.01,16.69,508.99,630.46,0
2026-01-04 13:30:00,18.4,69.6,84.78,249.39,26.41,28.52,85.9,383.59,0
2026-01-04 13:35:00,62.72,56.41,53.43,164.08,2.91,29.37,214.53,387.08,0
2026-01-04 13:40:00,61.91,83.38,84.57,208.61,39.75,1.51,0.0,243.57,0
2026-01-04 13:45:00,82.91,28.36,85.65,90.4,29.95,12.76,276.27,407.13,0
2026-01-04 13:50:00,85.75,74.24,47.26,178.9,0.0,0.0,196.99,196.46,0
2026-01-04 13:55:00,66.06,97.15,71.31,121.47,13.89,16.31,168.6,522.52,0
2026-01-04 14:00:00,51.99,93.92,74.52,140.13,20.26,22.17,220.18,127.35,0
2026-01-04 14:05:00,71.7,75.02,103.84,231.15,66.11,33.85,145.68,223.45,0
2026-01-04 14:10:00,51.44,62.57,50.12,104.67,49.15,0.0,257.5,105.63,0
2026-01-04 14:15:00,61.97,56.56,84.92,121.06,28.05,1.94,481.04,412.95,0
2026-01-04 14:20:00,81.72,62.55,62.28,70.32,44.42,16.73,58.87,286.42,0
2026-01-04 14:25:00,50.84,77.79,42.14,168.87,0.0,0.0,405.25,452.89,0
2026-01-04 14:30:00,78.11,53.47,60.08,89.17,23.7,17.07,288.74,203.66,0
2026-01-04 14:35:00,75.55,81.63,62.04,176.25,43.02,22.48,317.34,429.72,0
2026-01-04 14:40:00,42.9,100.0,45.06,29.25,38.31,0.0,244.47,436.98,0
2026-01-04 14:45:00,81.48,66.89,66.99,150.18,24.21,16.59,120.87,381.77,0
2026-01-04 14:50:00,75.97,43.8,77.32,84.6,34.23,0.45,330.08,354.63,0
2026-01-04 14:55:00,64.04,43.79,65.81,160.18,41.76,31.51,343.39,370.58,0
2026-01-04 15:00:00,46.75,81.98,53.33,119.25,34.81,17.48,105.92,213.4,0
2026-01-04 15:05:00,44.82,66.92,59.62,90.56,52.22,7.32,9.07,188.71,0
2026-01-04 15:10:00,51.25,83.78,61.93,98.74,41.37,0.14,265.36,431.58,0
2026-01-04 15:15:00,72.85,58.39,65.48,73.23,45.22,19.67,385.85,294.7,0
2026-01-04 15:20:00,42.89,82.95,79.76,166.08,69.27,31.3,430.92,418.01,0
2026-01-04 15:25:00,70.75,65.15,66.35,62.32,51.55,5.74,466.6,582.65,0
2026-01-04 15:30:00,37.16,54.81,39.56,105.31,69.82,9.72,316.85,281.43,0
2026-01-04 15:35:00,57.92,60.78,53.0,138.99,21.56,5.97,202.62,259.99,0
2026-01-04 15:40:00,64.19,46.45,64.66,208.74,3.15,33.67,249.61,301.36,0
2026-01-04 15:45:00,100.0,100.0,79.99,119.49,32.19,0.0,26.23,355.85,0
2026-01-04 15:50:00,34.45,66.27,82.77,106.66,30.49,30.43,127.12,442.12,0
2026-01-04 15:55:00,91.44,79.6,90.39,135.05,64.19,10.47,240.42,345.74,1
2026-01-04 16:00:00,65.0,58.34,64.09,5.96,12.4,14.14,202.0,661.78,0
2026-01-04 16:05:00,70.22,49.07,74.21,54.07,33.42,10.91,266.56,413.13,0
2026-01-04 16:10:00,64.37,63.79,38.73,99.35,43.1,17.88,2.53,467.12,0
2026-01-04 16:15:00,70.89,87.82,68.88,80.79,37.0,6.24,42.74,344.47,0
2026-01-04 16:20:00,58.93,58.63,44.8,31.95,31.57,27.7,389.61,501.77,0
2026-01-04 16:25:00,91.08,52.33,61.0,167.18,42.17,28.19,100.0,319.21,0
2026-01-04 16:30:00,52.87,70.8,105.0,134.29,56.58,3.2,128.29,253.37,0
2026-01-04 16:35:00,84.64,76.98,66.86,127.71,65.71,23.01,267.11,485.8,0
2026-01-04 16:40:00,49.11,97.57,48.18,81.83,35.66,10.72,82.39,341.41,0
2026-01-04 16:45:00,60.79,74.37,68.52,124.37,18.68,15.62,449.14,386.79,0
2026-01-04 16:50:00,40.56,79.59,53.73,148.29,65.69,33.3,23.77,497.28,0
2026-01-04 16:55:00,71.1,80.95,46.63,105.43,13.45,6.91,250.27,370.85,0
2026-01-04 17:00:00,90.9,47.25,95.65,144.45,70.81,26.12,115.25,327.61,1
2026-01-04 17:05:00,60.45,50.66,79.07,76.22,61.88,20.49,278.11,269.69,0
2026-01-04 17:10:00,58.06,48.49,67.53,125.36,64.79,12.67,160.46,509.25,0
2026-01-04 17:15:00,39.71,44.02,55.73,182.84,48.71,19.41,245.74,298.74,0
2026-01-04 17:20:00,57.41,82.32,57.03,187.76,0.0,17.98,469.83,342.33,0
2026-01-04 17:25:00,30.14,73.22,86.68,193.02,14.22,1.1,126.26,393.04,0
2026-01-04 17:30:00,43.74,69.43,66.91,135.71,41.14,7.72,124.76,392.42,0
2026-01-04 17:35:00,66.54,21.33,20.0,121.74,21.49,2.46,193.14,502.05,0
2026-01-04 17:40:00,88.38,100.0,100.74,95.32,28.69,11.68,515.32,339.53,1
2026-01-04 17:45:00,100.0,51.9,64.93,20.59,47.26,31.14,233.85,556.46,0
2026-01-04 17:50:00,50.27,100.0,67.49,46.03,31.6,21.97,472.16,312.69,0
2026-01-04 17:55:00,90.71,41.91,79.39,110.76,10.62,0.0,218.16,405.61,0
2026-01-04 18:00:00,66.88,53.38,69.45,114.04,52.71,11.72,464.13,322.43,0
2026-01-04 18:05:00,58.98,28.35,73.95,197.67,45.3,17.8,323.33,663.97,0
2026-01-04 18:10:00,70.65,74.52,55.22,192.31,30.02,23.93,349.82,297.4,0
2026-01-04 18:15:00,63.24,48.18,42.32,82.24,49.23,7.19,0.0,310.97,0
2026-01-04 18:20:00,64.21,48.69,66.48,165.01,36.9,0.15,0.0,367.21,0
2026-01-04 18:25:00,53.83,43.29,84.91,93.76,61.63,14.32,442.64,309.98,0
2026-01-04 18:30:00,34.04,81.99,51.64,157.54,38.02,21.83,440.4,397.17,0
2026-01-04 18:35:00,31.13,80.81,50.35,164.33,61.48,17.82,685.86,534.36,0
2026-01-04 18:40:00,75.06,100.0,81.54,188.32,0.0,4.38,0.0,372.1,0
2026-01-04 18:45:00,56.47,55.66,54.68,92.9,44.18,36.06,337.44,377.64,0
2026-01-04 18:50:00,50.08,71.94,55.43,175.79,27.04,13.81,65.71,315.63,0
2026-01-04 18:55:00,62.17,44.79,56.03,17.0,17.82,17.32,116.69,274.24,0
2026-01-04 19:00:00,77.9,61.97,60.96,191.29,58.17,7.06,159.6,364.48,0
2026-01-04 19:05:00,65.61,58.66,36.82,118.62,52.78,28.28,318.82,351.14,0
2026-01-04 19:10:00,48.88,76.36,53.37,119.79,0.0,21.86,130.48,525.99,0
2026-01-04 19:15:00,86.53,86.31,65.69,7.94,49.31,18.78,256.06,206.14,0
2026-01-04 19:20:00,93.58,85.84,65.57,98.62,46.88,1.18,399.77,568.18,0
2026-01-04 19:25:00,71.89,52.83,80.53,194.55,20.54,28.13,453.04,327.98,0
2026-01-04 19:30:00,81.47,85.97,91.43,96.53,18.29,24.08,374.67,372.28,0
2026-01-04 19:35:00,86.84,67.21,86.2,159.24,3.19,27.18,331.34,190.27,1
2026-01-04 19:40:00,84.6,62.16,76.63,121.9,28.25,15.44,224.51,434.29,0
2026-01-04 19:45:00,74.28,55.25,59.62,178.45,31.45,14.1,147.59,205.93,0
2026-01-04 19:50:00,73.97,57.92,52.03,130.53,50.94,12.81,347.02,406.01,0
2026-01-04 19:55:00,72.39,99.36,62.29,68.75,40.39,42.35,60.84,391.35,0
2026-01-04 20:00:00,40.05,73.53,71.37,123.1,13.8,8.49,271.44,301.16,0
2026-01-04 20:05:00,76.01,71.14,75.15,208.07,39.78,0.77,56.38,50.0,0
2026-01-04 20:10:00,34.88,63.28,71.97,147.37,29.92,10.52,242.57,674.09,0
2026-01-04 20:15:00,46.11,100.0,60.06,113.6,16.3,8.6,60.33,191.87,0
2026-01-04 20:20:00,88.07,91.49,74.59,244.07,3.21,30.12,177.9,390.91,1
2026-01-04 20:25:00,78.8,55.02,82.17,183.76,47.5,0.0,128.33,240.53,0
2026-01-04 20:30:00,91.75,63.07,76.08,164.92,43.93,8.26,106.62,507.2,0
2026-01-04 20:35:00,56.57,64.14,61.49,137.45,46.14,17.29,234.28,293.08,0
2026-01-04 20:40:00,38.96,70.63,48.66,160.17,20.44,30.22,0.0,237.2,0
2026-01-04 20:45:00,57.19,55.38,48.28,161.95,38.42,23.56,0.0,439.27,0
2026-01-04 20:50:00,64.04,75.9,51.1,5.0,7.49,34.43,394.67,159.21,0
2026-01-04 20:55:00,63.58,94.14,66.11,141.72,15.27,19.15,276.55,288.01,0
2026-01-04 21:00:00,84.67,44.35,70.32,111.16,35.67,12.56,119.79,453.54,0
2026-01-04 21:05:00,54.77,47.69,39.37,92.51,40.25,25.27,425.3,576.03,0
2026-01-04 21:10:00,69.04,59.3,53.94,109.25,2.42,0.0,134.95,205.64,0
2026-01-04 21:15:00,42.23,60.14,65.89,34.43,13.85,0.0,145.66,258.27,0
2026-01-04 21:20:00,71.01,100.0,47.61,20.75,27.69,26.72,108.99,402.82,0
2026-01-04 21:25:00,62.06,86.03,68.94,188.56,54.17,17.53,593.19,50.39,0
2026-01-04 21:30:00,47.0,85.0,57.08,145.42,18.74,26.57,292.32,553.64,0
2026-01-04 21:35:00,57.28,63.24,50.43,5.0,37.81,4.77,285.23,200.08,0
2026-01-04 21:40:00,58.32,62.85,62.85,88.3,39.91,30.42,333.95,284.39,0
2026-01-04 21:45:00,56.6,41.87,68.28,168.43,30.01,23.04,0.0,389.13,0
2026-01-04 21:50:00,97.43,82.07,48.42,104.6,40.36,14.63,143.08,357.69,0
2026-01-04 21:55:00,60.03,76.84,58.12,188.48,8.1,17.49,331.9,205.46,0
2026-01-04 22:00:00,57.12,91.15,69.48,177.74,21.88,19.16,249.26,608.22,0
2026-01-04 22:05:00,20.05,64.21,49.81,45.38,63.69,4.72,646.98,50.0,0
2026-01-04 22:10:00,44.12,65.45,35.48,112.12,65.1,10.38,153.67,181.7,0
2026-01-04 22:15:00,56.74,71.06,37.41,95.36,51.86,18.97,419.77,254.48,0
2026-01-04 22:20:00,48.28,84.05,55.31,43.59,57.01,9.9,395.08,207.54,0
2026-01-04 22:25:00,89.63,41.54,40.91,40.01,0.0,0.0,275.71,532.93,0
2026-01-04 22:30:00,58.7,81.25,56.44,75.67,16.03,18.54,308.39,101.25,0
2026-01-04 22:35:00,87.77,67.63,88.64,84.75,28.78,25.03,197.76,583.62,1
2026-01-04 22:40:00,63.23,48.94,39.94,135.58,83.31,27.82,0.0,308.28,0
2026-01-04 22:45:00,62.74,30.48,57.48,177.43,28.74,21.39,312.85,145.86,0
2026-01-04 22:50:00,60.22,65.54,96.12,148.25,49.9,24.82,327.12,50.0,0
2026-01-04 22:55:00,62.08,94.06,68.53,161.27,42.57,26.85,355.42,317.73,0
2026-01-04 23:00:00,96.38,98.14,56.12,105.34,42.12,15.96,261.36,244.7,0
2026-01-04 23:05:00,15.61,74.4,59.49,153.17,34.53,0.0,424.67,385.47,0
2026-01-04 23:10:00,21.97,100.0,68.87,111.84,11.0,28.92,94.12,282.41,0
2026-01-04 23:15:00,51.14,67.23,89.13,95.72,0.0,4.28,514.31,493.37,0
2026-01-04 23:20:00,62.29,85.16,53.51,224.34,60.64,1.43,72.18,328.63,0
2026-01-04 23:25:00,75.8,59.88,49.88,5.0,22.67,1.76,230.59,286.41,0
2026-01-04 23:30:00,71.46,58.74,39.94,16.97,0.0,44.81,372.56,495.99,0
2026-01-04 23:35:00,54.32,55.8,63.65,141.05,43.76,20.29,157.31,384.23,0
2026-01-04 23:40:00,82.38,30.91,39.51,105.43,43.38,2.5,384.82,466.19,0
2026-01-04 23:45:00,82.6,91.17,54.58,40.97,50.36,6.8,188.3,522.3,0
2026-01-04 23:50:00,65.68,56.45,47.46,62.0,57.31,14.99,271.26,305.93,0
2026-01-04 23:55:00,81.25,53.57,79.19,69.16,16.62,21.51,217.4,355.74,0
2026-01-05 00:00:00,67.45,46.76,53.87,169.08,17.5,18.35,146.17,476.57,0
2026-01-05 00:05:00,50.77,64.32,68.35,186.68,28.63,3.86,655.19,50.0,0
2026-01-05 00:10:00,75.96,99.74,36.33,210.18,51.43,18.81,98.85,334.73,1
2026-01-05 00:15:00,64.21,100.0,64.1,32.6,0.0,7.67,0.0,316.27,0
2026-01-05 00:20:00,62.03,38.1,42.75,44.81,37.56,27.56,105.35,406.11,0
2026-01-05 00:25:00,91.46,61.62,55.19,41.04,53.64,15.68,273.63,229.83,0
2026-01-05 00:30:00,12.98,49.38,97.38,190.89,52.82,5.89,182.17,514.32,0
2026-01-05 00:35:00,33.65,85.79,76.91,142.95,49.17,23.27,433.34,239.34,0
2026-01-05 00:40:00,38.26,73.16,59.95,124.41,56.26,19.6,426.79,281.15,0
2026-01-05 00:45:00,54.73,56.54,105.0,132.63,0.0,9.3,192.69,250.34,0
2026-01-05 00:50:00,56.91,69.31,47.36,116.88,67.27,23.76,0.0,534.48,0
2026-01-05 00:55:00,31.85,59.41,80.64,58.34,41.61,22.55,19.03,50.0,0
2026-01-05 01:00:00,42.3,97.06,37.48,148.22,61.69,29.42,244.2,618.03,0
2026-01-05 01:05:00,44.78,77.85,58.1,109.76,11.51,23.52,0.0,571.01,0
2026-01-05 01:10:00,100.0,80.06,40.44,53.98,0.0,12.43,183.8,265.27,0
2026-01-05 01:15:00,98.03,20.0,66.12,151.59,70.73,0.0,505.83,504.04,0
2026-01-05 01:20:00,53.77,66.8,62.9,96.58,16.47,17.24,311.71,369.51,0
2026-01-05 01:25:00,54.73,100.0,57.08,132.51,28.78,19.1,258.22,597.94,0
2026-01-05 01:30:00,39.02,91.87,79.47,113.13,45.55,15.61,62.66,492.6,0
2026-01-05 01:35:00,23.84,34.75,52.93,169.03,50.46,0.0,282.71,678.97,0
2026-01-05 01:40:00,59.66,62.36,67.23,132.11,56.57,23.15,203.47,115.68,0
2026-01-05 01:45:00,42.04,46.37,75.13,71.4,39.47,4.06,292.95,378.7,0
2026-01-05 01:50:00,60.3,98.8,38.27,137.71,13.91,23.23,380.88,91.38,0
2026-01-05 01:55:00,30.0,72.4,50.03,139.51,49.13,35.41,411.66,272.19,0
2026-01-05 02:00:00,46.76,54.18,62.86,148.12,49.45,11.97,273.2,687.45,0
2026-01-05 02:05:00,64.97,68.61,72.08,176.97,0.0,20.26,342.15,420.23,0
2026-01-05 02:10:00,69.32,21.07,84.74,86.12,63.37,15.39,157.84,497.68,0
2026-01-05 02:15:00,70.35,48.47,58.55,156.74,0.0,21.31,453.86,427.09,0
2026-01-05 02:20:00,35.59,68.66,56.94,25.14,55.69,16.24,90.32,417.57,0
2026-01-05 02:25:00,79.09,83.22,48.04,113.4,22.32,8.8,212.66,271.65,0
2026-01-05 02:30:00,46.0,33.06,67.28,104.89,49.11,4.14,472.59,243.7,0
2026-01-05 02:35:00,74.66,61.14,57.25,199.63,45.2,34.09,163.3,267.63,0
2026-01-05 02:40:00,61.79,86.17,57.62,111.4,34.26,20.26,8.66,50.0,0
2026-01-05 02:45:00,34.47,41.87,60.5,153.44,44.02,24.97,176.06,337.69,0
2026-01-05 02:50:00,55.68,72.13,70.83,23.1,33.27,19.79,500.51,385.98,0
2026-01-05 02:55:00,69.31,69.19,52.98,100.65,49.28,26.71,0.0,257.12,0
2026-01-05 03:00:00,74.26,98.86,49.65,73.45,78.71,4.25,268.43,330.4,0
2026-01-05 03:05:00,59.18,63.86,68.91,256.15,8.18,16.0,135.88,428.76,0
2026-01-05 03:10:00,92.64,64.91,20.0,83.33,0.0,21.07,219.83,482.72,0
2026-01-05 03:15:00,82.15,83.39,52.34,124.03,26.69,30.51,187.26,170.33,0
2026-01-05 03:20:00,56.87,44.13,43.58,126.96,25.32,47.08,422.89,230.78,0
2026-01-05 03:25:00,77.0,64.02,81.25,32.58,27.45,19.89,259.69,462.94,0
2026-01-05 03:30:00,100.0,59.8,54.95,91.07,16.47,7.07,431.9,438.35,0
2026-01-05 03:35:00,100.0,65.5,53.03,142.26,52.45,0.65,481.14,551.66,0
2026-01-05 03:40:00,37.44,83.27,61.22,124.71,7.37,4.14,255.38,545.44,0
2026-01-05 03:45:00,43.47,77.97,52.47,5.0,44.02,5.71,185.29,712.23,0
2026-01-05 03:50:00,91.7,54.52,55.56,88.82,47.77,0.0,317.89,306.09,0
2026-01-05 03:55:00,40.83,70.46,63.55,176.15,41.33,6.89,352.63,586.78,0
2026-01-05 04:00:00,35.55,94.83,55.25,152.35,44.74,23.6,42.41,212.0,0
2026-01-05 04:05:00,52.28,53.04,55.13,186.99,53.99,15.9,292.49,709.11,0
2026-01-05 04:10:00,70.4,70.61,45.84,65.79,36.07,11.9,204.36,418.2,0
2026-01-05 04:15:00,59.95,64.52,43.54,190.45,28.07,0.0,174.34,431.3,0
2026-01-05 04:20:00,48.99,66.87,62.97,117.56,44.73,27.6,125.63,498.49,0
2026-01-05 04:25:00,48.52,38.65,66.91,207.57,47.01,21.14,137.37,146.7,0
2026-01-05 04:30:00,47.75,93.39,39.15,120.18,52.79,14.84,476.02,188.79,0
2026-01-05 04:35:00,44.41,54.06,74.16,7.39,0.75,0.0,184.48,367.35,0
2026-01-05 04:40:00,100.0,86.47,74.22,166.71,31.33,9.11,455.88,401.86,0
2026-01-05 04:45:00,67.95,56.82,77.6,95.61,13.69,20.2,273.58,662.38,0
2026-01-05 04:50:00,79.74,56.74,66.8,99.31,46.22,14.66,46.11,207.62,0
2026-01-05 04:55:00,52.22,89.84,72.19,40.08,49.53,17.3,284.34,581.03,0
2026-01-05 05:00:00,58.28,85.89,96.96,209.22,29.51,23.23,36.17,310.16,0
2026-01-05 05:05:00,47.73,71.76,57.18,91.34,20.41,16.86,359.29,308.07,0
2026-01-05 05:10:00,8.97,81.7,45.27,206.63,46.94,22.8,212.6,325.42,0
2026-01-05 05:15:00,34.44,62.81,37.46,96.28,32.34,4.88,403.93,304.21,0
2026-01-05 05:20:00,25.79,67.85,90.09,68.97,63.53,0.33,508.04,422.98,0
2026-01-05 05:25:00,17.0,56.09,90.3,192.57,70.46,20.73,0.0,290.76,0
2026-01-05 05:30:00,38.09,84.27,47.21,115.97,55.01,23.19,166.99,138.43,0
2026-01-05 05:35:00,88.5,55.52,50.36,116.5,39.65,21.23,32.3,309.83,0
2026-01-05 05:40:00,61.11,94.73,56.82,49.51,71.51,16.58,638.49,418.5,0
2026-01-05 05:45:00,87.81,62.31,81.59,94.83,39.81,11.11,170.74,139.65,1
2026-01-05 05:50:00,70.22,68.37,41.4,143.58,25.42,17.53,13.28,437.27,0
2026-01-05 05:55:00,77.65,81.66,30.53,48.55,21.49,19.55,653.26,527.08,0
2026-01-05 06:00:00,43.98,68.43,96.68,90.35,20.93,20.27,119.31,571.99,0
2026-01-05 06:05:00,72.48,62.64,67.0,96.88,34.87,46.29,0.0,400.65,0
2026-01-05 06:10:00,76.57,67.46,69.27,123.65,44.26,3.95,41.49,79.3,0
2026-01-05 06:15:00,50.47,84.09,58.72,201.38,6.7,53.71,275.77,447.14,0
2026-01-05 06:20:00,73.19,56.07,69.45,103.5,26.02,0.0,258.23,495.08,0
2026-01-05 06:25:00,73.32,65.73,37.77,82.02,39.26,19.63,99.52,245.52,0
2026-01-05 06:30:00,51.01,68.19,48.55,271.05,47.87,0.66,162.69,339.1,0
2026-01-05 06:35:00,39.54,83.56,63.68,96.17,34.48,18.67,259.55,422.54,0
2026-01-05 06:40:00,38.32,66.2,25.67,109.51,39.89,26.79,488.3,618.09,0
2026-01-05 06:45:00,63.73,100.0,57.16,100.32,10.23,15.39,309.99,311.62,0
2026-01-05 06:50:00,68.54,65.18,56.17,104.78,16.76,26.68,148.63,483.69,0
2026-01-05 06:55:00,46.15,63.72,57.16,124.28,33.78,9.92,208.88,397.44,0
2026-01-05 07:00:00,62.53,64.92,53.18,170.64,45.21,0.0,388.55,379.91,0
2026-01-05 07:05:00,73.41,44.3,46.07,142.22,39.63,22.52,552.41,549.57,0
2026-01-05 07:10:00,74.36,49.34,32.85,179.24,18.02,15.37,51.17,225.29,0
2026-01-05 07:15:00,93.04,58.45,64.32,177.42,30.27,9.24,450.54,384.56,0
2026-01-05 07:20:00,87.54,88.44,57.2,131.47,65.24,10.07,193.7,354.08,0
2026-01-05 07:25:00,41.97,67.4,40.0,140.7,45.89,19.88,0.0,123.96,0
2026-01-05 07:30:00,95.67,59.28,63.0,180.98,31.75,5.23,0.0,534.89,0
2026-01-05 07:35:00,51.38,90.08,57.28,58.88,14.48,19.5,490.15,474.35,0
2026-01-05 07:40:00,82.9,95.92,54.62,257.4,20.73,29.26,511.6,355.08,1
2026-01-05 07:45:00,63.36,90.6,27.49,91.81,35.13,39.72,147.57,310.79,0
2026-01-05 07:50:00,53.76,52.64,72.92,100.7,40.52,31.85,211.81,350.03,0
2026-01-05 07:55:00,25.85,59.09,42.27,53.35,46.31,16.94,0.0,456.11,0
2026-01-05 08:00:00,58.57,100.0,63.01,54.98,42.76,18.09,387.17,357.93,0
2026-01-05 08:05:00,30.81,72.34,49.07,173.57,27.6,10.2,244.89,249.87,0
2026-01-05 08:10:00,81.35,63.18,55.78,244.86,24.78,9.41,0.0,272.44,0
2026-01-05 08:15:00,92.34,80.93,80.44,88.8,75.94,25.46,286.85,348.18,1
2026-01-05 08:20:00,46.06,86.13,70.51,139.1,23.87,11.31,0.0,210.11,0
2026-01-05 08:25:00,68.04,57.71,80.08,132.11,9.17,19.39,350.35,400.0,0
2026-01-05 08:30:00,47.49,71.95,67.29,175.01,2.23,3.45,55.09,231.05,0
2026-01-05 08:35:00,49.43,84.68,68.34,242.03,27.94,31.44,310.67,206.85,0
2026-01-05 08:40:00,77.49,47.11,33.5,203.65,53.8,11.13,132.45,828.97,0
2026-01-05 08:45:00,61.23,68.22,56.92,106.87,23.48,28.06,0.0,640.98,0
2026-01-05 08:50:00,96.79,47.94,58.4,149.08,64.55,6.55,429.31,371.59,0
2026-01-05 08:55:00,52.36,50.3,81.58,154.54,34.85,5.92,439.17,477.65,0
2026-01-05 09:00:00,81.99,57.86,53.9,118.9,57.19,30.94,156.08,503.14,0
2026-01-05 09:05:00,63.95,76.59,66.24,59.72,19.85,7.49,299.4,338.68,0
2026-01-05 09:10:00,77.92,62.2,65.61,76.07,20.16,0.0,328.87,392.41,0
2026-01-05 09:15:00,53.06,56.33,80.52,183.15,36.82,2.52,334.69,310.67,0
2026-01-05 09:20:00,61.01,68.93,59.86,188.82,44.65,25.28,560.61,538.35,0
2026-01-05 09:25:00,59.69,47.35,75.24,108.58,31.42,24.13,325.02,540.41,0
2026-01-05 09:30:00,45.28,75.72,34.72,134.36,40.85,5.85,185.62,584.29,0
2026-01-05 09:35:00,75.24,88.36,36.18,185.85,46.77,7.42,327.02,389.9,0
2026-01-05 09:40:00,75.0,66.57,25.47,26.27,6.59,23.08,172.61,675.17,0
2026-01-05 09:45:00,73.87,64.35,74.58,95.45,28.18,30.79,58.2,338.55,0
2026-01-05 09:50:00,92.74,74.72,72.78,230.98,24.63,14.17,469.55,657.04,0
2026-01-05 09:55:00,90.99,31.49,76.35,136.46,25.6,21.65,346.15,280.51,0
2026-01-05 10:00:00,54.5,77.66,51.16,57.89,43.14,25.48,0.0,155.38,0
2026-01-05 10:05:00,69.46,100.0,52.98,126.45,24.9,40.84,126.94,654.17,0
2026-01-05 10:10:00,49.53,65.79,60.06,176.18,0.0,1.13,386.38,449.06,0
2026-01-05 10:15:00,62.47,65.86,85.1,5.0,30.27,6.98,0.0,427.87,0
2026-01-05 10:20:00,50.01,81.38,89.1,129.7,13.71,8.92,114.47,295.93,0
2026-01-05 10:25:00,94.4,97.62,74.7,99.52,44.93,24.93,729.07,223.23,0
2026-01-05 10:30:00,69.27,85.55,67.3,29.69,51.11,11.98,190.4,237.46,0
2026-01-05 10:35:00,57.64,29.2,83.37,124.51,0.0,18.75,444.88,370.78,0
2026-01-05 10:40:00,85.87,78.14,57.91,112.49,19.52,16.46,520.08,327.47,0
2026-01-05 10:45:00,18.59,100.0,55.74,118.68,42.07,15.02,86.47,58.91,0
2026-01-05 10:50:00,21.72,79.2,59.94,100.85,6.82,16.29,297.95,604.06,0
2026-01-05 10:55:00,77.92,47.22,46.34,63.83,50.65,27.36,620.59,287.04,0
2026-01-05 11:00:00,63.21,73.07,59.2,39.99,55.99,3.35,332.71,535.76,0
2026-01-05 11:05:00,67.01,44.95,44.12,82.01,31.76,13.22,675.79,244.15,0
2026-01-05 11:10:00,35.47,90.19,78.4,167.26,19.52,0.42,135.36,373.23,0
2026-01-05 11:15:00,61.54,50.79,70.7,132.82,0.0,17.72,573.48,495.85,0
2026-01-05 11:20:00,100.0,69.34,84.87,116.2,51.28,12.65,253.0,475.15,1
2026-01-05 11:25:00,78.48,52.56,35.93,62.81,75.05,27.83,191.05,309.81,0
2026-01-05 11:30:00,65.39,58.16,92.43,99.43,70.91,14.94,365.21,426.39,0
2026-01-05 11:35:00,53.22,94.75,36.84,160.54,31.1,9.67,229.94,451.39,0
2026-01-05 11:40:00,54.11,69.86,42.83,147.76,13.15,12.04,234.78,327.81,0
2026-01-05 11:45:00,19.42,57.93,52.07,93.75,51.75,35.68,337.33,182.94,0
2026-01-05 11:50:00,67.15,47.39,82.92,5.0,32.46,0.0,0.0,256.31,0
2026-01-05 11:55:00,78.91,34.31,65.61,82.88,44.56,7.47,106.24,293.12,0
2026-01-05 12:00:00,30.49,45.48,58.1,93.45,41.06,15.43,380.08,353.91,0
2026-01-05 12:05:00,48.77,70.02,49.32,70.11,36.86,7.36,428.48,588.86,0
2026-01-05 12:10:00,38.85,85.64,39.99,97.28,55.57,20.89,314.3,486.12,0
2026-01-05 12:15:00,42.69,57.91,80.12,164.91,56.31,14.32,299.66,227.59,0
2026-01-05 12:20:00,63.07,96.27,74.78,117.95,24.55,18.07,322.42,625.48,0
2026-01-05 12:25:00,20.31,55.08,83.64,174.43,16.54,16.41,422.4,338.18,0
2026-01-05 12:30:00,74.29,63.72,68.35,37.04,0.0,13.76,0.0,450.84,0
2026-01-05 12:35:00,77.08,48.57,20.0,103.22,28.08,0.0,158.29,209.15,0
2026-01-05 12:40:00,56.98,85.83,42.09,13.35,13.13,17.11,236.6,282.16,0
2026-01-05 12:45:00,12.39,100.0,69.44,96.54,43.38,0.0,285.24,505.69,0
2026-01-05 12:50:00,42.07,36.29,56.08,62.49,28.28,6.94,0.0,218.17,0
2026-01-05 12:55:00,86.66,61.77,53.06,190.47,30.45,20.87,23.67,358.28,0
2026-01-05 13:00:00,6.44,90.77,44.35,142.53,51.24,29.28,247.0,420.64,0
2026-01-05 13:05:00,55.05,41.95,77.16,175.82,42.95,43.19,432.37,196.56,0
2026-01-05 13:10:00,38.4,78.2,69.3,96.39,32.67,9.86,174.57,83.37,0
2026-01-05 13:15:00,78.09,89.99,70.02,63.92,68.73,4.62,129.96,486.11,0
2026-01-05 13:20:00,48.5,69.41,51.86,62.16,49.76,21.27,345.16,779.51,0
2026-01-05 13:25:00,70.08,77.9,64.82,134.6,26.68,37.44,190.95,418.83,0
2026-01-05 13:30:00,73.31,99.7,40.6,219.56,27.57,33.39,408.56,447.61,1
2026-01-05 13:35:00,98.72,100.0,59.92,142.68,50.77,2.58,210.16,217.39,0
2026-01-05 13:40:00,57.94,66.88,21.55,99.39,39.06,13.31,49.26,570.45,0
2026-01-05 13:45:00,69.52,58.42,36.91,109.62,12.58,25.2,505.71,293.49,0
2026-01-05 13:50:00,32.3,51.44,56.84,118.28,52.89,26.04,472.71,524.56,0
2026-01-05 13:55:00,85.81,85.59,100.0,231.47,60.14,22.1,78.01,441.09,1
2026-01-05 14:00:00,46.79,43.31,33.19,187.85,58.63,9.62,321.23,444.75,0
2026-01-05 14:05:00,50.78,63.45,42.1,134.3,65.85,22.0,191.2,439.0,0
2026-01-05 14:10:00,61.56,69.85,65.47,126.04,76.38,26.15,361.43,434.22,0
2026-01-05 14:15:00,30.74,58.95,90.31,136.46,69.6,3.82,92.38,392.51,0
2026-01-05 14:20:00,66.58,73.04,65.23,147.19,41.81,30.96,406.93,495.39,0
2026-01-05 14:25:00,81.35,100.0,73.23,97.27,30.83,26.9,465.09,241.09,0
2026-01-05 14:30:00,67.86,65.81,56.6,73.58,0.0,6.1,79.48,314.18,0
2026-01-05 14:35:00,30.22,60.16,53.83,176.77,35.22,26.1,262.19,570.21,0
2026-01-05 14:40:00,59.52,86.28,63.31,121.21,45.38,24.76,468.87,375.94,0
2026-01-05 14:45:00,76.84,72.31,51.47,172.18,35.87,25.21,69.75,301.11,0
2026-01-05 14:50:00,24.44,93.91,73.59,210.54,0.0,33.91,129.61,505.23,1
2026-01-05 14:55:00,40.5,70.96,36.3,148.63,29.27,14.87,369.11,475.61,0
2026-01-05 15:00:00,79.53,63.53,76.24,139.72,47.91,18.98,221.08,155.03,0
2026-01-05 15:05:00,67.4,35.89,62.63,296.01,14.48,0.0,0.0,459.49,0
2026-01-05 15:10:00,70.24,38.84,58.56,131.39,38.31,28.39,192.36,370.6,0
2026-01-05 15:15:00,99.19,34.96,35.71,60.02,43.63,27.24,564.36,456.79,0
2026-01-05 15:20:00,71.37,74.83,46.32,104.53,57.36,31.27,621.32,351.61,0
2026-01-05 15:25:00,75.16,43.48,81.18,205.34,69.25,3.76,135.32,419.65,0
2026-01-05 15:30:00,100.0,90.6,58.66,48.82,27.44,26.54,85.61,75.35,0
2026-01-05 15:35:00,57.72,68.54,66.45,78.61,38.68,27.22,167.56,215.76,0
2026-01-05 15:40:00,46.04,63.6,47.93,180.85,39.3,7.19,574.34,461.02,0
2026-01-05 15:45:00,70.56,52.81,61.54,105.06,47.99,27.67,401.58,743.22,0
2026-01-05 15:50:00,70.78,79.2,40.05,113.94,45.75,20.56,513.54,405.09,0
2026-01-05 15:55:00,51.47,53.52,63.6,179.04,63.5,0.0,429.76,246.08,0
2026-01-05 16:00:00,41.35,50.26,67.93,80.57,0.0,22.01,12.51,370.31,0
2026-01-05 16:05:00,100.0,89.39,67.13,39.23,43.36,5.79,79.21,215.99,0
2026-01-05 16:10:00,68.54,74.38,47.54,43.61,44.75,0.0,124.69,537.47,0
2026-01-05 16:15:00,47.35,63.77,56.53,152.0,30.3,19.4,156.04,357.21,0
2026-01-05 16:20:00,80.32,79.55,70.6,134.25,0.0,14.22,127.9,507.98,0
2026-01-05 16:25:00,59.82,68.16,58.62,81.91,33.78,31.85,148.85,326.98,0
2026-01-05 16:30:00,56.94,74.89,57.4,56.27,20.79,17.18,365.29,521.29,0
2026-01-05 16:35:00,73.25,53.3,92.46,105.12,68.56,24.34,274.44,106.46,0
2026-01-05 16:40:00,36.16,100.0,46.78,181.41,42.51,21.11,469.56,353.67,0
2026-01-05 16:45:00,69.05,57.57,79.29,74.03,19.09,27.25,295.33,430.94,0
2026-01-05 16:50:00,100.0,96.01,43.53,83.55,0.0,4.36,128.27,309.75,0
2026-01-05 16:55:00,71.32,64.6,72.48,54.52,46.81,17.38,283.92,403.93,0
2026-01-05 17:00:00,54.48,82.53,73.33,99.79,48.92,13.31,0.0,401.38,0
2026-01-05 17:05:00,51.86,81.22,53.83,138.59,30.68,22.84,0.0,507.33,0
2026-01-05 17:10:00,53.79,88.64,42.52,236.33,47.07,18.07,365.78,443.23,0
2026-01-05 17:15:00,56.92,52.87,30.47,131.98,28.03,7.63,433.3,408.94,0
2026-01-05 17:20:00,54.44,87.36,52.16,117.05,56.34,10.94,262.98,481.92,0
2026-01-05 17:25:00,80.33,100.0,70.42,167.46,54.85,34.78,179.56,147.04,0
2026-01-05 17:30:00,27.34,63.34,44.76,158.29,2.22,0.0,8.46,237.14,0
2026-01-05 17:35:00,79.24,68.62,63.55,88.23,7.1,23.51,460.05,142.21,0
2026-01-05 17:40:00,54.41,58.58,38.38,246.61,75.63,29.9,338.66,432.29,0
2026-01-05 17:45:00,69.54,61.76,58.26,118.66,53.64,21.95,302.41,412.07,0
2026-01-05 17:50:00,39.46,98.81,43.65,133.0,9.75,38.65,249.13,557.79,0
2026-01-05 17:55:00,88.57,49.92,60.75,150.32,3.59,26.26,165.48,402.75,0
2026-01-05 18:00:00,86.91,51.04,53.98,139.02,39.16,19.61,49.61,255.24,0
2026-01-05 18:05:00,81.19,97.0,42.95,203.9,12.15,9.4,295.49,370.1,1
2026-01-05 18:10:00,31.7,79.24,51.46,87.56,28.67,19.83,153.07,68.69,0
2026-01-05 18:15:00,78.58,100.0,47.05,163.09,34.05,23.18,173.69,288.77,0
2026-01-05 18:20:00,70.1,59.89,40.98,129.05,33.19,15.04,559.21,50.0,0
2026-01-05 18:25:00,29.89,70.27,79.32,174.05,57.53,6.09,241.35,399.28,0
2026-01-05 18:30:00,61.51,56.11,56.24,108.18,71.7,0.55,0.0,308.11,0
2026-01-05 18:35:00,69.29,70.58,26.76,100.73,25.42,17.22,153.62,330.16,0
2026-01-05 18:40:00,73.12,36.07,52.03,160.26,12.39,0.0,69.74,210.26,0
2026-01-05 18:45:00,65.55,80.33,76.64,139.69,42.78,9.34,224.94,249.67,0
2026-01-05 18:50:00,67.82,73.82,49.82,74.88,67.63,0.0,0.0,453.89,0
2026-01-05 18:55:00,91.47,66.96,85.96,194.01,26.94,25.0,328.05,134.59,1
2026-01-05 19:00:00,86.52,60.97,48.29,160.29,52.01,28.85,196.71,425.85,0
2026-01-05 19:05:00,5.0,51.89,70.05,115.92,18.26,15.95,164.37,228.32,0
2026-01-05 19:10:00,55.65,81.1,78.59,94.25,35.43,36.98,276.93,97.85,0
2026-01-05 19:15:00,58.71,46.92,69.2,140.03,11.76,31.17,236.2,533.95,0
2026-01-05 19:20:00,26.96,77.21,40.01,156.33,35.22,20.76,225.75,549.38,0
2026-01-05 19:25:00,63.88,100.0,46.92,32.33,32.67,13.64,209.65,269.08,0
2026-01-05 19:30:00,86.98,94.74,80.72,140.66,47.16,10.81,246.34,267.61,1
2026-01-05 19:35:00,40.27,40.91,49.13,155.89,70.56,21.75,311.77,312.37,0
2026-01-05 19:40:00,68.73,58.34,77.61,5.0,27.22,13.31,289.23,228.49,0
2026-01-05 19:45:00,43.68,75.59,55.12,130.79,0.0,21.58,452.84,254.92,0
2026-01-05 19:50:00,48.56,66.73,64.26,158.2,30.96,22.47,151.6,417.51,0
2026-01-05 19:55:00,91.55,42.81,39.82,151.95,40.99,12.25,292.86,661.08,0
2026-01-05 20:00:00,51.15,74.94,52.27,164.13,39.04,28.15,690.3,296.79,0
2026-01-05 20:05:00,71.24,67.82,48.0,101.98,31.85,12.26,242.63,503.47,0
2026-01-05 20:10:00,24.58,100.0,65.61,62.81,64.75,15.26,249.61,402.93,0
2026-01-05 20:15:00,99.25,63.44,63.49,21.01,37.72,3.27,22.59,99.16,0
2026-01-05 20:20:00,74.05,89.02,69.4,180.07,32.9,11.75,121.62,346.33,0
2026-01-05 20:25:00,58.35,45.19,54.15,158.67,19.45,40.9,230.85,327.49,0
2026-01-05 20:30:00,73.51,49.5,47.12,184.27,0.07,4.2,346.02,569.68,0
2026-01-05 20:35:00,33.8,80.99,64.92,80.12,41.58,20.25,366.85,575.77,0
2026-01-05 20:40:00,85.65,87.51,45.53,164.21,39.91,9.55,308.73,406.52,0
2026-01-05 20:45:00,55.52,50.77,79.25,37.35,13.81,0.0,394.74,532.14,0
2026-01-05 20:50:00,57.92,68.43,60.17,72.18,34.11,21.71,70.12,328.05,0
2026-01-05 20:55:00,52.17,43.13,56.78,126.93,32.12,8.33,338.0,517.9,0
2026-01-05 21:00:00,50.39,64.74,69.39,156.48,22.51,18.83,252.4,365.05,0
2026-01-05 21:05:00,75.89,83.06,60.78,212.35,19.13,26.88,272.48,514.65,0
2026-01-05 21:10:00,67.12,60.17,35.47,106.8,43.1,17.82,184.78,529.91,0
2026-01-05 21:15:00,75.03,63.52,45.02,72.38,30.48,18.94,78.45,457.47,0
2026-01-05 21:20:00,61.82,47.66,78.92,69.56,23.18,4.58,31.27,238.76,0
2026-01-05 21:25:00,72.26,56.33,63.34,82.17,17.77,23.48,307.72,286.92,0
2026-01-05 21:30:00,53.62,99.65,35.09,242.16,32.4,12.72,339.61,462.84,1
2026-01-05 21:35:00,100.0,69.31,67.63,161.63,53.49,0.0,226.68,484.02,0
2026-01-05 21:40:00,30.64,49.96,53.05,181.19,39.13,24.93,247.33,373.76,0
2026-01-05 21:45:00,87.22,62.33,48.01,106.86,30.26,28.6,120.36,303.16,0
2026-01-05 21:50:00,89.36,39.25,43.68,119.91,41.17,32.77,340.55,378.71,0
2026-01-05 21:55:00,44.96,49.75,78.0,158.46,62.29,41.05,260.91,308.23,0
2026-01-05 22:00:00,100.0,92.49,30.55,92.18,44.81,24.28,184.19,309.06,0
2026-01-05 22:05:00,81.91,65.44,48.6,103.98,40.2,21.17,405.9,644.01,0
2026-01-05 22:10:00,81.42,100.0,63.92,82.89,47.77,28.1,366.1,278.68,0
2026-01-05 22:15:00,62.56,66.28,87.25,95.39,31.84,4.36,0.0,426.17,0
2026-01-05 22:20:00,57.66,67.35,70.86,122.69,38.68,0.0,258.85,372.94,0
2026-01-05 22:25:00,57.81,79.54,48.46,74.81,25.22,9.28,77.52,166.02,0
2026-01-05 22:30:00,69.81,19.89,86.47,135.73,3.99,30.33,275.11,160.85,0
2026-01-05 22:35:00,90.02,71.69,40.32,135.65,41.86,7.07,0.0,337.83,0
2026-01-05 22:40:00,65.63,67.12,66.25,110.14,41.93,20.59,285.49,57.1,0
2026-01-05 22:45:00,43.77,94.75,69.8,74.49,29.25,21.88,378.16,624.56,0
2026-01-05 22:50:00,78.49,85.36,47.9,125.77,55.72,17.93,230.06,295.76,0
2026-01-05 22:55:00,80.42,47.59,73.16,92.23,20.57,0.0,40.35,283.52,0
2026-01-05 23:00:00,75.09,90.36,53.78,122.56,0.0,19.11,602.15,533.46,0
2026-01-05 23:05:00,76.91,63.28,73.12,180.4,21.06,9.94,458.07,328.89,0
2026-01-05 23:10:00,56.58,51.72,32.57,51.09,4.18,35.43,154.41,447.66,0
2026-01-05 23:15:00,43.42,71.55,67.36,239.54,41.76,28.64,203.02,264.11,0
2026-01-05 23:20:00,44.64,64.35,55.41,116.01,19.96,10.36,0.0,356.82,0
2026-01-05 23:25:00,29.29,95.69,80.4,142.65,54.69,36.19,335.21,495.27,0
2026-01-05 23:30:00,66.74,74.13,61.3,78.6,54.28,19.12,3.54,220.73,0
2026-01-05 23:35:00,60.33,71.7,81.99,182.82,16.5,0.0,369.95,429.16,0
2026-01-05 23:40:00,53.2,84.21,70.12,113.09,18.84,14.06,434.67,50.0,0
2026-01-05 23:45:00,5.0,87.67,59.96,98.32,45.69,34.62,237.35,539.83,0
2026-01-05 23:50:00,37.05,82.1,74.6,88.35,54.6,5.16,58.4,266.54,0
2026-01-05 23:55:00,84.42,93.55,74.7,105.23,0.0,14.18,474.82,337.15,0
2026-01-06 00:00:00,48.71,78.96,69.55,143.01,40.63,0.0,250.39,335.31,0
2026-01-06 00:05:00,69.21,71.02,25.32,129.5,0.0,0.59,266.78,203.77,0
2026-01-06 00:10:00,34.19,90.31,46.28,117.81,24.03,4.99,82.32,192.26,0
2026-01-06 00:15:00,90.77,66.36,84.15,80.87,56.87,0.27,284.75,428.2,1
2026-01-06 00:20:00,59.12,68.6,41.9,77.7,95.2,7.58,213.48,435.25,0
2026-01-06 00:25:00,67.8,98.99,76.12,94.65,30.22,35.86,10.87,217.21,0
2026-01-06 00:30:00,100.0,97.19,73.3,145.32,10.06,14.57,491.2,431.16,0
2026-01-06 00:35:00,92.33,67.85,50.39,156.42,24.73,24.43,566.64,433.68,0
2026-01-06 00:40:00,55.87,59.84,30.08,163.84,36.32,28.1,433.28,293.27,0
2026-01-06 00:45:00,50.14,94.34,52.9,119.92,21.6,1.7,406.39,155.98,0
2026-01-06 00:50:00,55.49,82.41,95.25,141.1,16.5,5.02,567.72,344.37,0
2026-01-06 00:55:00,72.2,73.68,48.19,110.74,26.46,24.19,61.45,404.76,0
2026-01-06 01:00:00,59.9,62.21,49.29,24.17,42.91,7.39,59.29,341.17,0
2026-01-06 01:05:00,54.1,73.97,46.04,108.12,31.61,23.4,175.41,261.13,0
2026-01-06 01:10:00,91.34,67.61,81.44,99.36,17.37,35.13,303.61,420.05,1
2026-01-06 01:15:00,59.72,56.04,58.11,62.85,21.6,0.0,197.33,539.8,0
2026-01-06 01:20:00,100.0,70.32,51.99,88.79,26.72,10.72,66.4,234.46,0
2026-01-06 01:25:00,63.81,72.78,84.62,127.43,15.01,12.62,251.02,305.3,0
2026-01-06 01:30:00,97.71,61.24,71.27,57.67,20.86,8.68,233.01,761.47,0
2026-01-06 01:35:00,69.15,84.27,47.29,80.91,47.87,7.7,401.44,393.63,0
2026-01-06 01:40:00,81.26,91.2,42.42,205.13,30.39,9.09,258.02,159.98,1
2026-01-06 01:45:00,47.51,85.46,80.53,31.85,0.0,14.82,0.0,278.36,0
2026-01-06 01:50:00,44.92,63.03,62.27,109.92,55.5,16.98,319.38,236.46,0
2026-01-06 01:55:00,71.19,81.6,37.21,55.85,43.33,26.44,534.72,407.06,0
2026-01-06 02:00:00,81.77,69.4,33.47,78.66,7.34,14.7,255.21,396.16,0
2026-01-06 02:05:00,62.81,45.76,44.14,109.12,27.69,28.42,427.65,254.53,0
2026-01-06 02:10:00,36.27,80.11,42.17,65.68,19.16,7.9,159.08,628.45,0
2026-01-06 02:15:00,34.79,70.63,29.26,151.57,48.54,0.58,351.83,362.77,0
2026-01-06 02:20:00,33.46,100.0,44.41,194.31,27.57,11.34,115.97,281.64,0
2026-01-06 02:25:00,26.65,94.23,47.29,166.29,33.54,20.55,205.63,166.83,0
2026-01-06 02:30:00,64.19,80.8,54.6,176.35,31.22,25.33,207.05,215.79,0
2026-01-06 02:35:00,84.5,72.49,89.09,44.11,5.4,32.52,335.8,163.1,0
2026-01-06 02:40:00,61.73,70.95,57.73,106.63,63.11,18.48,101.65,321.41,0
2026-01-06 02:45:00,16.79,49.93,59.32,145.71,48.25,24.04,0.0,217.26,0
2026-01-06 02:50:00,58.18,36.7,70.15,167.92,20.05,31.43,334.62,467.6,0
2026-01-06 02:55:00,58.74,52.29,58.2,216.43,38.84,5.65,327.85,262.34,0
2026-01-06 03:00:00,100.0,67.14,68.4,178.8,54.48,12.48,270.25,476.03,0
2026-01-06 03:05:00,32.86,30.1,66.49,169.31,36.11,48.25,417.92,423.72,0
2026-01-06 03:10:00,54.19,58.2,63.96,264.85,66.14,25.28,213.53,446.83,0
2026-01-06 03:15:00,96.12,63.54,105.0,125.3,93.36,21.13,300.64,484.51,1
2026-01-06 03:20:00,71.0,64.12,76.58,104.1,32.48,25.72,187.01,649.0,0
2026-01-06 03:25:00,73.27,56.09,44.69,129.75,23.35,0.0,203.45,222.65,0
2026-01-06 03:30:00,64.29,61.85,67.92,69.67,15.21,7.24,311.24,476.9,0
2026-01-06 03:35:00,68.6,99.03,49.33,123.72,0.0,2.85,657.99,409.72,0
2026-01-06 03:40:00,77.55,79.92,69.14,25.02,59.96,20.02,383.61,509.49,0
2026-01-06 03:45:00,45.81,57.91,40.0,90.88,27.93,10.57,348.75,366.62,0
2026-01-06 03:50:00,79.56,66.77,44.28,113.66,52.51,16.14,389.22,526.4,0
2026-01-06 03:55:00,34.54,67.49,67.5,172.23,56.53,11.27,0.0,156.26,0
2026-01-06 04:00:00,68.57,54.18,77.96,181.11,13.38,0.0,307.45,199.35,0
2026-01-06 04:05:00,65.57,54.16,70.04,67.0,16.38,25.62,413.89,264.62,0
2026-01-06 04:10:00,49.67,86.19,75.67,234.18,69.89,0.0,265.2,338.79,0
2026-01-06 04:15:00,61.55,60.44,67.98,128.16,33.6,6.27,242.23,356.95,0
2026-01-06 04:20:00,49.55,48.3,64.76,133.2,21.79,0.0,80.81,239.0,0
2026-01-06 04:25:00,40.57,67.22,53.94,31.03,14.1,4.44,171.99,201.37,0
2026-01-06 04:30:00,54.93,70.12,75.01,85.9,32.17,17.42,99.97,251.71,0
2026-01-06 04:35:00,39.92,32.49,78.4,177.74,65.16,29.82,429.91,93.6,0
2026-01-06 04:40:00,68.46,67.27,60.99,129.34,48.71,0.0,520.3,306.78,0
2026-01-06 04:45:00,39.0,83.62,60.13,125.93,38.64,8.31,598.31,341.24,0
2026-01-06 04:50:00,76.24,76.12,87.46,132.49,66.77,0.0,97.0,416.16,0
2026-01-06 04:55:00,38.37,100.0,61.67,40.62,62.92,7.74,129.69,375.03,0
2026-01-06 05:00:00,50.67,90.52,63.21,114.69,41.68,15.86,115.05,619.01,0
2026-01-06 05:05:00,49.51,94.08,69.75,197.46,90.52,24.2,66.66,471.86,0
2026-01-06 05:10:00,88.5,100.0,60.44,179.77,30.05,0.0,69.56,460.6,0
2026-01-06 05:15:00,68.61,81.65,48.87,113.11,56.96,21.61,157.21,404.71,0
2026-01-06 05:20:00,57.77,70.94,68.05,206.0,27.14,3.33,407.41,430.36,0
2026-01-06 05:25:00,71.97,85.53,61.38,50.75,53.06,0.41,120.79,316.89,0
2026-01-06 05:30:00,19.86,57.93,91.48,66.56,30.03,15.81,439.55,364.94,0
2026-01-06 05:35:00,61.14,69.94,74.62,222.5,44.23,22.53,496.14,638.23,0
2026-01-06 05:40:00,100.0,56.34,52.47,151.79,82.8,13.79,301.32,339.49,0
2026-01-06 05:45:00,64.65,75.16,73.66,104.11,54.04,1.88,471.24,150.22,0
2026-01-06 05:50:00,63.36,56.27,66.93,116.96,44.54,13.79,4.97,454.52,0
2026-01-06 05:55:00,72.96,55.64,82.95,75.64,19.51,6.3,149.53,481.28,0
2026-01-06 06:00:00,79.91,75.44,53.61,135.21,38.76,22.25,284.09,373.18,0
2026-01-06 06:05:00,22.05,65.52,65.02,130.86,14.84,27.9,290.18,68.25,0
2026-01-06 06:10:00,28.35,33.3,60.41,121.09,52.74,27.14,507.26,542.99,0
2026-01-06 06:15:00,66.21,41.8,62.94,56.21,52.24,14.76,70.21,384.49,0
2026-01-06 06:20:00,47.7,47.35,47.84,134.56,31.41,28.47,153.35,303.46,0
2026-01-06 06:25:00,88.24,52.11,71.21,90.88,68.27,2.75,234.7,528.21,0
2026-01-06 06:30:00,55.7,75.46,68.69,65.77,65.46,36.39,156.65,50.0,0
2026-01-06 06:35:00,23.31,71.94,82.56,189.67,37.99,2.68,62.33,366.78,0
2026-01-06 06:40:00,36.64,87.18,61.84,239.33,46.31,0.0,164.22,268.88,0
2026-01-06 06:45:00,7.01,81.55,55.41,226.84,23.23,31.39,205.81,573.82,0
2026-01-06 06:50:00,57.32,87.29,74.63,155.76,29.56,6.48,510.56,386.43,0
2026-01-06 06:55:00,58.23,78.95,49.29,105.39,13.44,16.4,66.36,220.3,0
2026-01-06 07:00:00,53.51,71.77,79.36,116.13,25.43,2.63,396.73,520.74,0
2026-01-06 07:05:00,83.58,87.79,79.33,142.31,32.91,43.36,478.98,50.0,0
2026-01-06 07:10:00,85.97,84.55,82.12,96.89,1.79,36.86,157.73,426.19,1
2026-01-06 07:15:00,58.59,74.77,68.03,192.53,46.54,33.56,296.78,160.51,0
2026-01-06 07:20:00,19.31,90.88,54.22,8.03,55.44,16.06,353.67,280.63,0
2026-01-06 07:25:00,74.35,25.78,63.75,103.74,34.84,26.77,323.98,313.9,0
2026-01-06 07:30:00,73.11,62.77,68.08,164.06,0.0,14.36,264.79,486.52,0
2026-01-06 07:35:00,68.19,62.5,53.04,73.52,29.94,28.47,127.81,680.51,0
2026-01-06 07:40:00,81.63,88.75,83.33,106.79,7.13,10.07,369.24,83.07,0
2026-01-06 07:45:00,38.7,96.29,71.28,152.65,22.81,34.02,182.6,416.95,0
2026-01-06 07:50:00,100.0,41.9,47.72,203.5,64.04,9.47,255.16,680.37,0
2026-01-06 07:55:00,42.81,93.4,92.13,48.83,0.0,10.83,281.65,264.06,0
2026-01-06 08:00:00,76.98,46.91,63.56,44.76,18.67,9.4,404.08,254.75,0
2026-01-06 08:05:00,28.25,47.46,44.49,67.97,51.59,17.31,597.03,385.39,0
2026-01-06 08:10:00,43.39,63.78,48.72,35.44,20.96,10.34,117.2,474.33,0
2026-01-06 08:15:00,92.33,62.27,85.8,39.35,19.43,20.85,259.46,448.64,1
2026-01-06 08:20:00,56.78,39.95,91.2,66.5,75.65,9.23,0.0,296.19,0
2026-01-06 08:25:00,78.8,79.7,78.15,187.84,42.57,24.49,516.66,229.62,0
2026-01-06 08:30:00,66.74,80.23,83.11,102.84,53.69,33.22,257.89,547.42,0
2026-01-06 08:35:00,59.9,86.97,81.47,121.73,44.89,15.93,196.06,233.81,0
2026-01-06 08:40:00,89.28,60.2,70.91,67.45,38.23,41.62,259.4,62.57,0
2026-01-06 08:45:00,57.27,67.29,67.26,154.84,60.28,28.53,268.5,131.99,0
2026-01-06 08:50:00,26.39,67.45,70.64,223.17,73.11,40.66,118.27,263.58,0
2026-01-06 08:55:00,45.94,98.38,73.78,71.18,1.33,14.27,463.83,573.88,0
2026-01-06 09:00:00,73.02,16.98,50.13,214.86,34.29,0.0,366.05,171.75,0
2026-01-06 09:05:00,69.91,50.78,73.71,140.04,34.14,6.53,391.15,578.29,0
2026-01-06 09:10:00,30.66,68.1,85.34,120.93,26.41,7.75,127.6,546.02,0
2026-01-06 09:15:00,47.51,48.46,58.7,142.01,54.62,3.56,117.86,383.78,0
2026-01-06 09:20:00,50.37,63.35,56.99,141.48,40.14,0.0,229.56,50.0,0
2026-01-06 09:25:00,54.69,65.73,69.62,222.14,73.51,27.3,393.99,172.39,0
2026-01-06 09:30:00,34.48,56.16,51.61,148.61,57.01,0.0,340.31,254.97,0
2026-01-06 09:35:00,49.43,69.16,40.93,149.76,62.29,26.15,110.02,609.61,0
2026-01-06 09:40:00,47.43,79.31,80.36,96.82,11.02,41.23,370.2,264.62,0
2026-01-06 09:45:00,77.43,63.75,54.78,166.15,18.88,5.66,75.02,234.06,0
2026-01-06 09:50:00,78.18,59.84,62.3,67.37,20.53,19.65,130.91,378.25,0
2026-01-06 09:55:00,59.08,65.02,52.24,126.0,61.46,10.22,278.39,138.57,0
2026-01-06 10:00:00,54.16,67.87,82.43,278.58,15.66,24.92,39.13,346.31,0
2026-01-06 10:05:00,64.8,36.67,75.65,5.0,16.24,0.67,76.56,230.22,0
2026-01-06 10:10:00,45.67,76.31,58.15,132.82,12.57,13.42,529.38,753.16,0
2026-01-06 10:15:00,39.06,59.88,43.12,134.94,90.06,28.45,495.93,212.36,0
2026-01-06 10:20:00,43.2,90.71,56.45,107.46,32.16,14.41,662.15,639.49,0
2026-01-06 10:25:00,49.3,78.64,71.12,108.75,45.6,0.0,331.1,178.97,0
2026-01-06 10:30:00,38.73,89.06,65.02,125.03,12.19,29.9,366.06,389.42,0
2026-01-06 10:35:00,65.24,49.8,63.75,106.14,54.19,0.0,222.11,425.05,0
2026-01-06 10:40:00,76.59,61.32,65.39,132.21,0.0,15.94,186.92,371.26,0
2026-01-06 10:45:00,30.26,45.64,74.14,93.18,15.42,21.99,406.94,362.06,0
2026-01-06 10:50:00,62.5,55.31,61.33,231.23,20.37,16.44,495.16,479.22,0
2026-01-06 10:55:00,57.6,90.54,69.2,106.14,39.38,45.45,391.6,412.61,0
2026-01-06 11:00:00,68.83,94.77,46.21,151.33,19.14,23.81,98.83,324.06,0
2026-01-06 11:05:00,61.74,47.33,102.86,83.2,65.48,12.57,320.49,248.84,0
2026-01-06 11:10:00,32.93,59.75,57.46,171.32,45.06,22.23,111.37,325.14,0
2026-01-06 11:15:00,36.75,66.63,65.26,160.34,21.21,17.52,191.59,323.29,0
2026-01-06 11:20:00,62.59,78.54,71.06,143.06,54.95,15.53,544.52,320.34,0
2026-01-06 11:25:00,82.58,36.32,55.43,63.5,27.13,17.93,34.08,361.43,0
2026-01-06 11:30:00,17.72,39.15,62.13,78.62,23.19,9.79,640.37,138.6,0
2026-01-06 11:35:00,68.91,76.81,61.93,212.74,52.92,17.55,348.92,195.86,0
2026-01-06 11:40:00,85.79,32.92,47.38,78.01,0.0,8.93,166.1,474.77,0
2026-01-06 11:45:00,58.94,59.96,69.02,155.25,49.7,0.0,262.28,50.0,0
2026-01-06 11:50:00,73.0,70.92,35.61,68.04,20.74,28.68,126.71,529.55,0
2026-01-06 11:55:00,47.94,75.48,90.04,175.46,20.71,8.21,151.56,266.16,0
2026-01-06 12:00:00,59.61,65.45,74.69,82.25,74.16,16.7,263.19,600.42,0
2026-01-06 12:05:00,29.58,61.42,72.23,67.02,24.38,5.87,190.79,533.93,0
2026-01-06 12:10:00,15.11,83.2,34.21,80.82,54.12,6.24,82.07,300.89,0
2026-01-06 12:15:00,80.86,73.13,49.32,89.54,40.58,2.53,210.15,316.44,0
2026-01-06 12:20:00,42.3,56.35,84.23,142.26,42.66,26.38,13.37,588.99,0
2026-01-06 12:25:00,52.89,68.68,105.0,123.82,29.99,29.28,21.07,540.99,0
2026-01-06 12:30:00,34.27,74.9,81.12,59.77,28.95,15.31,19.23,495.91,0
2026-01-06 12:35:00,33.8,98.93,78.59,118.46,65.56,8.56,550.84,521.63,0
2026-01-06 12:40:00,58.52,82.15,70.4,57.11,53.61,0.0,323.01,186.87,0
2026-01-06 12:45:00,47.41,89.86,48.44,155.4,25.01,24.55,357.25,380.79,0
2026-01-06 12:50:00,69.56,57.01,77.92,165.48,14.08,6.88,252.03,234.44,0
2026-01-06 12:55:00,71.05,58.56,44.38,118.68,23.31,1.59,341.13,183.02,0
2026-01-06 13:00:00,68.42,63.76,42.63,134.94,54.63,15.35,461.65,374.58,0
2026-01-06 13:05:00,66.77,65.42,41.62,216.37,58.57,10.99,323.41,287.92,0
2026-01-06 13:10:00,93.56,49.86,77.61,111.33,46.1,0.0,545.26,325.06,0
2026-01-06 13:15:00,40.65,90.79,61.08,68.07,2.66,0.0,243.31,274.99,0
2026-01-06 13:20:00,60.9,83.9,63.61,151.86,50.08,19.04,357.8,161.83,0
2026-01-06 13:25:00,84.65,62.5,61.75,57.7,61.07,7.13,376.72,604.52,0
2026-01-06 13:30:00,87.29,79.55,43.99,108.42,38.47,21.12,82.23,373.37,0
2026-01-06 13:35:00,33.56,72.01,51.27,87.06,74.6,16.76,257.69,133.67,0
2026-01-06 13:40:00,55.75,80.96,52.07,81.4,8.58,27.57,0.0,377.3,0
2026-01-06 13:45:00,89.16,43.8,39.52,106.25,48.7,5.01,226.62,578.21,0
2026-01-06 13:50:00,72.16,65.38,53.93,169.49,14.6,17.79,199.76,493.81,0
2026-01-06 13:55:00,65.91,66.96,44.7,180.81,56.17,22.66,188.99,272.19,0
2026-01-06 14:00:00,57.65,79.23,71.24,170.94,47.26,7.49,176.65,275.79,0
2026-01-06 14:05:00,54.32,56.69,72.58,138.5,71.03,28.53,342.16,206.44,0
2026-01-06 14:10:00,67.76,23.0,41.3,105.83,44.99,0.0,90.55,238.66,0
2026-01-06 14:15:00,56.95,48.53,57.25,5.0,26.92,5.0,584.8,250.87,0
2026-01-06 14:20:00,61.15,66.9,91.7,140.22,25.18,0.0,352.15,129.76,0
2026-01-06 14:25:00,63.57,69.15,46.31,5.0,30.0,6.17,105.47,283.4,0
2026-01-06 14:30:00,48.44,98.31,68.83,14.21,24.79,13.14,366.5,401.6,0
2026-01-06 14:35:00,72.64,78.49,63.69,111.11,61.94,24.98,429.07,287.9,0
2026-01-06 14:40:00,100.0,69.47,79.49,134.55,60.51,13.14,316.44,382.6,0
2026-01-06 14:45:00,26.46,67.42,66.73,95.19,5.07,7.86,68.95,593.29,0
2026-01-06 14:50:00,68.48,87.88,55.1,204.45,35.77,0.0,652.71,625.35,0
2026-01-06 14:55:00,46.8,57.38,63.07,145.42,36.25,0.43,365.11,339.81,0
2026-01-06 15:00:00,73.55,65.47,63.3,106.28,19.37,18.72,25.44,482.03,0
2026-01-06 15:05:00,62.93,48.39,60.53,196.25,43.76,25.58,287.64,325.0,0
2026-01-06 15:10:00,77.24,93.54,40.89,206.08,64.22,9.97,210.34,276.82,1
2026-01-06 15:15:00,85.51,75.06,81.89,148.19,52.84,29.53,251.16,182.48,1
2026-01-06 15:20:00,65.85,55.26,79.06,77.36,61.94,3.6,35.13,362.99,0
2026-01-06 15:25:00,84.64,65.94,45.29,89.74,20.63,10.31,259.78,512.66,0
2026-01-06 15:30:00,15.11,77.17,57.19,40.43,35.73,11.33,100.37,158.84,0
2026-01-06 15:35:00,93.81,63.49,58.4,117.67,19.69,33.35,187.08,306.94,0
2026-01-06 15:40:00,69.5,58.38,43.5,62.25,39.79,16.6,319.74,299.7,0
2026-01-06 15:45:00,83.56,56.22,32.13,101.9,41.59,0.0,164.21,387.03,0
2026-01-06 15:50:00,37.6,74.1,51.27,134.33,54.2,26.42,197.72,389.41,0
2026-01-06 15:55:00,45.38,61.56,56.3,10.9,61.27,37.15,397.64,430.59,0
2026-01-06 16:00:00,64.92,59.83,38.94,50.49,48.78,12.0,90.05,634.55,0
2026-01-06 16:05:00,61.66,43.95,64.83,92.12,17.8,4.24,133.28,219.43,0
2026-01-06 16:10:00,67.66,69.4,80.61,117.11,7.96,25.37,24.17,211.18,0
2026-01-06 16:15:00,83.69,64.74,75.47,92.84,45.4,38.57,101.88,387.1,0
2026-01-06 16:20:00,26.7,62.21,59.97,105.12,65.01,25.18,273.24,567.91,0
2026-01-06 16:25:00,81.48,71.58,32.55,81.16,34.5,0.0,365.1,130.64,0
2026-01-06 16:30:00,62.17,81.46,73.45,40.28,4.45,24.06,104.89,399.71,0
2026-01-06 16:35:00,57.92,80.63,64.34,90.59,76.7,19.85,359.77,319.8,0
2026-01-06 16:40:00,32.58,77.95,68.79,108.28,44.79,3.54,268.94,478.14,0
2026-01-06 16:45:00,72.06,63.67,92.98,102.93,38.42,30.47,1.13,444.23,0
2026-01-06 16:50:00,13.72,57.79,48.8,126.15,11.64,20.26,281.42,357.28,0
2026-01-06 16:55:00,74.97,49.21,20.0,143.04,35.32,30.78,464.98,423.13,0
2026-01-06 17:00:00,32.16,57.32,45.14,157.49,48.74,2.26,0.0,251.26,0
2026-01-06 17:05:00,63.07,68.35,69.78,85.15,45.06,19.79,610.94,470.03,0
2026-01-06 17:10:00,59.62,53.85,62.43,33.33,21.4,4.26,140.11,557.98,0
2026-01-06 17:15:00,85.39,69.73,42.55,189.94,33.86,17.97,0.0,365.02,0
2026-01-06 17:20:00,58.43,50.62,39.28,141.2,22.68,32.73,274.92,288.81,0
2026-01-06 17:25:00,48.12,38.1,56.33,67.49,68.28,0.0,399.6,328.23,0
2026-01-06 17:30:00,51.87,82.75,42.06,135.27,52.9,0.0,199.52,468.46,0
2026-01-06 17:35:00,87.46,59.46,70.33,178.74,24.51,26.47,306.09,343.72,0
2026-01-06 17:40:00,72.73,52.93,55.42,215.1,11.63,14.83,631.55,170.05,0
2026-01-06 17:45:00,54.29,48.31,51.97,133.78,40.56,29.06,287.02,492.82,0
2026-01-06 17:50:00,57.27,75.61,49.87,178.28,25.14,5.31,786.85,202.57,0
2026-01-06 17:55:00,30.66,92.75,66.21,53.47,26.63,15.61,477.63,413.67,0
2026-01-06 18:00:00,69.77,60.74,62.68,118.03,12.3,23.26,259.28,70.05,0
2026-01-06 18:05:00,26.8,64.12,65.23,101.57,14.77,17.52,302.48,366.22,0
2026-01-06 18:10:00,77.04,87.29,64.88,138.84,38.25,0.0,192.5,339.76,0
2026-01-06 18:15:00,64.57,35.41,60.84,208.62,29.66,48.87,294.92,54.94,0
2026-01-06 18:20:00,100.0,100.0,45.47,133.74,84.93,17.55,351.08,399.92,0
2026-01-06 18:25:00,40.0,100.0,50.31,68.43,46.89,0.0,177.25,184.8,0
2026-01-06 18:30:00,59.95,19.29,55.69,50.51,11.97,18.77,1.61,362.71,0
2026-01-06 18:35:00,97.97,66.24,95.04,210.52,4.29,20.15,487.83,288.24,1
2026-01-06 18:40:00,85.83,55.06,40.42,148.26,42.96,26.93,425.23,127.92,0
2026-01-06 18:45:00,48.08,63.23,55.3,144.64,27.06,26.13,0.0,193.14,0
2026-01-06 18:50:00,66.48,60.47,63.57,101.09,61.63,12.43,280.78,205.15,0
2026-01-06 18:55:00,62.04,82.61,57.15,134.73,40.64,0.0,434.87,497.36,0
2026-01-06 19:00:00,67.64,65.97,79.18,65.72,0.0,20.54,416.27,475.37,0
2026-01-06 19:05:00,48.03,51.6,57.06,141.3,14.61,0.0,125.09,679.18,0
2026-01-06 19:10:00,60.21,64.9,58.25,55.38,21.49,29.58,426.78,273.22,0
2026-01-06 19:15:00,30.04,77.27,75.03,100.24,43.84,6.21,252.72,268.39,0
2026-01-06 19:20:00,64.7,46.69,90.97,84.64,13.94,22.62,319.96,370.23,0
2026-01-06 19:25:00,71.0,38.37,84.52,5.0,38.06,7.13,84.49,296.71,0
2026-01-06 19:30:00,57.45,100.0,59.81,100.93,8.28,9.1,0.0,262.62,0
2026-01-06 19:35:00,29.7,56.44,61.21,70.56,35.12,5.39,110.08,358.16,0
2026-01-06 19:40:00,81.77,65.53,62.75,108.43,42.4,23.59,346.58,455.54,0
2026-01-06 19:45:00,69.29,60.84,64.35,120.09,64.23,7.54,213.02,50.0,0
2026-01-06 19:50:00,47.48,77.87,48.44,217.24,39.91,24.22,367.03,264.17,0
2026-01-06 19:55:00,56.39,99.91,76.99,136.76,18.67,7.86,449.11,139.58,0
2026-01-06 20:00:00,31.99,78.44,65.31,138.38,64.86,12.22,190.51,326.93,0
2026-01-06 20:05:00,41.49,40.67,61.28,147.26,31.34,15.43,172.79,414.89,0
2026-01-06 20:10:00,51.24,43.09,41.66,167.95,50.47,16.85,0.0,517.54,0
2026-01-06 20:15:00,86.57,60.82,63.0,144.99,22.74,3.91,0.0,284.94,0
2026-01-06 20:20:00,49.21,63.17,31.71,135.49,36.82,23.45,8.81,365.94,0
2026-01-06 20:25:00,74.8,37.0,52.69,159.12,18.97,11.74,350.2,97.68,0
2026-01-06 20:30:00,51.23,82.75,52.99,5.0,41.45,21.53,192.3,220.93,0
2026-01-06 20:35:00,66.96,48.45,66.59,234.9,51.08,14.81,153.84,381.07,0
2026-01-06 20:40:00,59.17,94.88,92.08,207.44,25.1,22.04,133.23,146.15,1
2026-01-06 20:45:00,79.46,100.0,71.15,131.94,23.98,10.06,109.78,535.55,0
2026-01-06 20:50:00,51.3,63.53,85.17,42.28,42.14,5.52,416.22,428.53,0
2026-01-06 20:55:00,30.55,75.9,72.32,186.57,18.5,20.12,266.8,214.31,0
2026-01-06 21:00:00,34.36,45.82,80.0,81.84,4.64,9.08,428.44,127.68,0
2026-01-06 21:05:00,51.36,79.23,91.71,149.36,42.06,32.51,0.0,242.11,0
2026-01-06 21:10:00,37.02,59.03,50.29,49.44,32.85,15.81,345.89,215.1,0
2026-01-06 21:15:00,70.2,48.43,49.25,242.45,32.42,0.0,162.92,167.45,0
2026-01-06 21:20:00,52.68,62.79,72.7,40.68,45.42,7.97,199.33,138.98,0
2026-01-06 21:25:00,100.0,59.62,61.94,123.79,48.22,3.01,493.51,315.44,0
2026-01-06 21:30:00,27.25,62.15,65.53,5.0,31.78,27.88,179.83,459.84,0
2026-01-06 21:35:00,66.07,85.09,58.02,117.73,12.55,24.28,338.54,243.34,0
2026-01-06 21:40:00,39.44,53.86,52.46,96.61,22.23,14.27,66.77,416.73,0
2026-01-06 21:45:00,52.13,99.23,87.93,182.55,46.7,18.48,256.5,300.84,0
2026-01-06 21:50:00,64.83,44.15,44.4,96.6,37.73,13.95,0.0,441.85,0
2026-01-06 21:55:00,15.49,97.08,72.98,182.62,24.0,25.32,239.68,232.03,0
2026-01-06 22:00:00,66.74,49.7,70.39,63.67,19.31,21.24,319.37,392.15,0
2026-01-06 22:05:00,100.0,67.98,36.74,104.49,47.36,23.4,449.15,368.02,0
2026-01-06 22:10:00,52.93,59.18,48.71,105.59,30.57,12.7,102.78,554.35,0
2026-01-06 22:15:00,67.2,61.81,51.4,147.26,50.05,7.42,154.79,433.81,0
2026-01-06 22:20:00,82.5,82.42,71.03,140.26,52.59,22.98,134.06,388.4,0
2026-01-06 22:25:00,58.72,95.0,56.13,159.72,28.74,33.62,204.28,129.52,0
2026-01-06 22:30:00,50.38,89.43,60.63,134.68,53.99,28.27,76.5,271.21,0
2026-01-06 22:35:00,16.49,60.71,38.68,156.37,37.77,33.98,0.0,229.94,0
2026-01-06 22:40:00,74.82,71.32,99.21,70.62,40.36,16.94,62.31,226.67,0
2026-01-06 22:45:00,59.74,53.92,63.14,141.38,0.0,3.36,241.19,352.33,0
2026-01-06 22:50:00,41.75,50.15,69.98,208.45,15.58,4.43,223.34,386.12,0
2026-01-06 22:55:00,64.53,47.37,53.35,27.6,16.67,31.55,349.38,391.99,0
2026-01-06 23:00:00,50.33,60.12,51.56,146.9,28.63,0.0,401.59,539.22,0
2026-01-06 23:05:00,51.43,72.49,92.6,157.22,37.29,33.06,169.08,422.53,0
2026-01-06 23:10:00,74.13,33.59,31.33,200.37,38.11,5.55,0.0,165.82,0
2026-01-06 23:15:00,35.23,67.17,66.46,159.93,40.71,38.08,322.58,380.38,0
2026-01-06 23:20:00,82.95,95.29,42.62,125.52,21.3,14.15,248.23,437.66,0
2026-01-06 23:25:00,34.05,88.19,55.52,143.65,48.83,23.67,203.48,539.33,0
2026-01-06 23:30:00,48.75,57.47,51.79,79.57,71.19,43.62,469.68,326.87,0
2026-01-06 23:35:00,100.0,42.86,46.22,98.66,27.93,11.04,331.1,328.33,0
2026-01-06 23:40:00,84.55,76.28,62.57,46.54,21.73,10.84,272.12,511.83,0
2026-01-06 23:45:00,63.95,26.29,20.91,201.79,21.29,6.66,279.5,376.79,0
2026-01-06 23:50:00,43.19,87.98,56.95,144.76,36.71,2.98,402.95,110.24,0
2026-01-06 23:55:00,51.41,64.16,60.56,69.61,24.48,11.04,125.88,78.07,0
2026-01-07 00:00:00,63.47,100.0,40.25,134.92,0.39,8.34,91.56,626.12,0
2026-01-07 00:05:00,62.75,36.91,86.21,183.76,5.86,0.0,207.86,92.94,0
2026-01-07 00:10:00,60.18,84.53,52.49,174.6,55.4,12.47,37.97,324.92,0
2026-01-07 00:15:00,61.38,66.19,58.2,68.98,60.64,20.4,241.82,482.47,0
2026-01-07 00:20:00,57.71,62.04,52.52,5.0,67.0,4.25,267.45,85.31,0
2026-01-07 00:25:00,33.16,43.34,60.69,141.75,39.53,13.05,237.62,187.77,0
2026-01-07 00:30:00,51.67,78.72,82.93,71.22,15.18,31.88,184.94,162.99,0
2026-01-07 00:35:00,80.29,80.17,101.57,154.23,26.24,0.0,547.54,620.17,0
2026-01-07 00:40:00,34.63,100.0,73.93,172.26,5.17,38.18,419.32,652.72,0
2026-01-07 00:45:00,58.21,86.14,79.41,181.25,4.4,6.91,232.51,239.87,0
2026-01-07 00:50:00,45.6,57.31,89.46,215.96,40.11,17.41,266.75,436.92,0
2026-01-07 00:55:00,64.23,49.93,65.98,188.0,45.78,30.35,497.74,396.21,0
2026-01-07 01:00:00,54.23,43.37,87.12,216.23,74.17,34.01,144.78,307.88,0
2026-01-07 01:05:00,91.55,94.52,74.68,195.85,33.34,20.64,76.19,105.98,0
2026-01-07 01:10:00,72.13,53.99,64.3,200.64,7.84,6.67,290.84,696.12,0
2026-01-07 01:15:00,35.76,94.64,67.61,117.75,32.56,5.61,324.5,77.6,0
2026-01-07 01:20:00,75.42,77.45,32.86,49.09,29.35,8.1,337.93,381.82,0
2026-01-07 01:25:00,46.51,73.94,66.67,256.52,25.18,37.67,399.0,252.86,0
2026-01-07 01:30:00,50.46,62.48,37.3,123.46,41.87,10.4,118.14,501.21,0
2026-01-07 01:35:00,68.28,79.89,36.0,187.58,10.71,18.88,0.0,476.89,0
2026-01-07 01:40:00,52.17,67.72,65.09,89.73,37.61,2.47,144.78,203.18,0
2026-01-07 01:45:00,79.86,61.35,44.17,173.02,48.03,1.12,354.73,231.48,0
2026-01-07 01:50:00,46.51,80.53,61.89,5.0,63.39,15.32,84.06,117.48,0
2026-01-07 01:55:00,49.62,65.41,64.21,97.43,41.21,11.1,0.0,379.22,0
2026-01-07 02:00:00,48.87,53.63,64.93,114.59,55.86,11.98,275.97,456.63,0
2026-01-07 02:05:00,50.69,78.8,47.53,145.44,26.12,0.0,147.92,283.75,0
2026-01-07 02:10:00,83.98,66.85,76.38,178.96,28.91,14.12,0.0,313.28,0
2026-01-07 02:15:00,74.58,76.8,60.57,59.82,61.96,33.59,263.4,636.18,0
2026-01-07 02:20:00,96.2,59.83,69.06,156.3,7.57,4.76,180.47,490.44,0
2026-01-07 02:25:00,100.0,46.24,42.86,187.47,26.94,25.77,551.68,552.16,0
2026-01-07 02:30:00,41.39,99.23,59.15,249.03,57.57,0.0,265.99,50.0,1
2026-01-07 02:35:00,63.41,95.84,79.56,158.86,30.78,5.37,355.5,432.08,0
2026-01-07 02:40:00,38.48,83.91,77.52,94.73,29.29,0.0,246.9,387.71,0
2026-01-07 02:45:00,46.45,61.02,49.24,50.05,29.69,29.83,142.44,162.2,0
2026-01-07 02:50:00,49.4,62.59,53.27,220.61,37.34,25.55,162.23,193.42,0
2026-01-07 02:55:00,40.86,92.88,46.18,160.55,56.72,2.59,444.57,317.23,0
2026-01-07 03:00:00,40.96,61.63,51.5,118.79,53.48,18.47,384.6,148.7,0
2026-01-07 03:05:00,59.11,56.61,39.61,30.91,35.23,29.42,0.0,230.19,0
2026-01-07 03:10:00,37.67,100.0,59.79,68.78,56.85,31.29,25.25,280.76,0
2026-01-07 03:15:00,78.84,67.14,72.13,154.72,41.84,10.13,35.25,436.03,0
2026-01-07 03:20:00,43.64,99.83,49.44,139.46,52.18,0.0,440.82,243.98,0
2026-01-07 03:25:00,100.0,42.83,60.55,12.95,14.43,4.22,0.0,282.91,0
2026-01-07 03:30:00,52.97,77.33,58.47,154.79,69.77,24.19,391.57,503.65,0
2026-01-07 03:35:00,63.44,100.0,78.88,33.74,39.4,40.19,321.7,85.36,0
2026-01-07 03:40:00,36.09,68.54,52.21,194.47,0.0,14.35,276.43,384.09,0
2026-01-07 03:45:00,96.12,63.25,52.8,131.47,68.19,7.72,164.86,408.41,0
2026-01-07 03:50:00,84.39,46.98,48.46,94.51,35.1,43.79,463.95,412.52,0
2026-01-07 03:55:00,67.94,87.48,43.8,174.46,27.09,19.87,270.42,274.8,0
2026-01-07 04:00:00,35.06,54.14,70.47,139.44,22.89,0.27,0.0,190.27,0
2026-01-07 04:05:00,66.21,66.29,59.84,192.87,43.79,13.57,31.96,577.93,0
2026-01-07 04:10:00,39.57,45.78,62.88,124.43,17.23,27.0,0.0,221.53,0
2026-01-07 04:15:00,91.25,96.02,82.39,127.64,23.46,14.16,466.06,182.45,1
2026-01-07 04:20:00,78.18,88.79,83.31,104.31,23.94,24.53,506.37,353.03,0
2026-01-07 04:25:00,63.91,67.43,35.66,134.46,29.16,0.0,445.53,239.13,0
2026-01-07 04:30:00,13.27,47.23,72.37,213.39,24.7,0.0,224.24,507.62,0
2026-01-07 04:35:00,42.33,95.65,65.61,92.35,52.06,6.18,0.0,310.22,0
2026-01-07 04:40:00,75.76,61.41,54.61,155.64,40.42,11.61,60.28,527.07,0
2026-01-07 04:45:00,86.26,48.11,67.24,71.58,42.86,19.01,72.0,417.32,0
2026-01-07 04:50:00,84.18,36.28,34.38,6.33,47.21,22.64,241.78,291.77,0
2026-01-07 04:55:00,30.16,56.37,85.4,131.41,33.14,44.59,499.74,517.1,0
2026-01-07 05:00:00,68.03,41.82,70.24,140.37,14.59,6.14,499.03,252.37,0
2026-01-07 05:05:00,82.31,56.79,48.16,113.95,71.1,11.23,162.1,301.98,0
2026-01-07 05:10:00,28.83,81.4,52.63,37.72,53.55,6.47,0.0,429.37,0
2026-01-07 05:15:00,61.84,61.24,34.75,136.74,67.26,27.95,39.94,383.99,0
2026-01-07 05:20:00,67.48,74.4,56.98,134.65,55.69,28.61,463.95,248.95,0
2026-01-07 05:25:00,55.98,54.98,54.28,71.12,25.79,9.63,291.69,119.55,0
2026-01-07 05:30:00,24.96,69.17,40.8,45.56,0.0,39.79,185.98,347.2,0
2026-01-07 05:35:00,55.49,100.0,74.43,106.12,10.42,6.49,173.43,240.93,0
2026-01-07 05:40:00,55.45,61.73,82.43,155.91,47.73,27.36,114.85,354.45,0
2026-01-07 05:45:00,59.04,74.92,61.56,142.92,32.97,32.45,33.32,286.85,0
2026-01-07 05:50:00,50.73,39.82,57.11,71.55,26.6,0.0,622.97,242.36,0
2026-01-07 05:55:00,53.14,95.36,68.96,127.53,0.0,21.93,559.33,309.78,0
2026-01-07 06:00:00,61.21,59.41,61.69,168.79,34.74,0.0,102.06,338.99,0
2026-01-07 06:05:00,70.85,86.91,44.69,55.5,13.36,24.89,0.0,454.25,0
2026-01-07 06:10:00,55.91,65.78,51.56,123.47,20.51,1.78,280.42,413.48,0
2026-01-07 06:15:00,53.81,79.01,57.26,193.68,52.0,21.81,223.46,664.16,0
2026-01-07 06:20:00,63.85,80.08,65.97,49.88,14.42,24.06,363.07,371.22,0
2026-01-07 06:25:00,23.58,59.86,62.15,183.55,16.33,28.44,403.83,249.06,0
2026-01-07 06:30:00,71.54,87.65,65.37,209.06,38.71,25.68,39.4,325.06,0
2026-01-07 06:35:00,61.99,54.34,37.6,107.78,52.45,15.67,480.44,435.25,0
2026-01-07 06:40:00,62.79,82.0,72.64,101.13,26.95,10.43,186.43,500.51,0
2026-01-07 06:45:00,81.21,60.98,62.05,176.82,64.34,14.11,359.42,551.22,0
2026-01-07 06:50:00,22.94,74.29,102.84,109.76,9.43,1.61,202.94,197.45,0
2026-01-07 06:55:00,22.52,59.68,55.8,5.0,5.92,12.46,416.05,542.1,0
2026-01-07 07:00:00,67.48,68.9,67.18,114.57,4.21,11.51,0.0,343.1,0
2026-01-07 07:05:00,61.86,48.66,105.0,145.87,1.96,5.54,382.9,210.96,0
2026-01-07 07:10:00,65.4,72.46,65.11,160.7,41.73,0.0,100.25,319.43,0
2026-01-07 07:15:00,52.76,68.8,60.92,71.57,15.44,0.0,263.22,531.61,0
2026-01-07 07:20:00,75.29,58.28,46.21,105.16,6.8,0.0,474.05,418.59,0
2026-01-07 07:25:00,80.65,67.01,86.45,173.73,42.6,11.31,105.43,168.19,0
2026-01-07 07:30:00,71.68,70.41,43.45,116.7,51.48,19.33,77.2,169.32,0
2026-01-07 07:35:00,56.78,56.91,68.83,35.92,56.02,0.0,183.04,165.16,0
2026-01-07 07:40:00,19.85,65.68,54.42,188.07,52.51,17.84,171.69,240.27,0
2026-01-07 07:45:00,77.38,49.9,58.97,108.22,16.64,13.53,60.97,361.62,0
2026-01-07 07:50:00,86.43,100.0,39.22,180.02,40.52,0.88,269.13,181.07,0
2026-01-07 07:55:00,74.89,87.06,83.49,43.25,44.94,9.83,278.47,285.75,0
2026-01-07 08:00:00,44.41,72.92,57.56,113.35,25.5,27.61,333.34,560.31,0
2026-01-07 08:05:00,75.48,89.1,42.56,148.04,38.3,3.31,102.48,592.67,0
2026-01-07 08:10:00,79.21,32.37,82.04,115.21,9.97,15.95,80.08,582.57,0
2026-01-07 08:15:00,93.18,21.96,53.93,54.93,22.45,19.16,228.65,80.76,0
2026-01-07 08:20:00,44.48,60.81,67.35,5.0,42.44,5.13,205.89,601.06,0
2026-01-07 08:25:00,57.47,43.19,75.46,203.78,65.15,27.1,209.35,363.75,0
2026-01-07 08:30:00,76.95,63.74,69.58,133.64,58.03,19.85,122.7,361.7,0
2026-01-07 08:35:00,63.15,71.7,26.85,184.17,48.22,11.98,309.41,504.34,0
2026-01-07 08:40:00,39.65,84.57,73.13,171.08,36.59,43.36,80.35,455.52,0
2026-01-07 08:45:00,70.29,47.51,60.39,152.83,33.5,27.15,228.01,69.7,0
2026-01-07 08:50:00,73.57,75.19,56.74,102.33,6.05,0.0,194.85,258.13,0
2026-01-07 08:55:00,63.76,68.26,60.25,146.94,18.29,10.33,243.98,295.09,0
2026-01-07 09:00:00,66.39,74.26,36.24,198.79,18.94,44.6,463.35,150.46,0
2026-01-07 09:05:00,56.83,58.64,65.07,124.57,46.5,3.21,13.39,499.57,0
2026-01-07 09:10:00,91.57,92.9,40.17,224.59,53.9,15.8,0.0,565.84,1
2026-01-07 09:15:00,43.99,66.14,57.43,37.53,49.73,29.77,143.05,348.42,0
2026-01-07 09:20:00,50.25,99.94,64.5,31.62,58.65,22.83,42.76,394.79,0
2026-01-07 09:25:00,62.22,53.77,79.18,174.34,36.45,24.56,0.0,348.31,0
2026-01-07 09:30:00,79.58,81.37,48.89,74.97,15.34,23.85,564.34,364.87,0
2026-01-07 09:35:00,32.05,66.93,85.23,232.38,34.0,15.3,350.75,517.65,0
2026-01-07 09:40:00,35.79,62.1,77.15,193.55,20.5,5.49,370.09,85.18,0
2026-01-07 09:45:00,21.25,79.38,55.13,207.32,48.16,20.22,198.62,422.92,0
2026-01-07 09:50:00,62.65,62.61,44.26,168.64,27.82,10.17,325.75,351.78,0
2026-01-07 09:55:00,39.63,20.08,38.9,69.31,33.03,9.22,173.92,242.98,0
2026-01-07 10:00:00,54.31,12.87,66.35,28.74,48.87,32.79,396.58,274.5,0
2026-01-07 10:05:00,75.23,90.9,50.2,202.24,20.18,10.43,284.03,624.86,1
2026-01-07 10:10:00,49.17,90.14,81.19,37.52,54.28,35.47,243.43,150.87,0
2026-01-07 10:15:00,66.63,100.0,51.13,207.17,8.05,18.08,257.01,324.72,1
2026-01-07 10:20:00,56.01,67.68,47.59,156.83,41.13,13.09,513.78,594.42,0
2026-01-07 10:25:00,75.44,44.73,65.74,115.81,33.18,0.0,280.12,159.48,0
2026-01-07 10:30:00,71.5,60.45,51.02,144.31,51.55,40.44,64.67,281.58,0
2026-01-07 10:35:00,48.16,68.21,62.14,145.59,7.51,14.93,310.51,356.35,0
2026-01-07 10:40:00,58.63,49.87,77.78,108.87,4.38,0.0,338.03,411.9,0
2026-01-07 10:45:00,82.87,97.67,63.88,198.41,50.0,26.85,223.95,337.95,0
2026-01-07 10:50:00,69.87,100.0,63.94,196.53,27.18,14.4,240.62,215.7,0
2026-01-07 10:55:00,34.06,76.61,65.28,128.56,33.18,3.82,58.08,417.11,0
2026-01-07 11:00:00,75.11,67.8,34.91,87.0,21.81,26.17,267.47,334.91,0
2026-01-07 11:05:00,40.31,44.69,68.27,191.83,53.26,0.0,31.39,444.16,0
2026-01-07 11:10:00,90.25,95.84,64.56,8.76,40.98,6.43,204.86,488.55,0
2026-01-07 11:15:00,82.48,69.37,76.29,144.41,39.81,11.41,129.52,127.06,0
2026-01-07 11:20:00,67.8,62.8,71.69,160.68,11.61,25.23,426.92,504.97,0
2026-01-07 11:25:00,65.14,76.66,58.77,74.44,45.03,41.88,528.99,311.81,0
2026-01-07 11:30:00,57.82,57.46,78.52,173.56,15.16,12.06,44.02,473.78,0
2026-01-07 11:35:00,75.57,70.64,57.32,118.55,21.83,20.52,249.17,424.08,0
2026-01-07 11:40:00,54.58,42.04,65.95,89.99,7.69,47.98,194.14,628.11,0
2026-01-07 11:45:00,66.71,87.57,57.02,172.98,31.87,15.06,333.6,350.94,0
2026-01-07 11:50:00,79.44,66.12,69.39,60.29,56.29,20.62,267.32,289.5,0
2026-01-07 11:55:00,50.76,88.86,55.98,167.81,39.53,0.15,180.27,273.06,0
2026-01-07 12:00:00,49.68,64.38,88.36,10.97,26.16,38.51,266.88,194.44,0
2026-01-07 12:05:00,38.11,65.55,94.28,135.71,37.18,6.44,211.36,471.22,0
2026-01-07 12:10:00,40.71,46.18,75.98,122.41,37.07,18.22,536.04,184.79,0
2026-01-07 12:15:00,25.43,81.68,86.66,90.32,36.32,17.88,107.14,469.9,0
2026-01-07 12:20:00,76.6,52.23,37.37,141.43,38.55,16.02,296.35,316.48,0
2026-01-07 12:25:00,98.18,59.24,39.26,115.62,14.2,9.79,341.73,85.52,0
2026-01-07 12:30:00,90.51,68.02,56.86,178.01,37.13,17.9,328.93,573.24,0
2026-01-07 12:35:00,29.48,70.18,62.66,150.81,0.0,36.09,196.38,50.0,0
2026-01-07 12:40:00,76.5,37.29,58.83,144.9,46.51,42.37,496.29,337.74,0
2026-01-07 12:45:00,90.44,63.85,35.73,136.05,12.95,12.9,0.0,385.09,0
2026-01-07 12:50:00,52.86,82.31,80.43,94.03,58.55,9.61,53.09,50.0,0
2026-01-07 12:55:00,64.03,61.19,96.47,103.4,0.0,5.29,369.44,416.19,0
2026-01-07 13:00:00,21.84,63.95,82.5,133.65,68.49,47.23,91.58,249.53,0
2026-01-07 13:05:00,67.33,70.92,79.37,110.47,2.22,16.55,81.07,312.72,0
2026-01-07 13:10:00,40.73,65.73,65.62,181.13,11.0,28.38,165.9,551.45,0
2026-01-07 13:15:00,65.99,49.45,48.51,125.14,40.98,23.36,108.58,371.41,0
2026-01-07 13:20:00,30.78,67.35,63.16,140.68,47.37,41.5,364.68,297.42,0
2026-01-07 13:25:00,72.86,85.89,95.69,42.85,29.33,12.03,412.79,324.43,0
2026-01-07 13:30:00,82.49,49.08,56.37,171.88,52.85,1.72,265.9,616.42,0
2026-01-07 13:35:00,46.34,61.26,54.72,88.04,19.07,37.31,439.83,410.69,0
2026-01-07 13:40:00,39.26,43.13,79.72,62.65,27.01,25.84,0.44,217.44,0
2026-01-07 13:45:00,18.88,84.94,80.78,210.54,28.96,20.48,263.66,276.75,0
2026-01-07 13:50:00,56.67,66.34,48.43,158.37,24.23,33.42,492.63,171.49,0
2026-01-07 13:55:00,50.37,52.7,57.82,173.74,0.0,21.16,425.83,282.24,0
2026-01-07 14:00:00,30.98,69.66,53.97,145.0,34.51,33.84,508.53,591.18,0
2026-01-07 14:05:00,71.06,46.34,63.12,114.88,32.7,17.96,143.79,325.05,0
2026-01-07 14:10:00,53.0,49.4,79.66,104.62,56.56,25.82,415.09,149.45,0
2026-01-07 14:15:00,40.49,41.72,49.14,162.85,9.28,21.32,173.18,414.64,0
2026-01-07 14:20:00,50.91,48.8,79.43,182.29,22.21,11.1,357.13,291.11,0
2026-01-07 14:25:00,83.43,92.43,63.63,116.25,59.07,12.54,485.96,434.21,0
2026-01-07 14:30:00,74.06,54.8,99.22,233.99,40.87,10.29,107.07,313.64,0
2026-01-07 14:35:00,59.4,76.39,67.1,109.15,45.99,18.19,0.0,566.79,0
2026-01-07 14:40:00,74.38,52.95,60.45,43.33,44.07,9.53,582.56,213.4,0
2026-01-07 14:45:00,38.78,81.67,71.2,25.32,44.16,20.23,337.86,175.23,0
2026-01-07 14:50:00,62.65,49.53,56.61,27.17,71.42,19.82,230.73,490.64,0
2026-01-07 14:55:00,64.95,68.71,33.28,97.24,36.83,17.46,220.84,50.0,0
2026-01-07 15:00:00,52.6,68.95,58.15,107.24,14.77,17.67,0.0,324.21,0
2026-01-07 15:05:00,70.71,100.0,57.9,157.54,47.78,8.21,287.57,470.09,0
2026-01-07 15:10:00,46.39,79.35,36.52,118.43,23.67,11.62,154.5,50.0,0
2026-01-07 15:15:00,72.2,57.33,60.83,166.39,32.8,0.0,259.45,359.7,0
2026-01-07 15:20:00,73.04,80.33,28.93,122.47,42.4,13.56,255.45,125.61,0
2026-01-07 15:25:00,5.0,100.0,56.44,120.74,18.57,3.17,0.0,73.27,0
2026-01-07 15:30:00,85.81,38.67,65.9,88.24,24.79,16.2,338.19,190.11,0
2026-01-07 15:35:00,5.0,52.84,63.55,198.24,44.52,6.43,284.01,322.49,0
2026-01-07 15:40:00,49.68,63.74,55.42,35.77,24.03,0.0,308.19,244.12,0
2026-01-07 15:45:00,82.51,60.49,60.63,136.57,54.47,42.03,216.98,516.06,0
2026-01-07 15:50:00,55.65,62.01,49.45,110.01,15.28,12.22,258.81,362.36,0
2026-01-07 15:55:00,32.68,44.52,62.17,163.0,15.21,32.36,281.11,276.66,0
2026-01-07 16:00:00,40.13,93.27,62.93,118.85,73.12,8.68,299.37,153.51,0
2026-01-07 16:05:00,82.54,42.39,47.6,120.48,4.4,35.38,335.61,383.62,0
2026-01-07 16:10:00,23.57,64.4,66.28,105.33,34.47,1.18,300.9,658.83,0
2026-01-07 16:15:00,84.58,86.82,66.18,196.63,72.03,17.11,582.95,244.56,0
2026-01-07 16:20:00,60.9,67.46,59.34,120.13,34.43,1.89,119.32,262.17,0
2026-01-07 16:25:00,38.15,50.37,100.74,228.33,61.94,46.21,182.51,190.89,0
2026-01-07 16:30:00,50.34,43.72,59.75,134.97,48.05,12.01,554.73,527.63,0
2026-01-07 16:35:00,41.66,63.86,57.53,121.2,34.86,24.94,222.17,489.05,0
2026-01-07 16:40:00,79.32,54.37,55.24,112.01,32.39,20.41,417.69,283.06,0
2026-01-07 16:45:00,76.65,71.69,46.46,151.03,0.0,14.69,274.39,260.14,0
2026-01-07 16:50:00,27.62,42.77,72.97,87.64,28.62,21.21,208.99,208.42,0
2026-01-07 16:55:00,53.93,82.63,51.02,128.02,39.64,31.31,427.52,306.6,0
2026-01-07 17:00:00,44.74,70.08,52.91,120.45,39.63,23.02,343.32,502.98,0
2026-01-07 17:05:00,87.87,71.42,53.39,137.89,84.32,16.95,0.0,356.23,0
2026-01-07 17:10:00,35.0,93.94,46.24,139.25,40.62,21.23,281.23,543.15,0
2026-01-07 17:15:00,94.08,60.12,33.98,142.11,47.6,37.98,70.89,241.98,0
2026-01-07 17:20:00,61.33,54.94,54.59,125.22,58.3,10.0,478.81,50.0,0
2026-01-07 17:25:00,38.76,58.14,75.97,206.29,45.81,0.0,565.65,740.8,0
2026-01-07 17:30:00,48.45,64.53,65.15,143.24,33.28,1.84,587.31,382.19,0
2026-01-07 17:35:00,45.97,66.36,86.97,263.33,33.38,2.73,314.35,466.78,0
2026-01-07 17:40:00,36.51,53.05,74.02,122.74,27.99,4.42,166.92,231.87,0
2026-01-07 17:45:00,63.9,31.58,70.38,172.74,43.88,4.84,307.92,145.62,0
2026-01-07 17:50:00,37.44,57.9,92.12,80.07,31.59,14.72,80.85,373.21,0
2026-01-07 17:55:00,18.39,74.48,60.45,197.04,47.5,17.97,672.19,51.25,0
2026-01-07 18:00:00,54.41,70.45,63.01,81.26,14.82,17.84,464.98,309.94,0
2026-01-07 18:05:00,25.94,89.59,61.82,145.07,37.94,6.24,304.81,503.35,0
2026-01-07 18:10:00,46.96,100.0,86.7,105.46,66.04,26.93,429.47,417.27,0
2026-01-07 18:15:00,43.82,81.67,62.04,144.86,30.51,21.41,161.49,388.24,0
2026-01-07 18:20:00,44.58,92.89,51.63,107.09,71.86,33.98,50.57,611.56,0
2026-01-07 18:25:00,100.0,81.8,71.4,76.59,38.27,25.16,0.0,406.3,0
2026-01-07 18:30:00,63.13,98.78,48.94,105.06,33.87,10.81,264.95,64.34,0
2026-01-07 18:35:00,66.91,100.0,70.54,204.79,37.33,30.67,212.53,327.64,1
2026-01-07 18:40:00,26.47,85.12,68.62,145.7,28.77,18.28,343.47,638.8,0
2026-01-07 18:45:00,48.92,80.71,58.97,49.11,0.0,24.58,252.35,303.58,0
2026-01-07 18:50:00,66.31,64.31,71.05,180.25,52.6,23.65,335.3,629.61,0
2026-01-07 18:55:00,41.51,67.26,38.2,70.97,78.85,13.51,396.0,503.55,0
2026-01-07 19:00:00,80.16,61.92,64.61,160.88,44.61,16.24,0.0,288.73,0
2026-01-07 19:05:00,37.95,79.18,54.6,150.42,45.83,13.42,406.4,187.93,0
2026-01-07 19:10:00,56.27,55.03,105.0,153.9,31.35,4.76,176.82,400.98,0
2026-01-07 19:15:00,50.28,64.56,64.49,221.93,58.16,0.0,343.16,540.58,0
2026-01-07 19:20:00,65.29,25.61,52.46,74.42,34.21,6.67,434.0,113.2,0
2026-01-07 19:25:00,49.19,99.02,39.95,153.59,40.34,17.39,435.24,368.06,0
2026-01-07 19:30:00,56.58,64.03,82.89,189.28,3.7,28.03,273.25,50.0,0
2026-01-07 19:35:00,57.28,76.2,56.4,84.62,24.41,24.55,282.13,299.06,0
2026-01-07 19:40:00,47.31,94.24,49.34,78.98,42.35,11.64,410.54,101.79,0
2026-01-07 19:45:00,71.7,73.41,67.38,104.2,53.14,6.84,0.0,434.34,0
2026-01-07 19:50:00,66.77,94.0,72.4,137.86,53.7,12.84,78.72,246.65,0
2026-01-07 19:55:00,60.23,45.65,72.14,42.42,3.42,3.3,199.73,523.71,0
2026-01-07 20:00:00,53.39,100.0,62.32,150.33,5.44,0.0,10.1,268.93,0
2026-01-07 20:05:00,77.93,87.57,64.55,42.54,46.68,0.0,201.09,255.26,0
2026-01-07 20:10:00,57.28,71.77,65.71,191.13,20.06,31.5,191.26,107.73,0
2026-01-07 20:15:00,55.87,93.65,67.38,148.26,52.89,37.29,265.68,408.66,0
2026-01-07 20:20:00,64.09,46.96,68.8,225.22,2.4,24.05,239.76,423.82,0
2026-01-07 20:25:00,95.93,62.8,79.51,156.78,33.03,14.3,442.48,490.96,0
2026-01-07 20:30:00,35.19,94.0,62.9,103.24,34.32,0.0,353.14,448.28,0
2026-01-07 20:35:00,77.4,34.39,48.93,76.07,44.61,13.07,237.21,410.19,0
2026-01-07 20:40:00,24.14,78.09,59.69,133.14,14.38,22.34,190.01,439.38,0
2026-01-07 20:45:00,66.35,77.58,74.06,118.34,0.0,24.96,241.44,454.52,0
2026-01-07 20:50:00,93.5,100.0,33.42,185.24,38.43,23.27,244.63,486.15,0
2026-01-07 20:55:00,71.77,39.51,33.51,68.93,45.53,29.51,703.38,120.86,0
2026-01-07 21:00:00,65.41,96.97,76.69,231.15,55.15,38.32,0.0,280.73,1
2026-01-07 21:05:00,50.79,57.93,86.32,190.11,27.83,10.14,83.27,106.54,0
2026-01-07 21:10:00,62.62,59.95,41.76,108.81,50.51,48.66,56.87,399.82,0
2026-01-07 21:15:00,56.96,46.0,63.61,218.88,44.72,0.0,298.47,594.49,0
2026-01-07 21:20:00,46.28,48.42,55.61,76.93,61.45,5.66,291.34,484.45,0
2026-01-07 21:25:00,56.2,75.26,57.83,131.31,33.89,17.4,146.85,258.94,0
2026-01-07 21:30:00,65.97,47.98,66.89,49.79,0.4,21.59,411.3,425.81,0
2026-01-07 21:35:00,46.66,81.33,41.31,221.56,33.65,12.82,316.54,402.34,0
2026-01-07 21:40:00,45.87,56.07,44.28,29.39,36.77,9.05,418.86,384.97,0
2026-01-07 21:45:00,34.8,46.17,57.18,40.78,45.36,41.43,466.62,154.5,0
2026-01-07 21:50:00,69.81,58.5,59.67,85.09,4.35,8.48,0.0,547.27,0
2026-01-07 21:55:00,72.91,74.06,43.98,192.73,28.76,2.77,373.41,173.29,0
2026-01-07 22:00:00,66.63,63.01,74.63,172.52,52.36,35.29,17.79,294.99,0
2026-01-07 22:05:00,81.3,68.62,55.32,126.71,32.92,25.19,294.89,493.87,0
2026-01-07 22:10:00,63.76,80.53,55.25,176.04,28.89,28.14,236.88,293.99,0
2026-01-07 22:15:00,69.84,87.48,66.52,113.65,73.13,17.35,244.56,361.9,0
2026-01-07 22:20:00,68.08,62.42,59.94,143.23,13.6,0.0,33.17,367.94,0
2026-01-07 22:25:00,60.17,49.2,75.4,210.84,59.66,16.02,435.49,359.89,0
2026-01-07 22:30:00,51.38,69.37,47.07,106.44,55.42,0.0,17.71,367.26,0
2026-01-07 22:35:00,100.0,76.47,39.64,77.85,30.5,17.91,385.1,382.09,0
2026-01-07 22:40:00,52.96,41.71,57.04,145.87,34.34,22.84,0.0,361.21,0
2026-01-07 22:45:00,48.68,51.97,62.96,160.72,34.27,27.91,246.79,215.68,0
2026-01-07 22:50:00,70.68,55.05,42.15,126.07,38.64,13.89,574.79,117.49,0
2026-01-07 22:55:00,67.04,64.26,39.8,175.19,23.11,23.98,675.09,499.72,0
2026-01-07 23:00:00,33.9,54.3,64.92,108.93,26.44,4.15,0.0,506.57,0
2026-01-07 23:05:00,84.45,80.73,49.88,127.02,27.9,26.6,123.18,400.62,0
2026-01-07 23:10:00,60.12,39.11,38.76,140.6,28.53,23.09,155.92,399.37,0
2026-01-07 23:15:00,39.78,39.57,77.45,135.8,28.78,5.4,655.91,212.72,0
2026-01-07 23:20:00,85.78,61.99,51.89,208.73,0.0,21.36,237.7,50.0,0
2026-01-07 23:25:00,74.51,64.84,80.4,140.33,36.95,28.08,443.44,312.7,0
2026-01-07 23:30:00,36.71,41.82,62.46,103.29,24.45,15.94,303.95,65.4,0
2026-01-07 23:35:00,97.54,57.08,66.72,149.04,0.0,5.13,34.14,377.66,0
2026-01-07 23:40:00,75.18,60.78,58.62,175.49,28.0,17.13,0.0,545.64,0
2026-01-07 23:45:00,61.8,60.92,20.0,162.58,27.38,21.63,139.64,257.58,0
2026-01-07 23:50:00,93.8,70.73,43.81,159.53,60.5,5.04,667.04,266.2,0
2026-01-07 23:55:00,65.19,56.09,59.99,37.61,24.22,2.91,296.37,199.13,0
2026-01-08 00:00:00,61.44,94.6,67.84,5.0,48.36,21.26,439.79,356.64,0
2026-01-08 00:05:00,48.79,76.79,33.37,190.14,62.66,24.88,0.0,345.02,0
2026-01-08 00:10:00,73.64,53.47,61.14,144.14,22.44,40.8,191.46,197.13,0
2026-01-08 00:15:00,71.53,69.7,44.04,118.81,34.05,22.99,390.19,486.89,0
2026-01-08 00:20:00,62.29,70.23,65.75,158.19,69.57,0.49,53.59,755.36,0
2026-01-08 00:25:00,46.2,89.86,61.69,226.0,39.58,39.48,238.49,528.48,0
2026-01-08 00:30:00,64.6,57.19,73.9,197.74,42.47,27.66,91.64,333.41,0
2026-01-08 00:35:00,60.6,81.81,79.07,172.92,26.85,0.0,398.76,331.62,0
2026-01-08 00:40:00,35.33,68.75,69.34,71.23,48.74,2.64,321.73,272.97,0
2026-01-08 00:45:00,32.56,94.85,75.77,78.38,34.21,9.1,373.01,269.87,0
2026-01-08 00:50:00,73.3,91.24,56.39,5.0,0.0,25.06,406.79,493.72,0
2026-01-08 00:55:00,9.96,71.55,105.0,154.84,27.9,0.0,209.02,500.26,0
2026-01-08 01:00:00,66.11,63.28,42.5,180.97,11.34,13.57,430.58,174.57,0
2026-01-08 01:05:00,52.44,77.12,53.56,185.46,37.24,24.37,143.83,404.95,0
2026-01-08 01:10:00,88.16,64.75,76.42,157.15,16.66,0.0,362.63,516.67,0
2026-01-08 01:15:00,52.13,98.25,74.04,111.53,44.56,23.96,0.0,297.47,0
2026-01-08 01:20:00,75.19,69.41,69.8,88.96,35.9,25.4,115.66,318.27,0
2026-01-08 01:25:00,54.06,60.7,72.81,74.6,10.04,4.84,666.84,454.4,0
2026-01-08 01:30:00,64.27,59.73,28.66,111.01,25.15,1.16,359.98,458.66,0
2026-01-08 01:35:00,76.74,46.17,87.43,66.22,47.41,4.65,360.04,414.36,0
2026-01-08 01:40:00,52.75,78.02,58.74,216.58,57.96,0.0,101.7,388.13,0
2026-01-08 01:45:00,81.93,53.24,81.93,48.37,16.95,11.09,53.04,408.29,0
2026-01-08 01:50:00,42.13,87.77,29.46,109.16,13.05,17.64,202.42,308.34,0
2026-01-08 01:55:00,67.89,44.73,66.11,13.51,74.02,0.37,237.92,182.34,0
2026-01-08 02:00:00,80.45,70.29,52.98,136.31,34.8,26.66,594.6,116.51,0
2026-01-08 02:05:00,75.2,88.7,71.15,119.87,36.83,16.23,433.41,439.33,0
2026-01-08 02:10:00,100.0,29.26,67.07,100.38,20.21,18.12,269.61,366.23,0
2026-01-08 02:15:00,46.73,100.0,67.86,68.7,39.3,10.18,261.83,418.33,0
2026-01-08 02:20:00,34.42,60.34,45.06,120.14,69.3,23.92,386.47,225.67,0
2026-01-08 02:25:00,42.11,70.54,61.09,90.05,40.09,30.49,12.62,365.39,0
2026-01-08 02:30:00,75.21,78.29,59.12,112.47,56.3,10.11,0.0,361.8,0
2026-01-08 02:35:00,71.96,81.07,69.92,227.66,35.58,24.13,383.81,541.85,0
2026-01-08 02:40:00,64.05,72.93,77.83,129.47,14.48,24.26,262.96,477.76,0
2026-01-08 02:45:00,39.54,85.95,64.41,149.31,21.34,20.01,13.82,239.01,0
2026-01-08 02:50:00,77.34,77.34,41.58,94.45,12.64,35.12,0.0,425.68,0
2026-01-08 02:55:00,37.51,99.7,63.72,76.86,39.36,6.28,410.9,237.97,0
2026-01-08 03:00:00,85.18,77.4,103.78,118.74,59.48,9.94,156.12,50.0,1
2026-01-08 03:05:00,100.0,100.0,88.34,257.72,38.22,5.68,322.05,608.89,1
2026-01-08 03:10:00,69.33,84.22,20.0,104.19,28.84,23.7,202.52,293.76,0
2026-01-08 03:15:00,73.66,35.5,63.01,139.88,19.21,11.73,243.84,505.92,0
2026-01-08 03:20:00,52.14,100.0,76.91,74.44,42.11,6.65,143.39,250.8,0
2026-01-08 03:25:00,25.8,57.66,59.08,5.0,10.24,34.96,236.23,228.9,0
2026-01-08 03:30:00,49.95,94.92,54.64,76.56,12.32,36.71,353.87,268.01,0
2026-01-08 03:35:00,40.14,68.48,57.73,250.94,53.0,11.06,200.37,387.9,0
2026-01-08 03:40:00,33.06,87.1,70.84,152.75,29.45,0.0,190.09,376.42,0
2026-01-08 03:45:00,96.45,55.61,43.62,210.25,29.05,37.36,359.36,424.65,0
2026-01-08 03:50:00,67.46,79.26,81.02,100.88,31.62,20.65,371.35,275.54,0
2026-01-08 03:55:00,69.59,63.44,61.1,5.0,49.52,20.05,45.25,356.06,0
2026-01-08 04:00:00,55.82,96.42,47.04,59.02,38.31,16.26,244.8,223.52,0
2026-01-08 04:05:00,58.54,75.9,79.99,141.84,20.14,5.4,155.72,570.39,0
2026-01-08 04:10:00,81.29,84.85,37.28,133.07,20.86,10.04,252.47,152.9,0
2026-01-08 04:15:00,61.35,29.05,53.12,119.43,31.1,23.13,508.11,226.7,0
2026-01-08 04:20:00,72.61,66.46,52.85,90.84,41.04,9.63,314.61,286.49,0
2026-01-08 04:25:00,58.08,75.39,96.3,171.68,34.29,20.2,639.56,708.34,0
2026-01-08 04:30:00,55.16,72.03,51.04,92.43,32.51,15.16,289.53,465.02,0
2026-01-08 04:35:00,33.86,85.3,27.52,136.93,35.93,2.32,220.04,221.96,0
2026-01-08 04:40:00,22.45,61.41,52.69,130.74,34.28,34.45,246.46,473.33,0
2026-01-08 04:45:00,56.77,68.88,69.29,99.73,19.39,22.13,275.67,427.37,0
2026-01-08 04:50:00,63.13,89.26,74.55,71.53,57.14,18.97,308.11,391.06,0
2026-01-08 04:55:00,36.28,26.98,98.42,96.5,25.35,21.66,71.45,454.37,0
2026-01-08 05:00:00,61.31,78.61,84.51,223.05,37.58,0.0,208.03,358.71,0
2026-01-08 05:05:00,63.08,61.99,65.01,181.18,0.0,9.08,119.61,375.62,0
2026-01-08 05:10:00,18.88,51.58,47.74,176.12,30.7,0.0,435.33,117.06,0
2026-01-08 05:15:00,43.7,74.06,87.98,76.74,13.01,16.5,0.0,566.46,0
2026-01-08 05:20:00,70.15,90.09,56.1,40.93,15.42,18.91,278.24,282.87,0
2026-01-08 05:25:00,69.74,86.7,51.47,180.31,83.44,16.7,0.0,164.42,0
2026-01-08 05:30:00,38.93,65.57,55.33,169.76,39.99,29.14,327.8,274.35,0
2026-01-08 05:35:00,65.17,83.76,41.96,127.55,59.52,0.0,178.2,280.39,0
2026-01-08 05:40:00,82.45,83.63,54.56,99.62,52.11,5.41,0.0,229.81,0
2026-01-08 05:45:00,77.54,66.43,58.27,39.48,54.66,19.97,419.6,466.65,0
2026-01-08 05:50:00,60.09,55.52,73.69,167.71,31.02,18.17,0.0,496.13,0
2026-01-08 05:55:00,52.64,56.57,55.79,185.24,67.13,0.0,244.34,56.12,0
2026-01-08 06:00:00,49.41,83.08,41.72,82.65,51.93,29.36,374.41,272.78,0
2026-01-08 06:05:00,71.36,67.24,36.34,78.06,35.83,33.52,497.81,283.53,0
2026-01-08 06:10:00,65.9,49.17,65.35,188.26,40.27,20.11,0.0,324.18,0
2026-01-08 06:15:00,74.59,37.67,63.16,84.7,32.27,0.0,157.12,605.95,0
2026-01-08 06:20:00,64.64,82.97,53.13,217.85,36.04,16.92,445.06,227.96,0
2026-01-08 06:25:00,78.38,58.16,54.52,114.0,34.13,19.08,457.22,584.36,0
2026-01-08 06:30:00,63.89,73.95,68.22,98.74,42.63,11.74,480.53,328.07,0
2026-01-08 06:35:00,77.69,90.31,84.25,122.48,69.8,31.17,711.08,585.76,0
2026-01-08 06:40:00,79.42,44.44,49.52,98.74,10.9,13.61,158.44,303.36,0
2026-01-08 06:45:00,45.91,67.19,63.42,181.94,57.85,40.25,317.03,285.79,0
2026-01-08 06:50:00,25.84,64.93,77.33,168.72,27.64,24.4,187.74,346.6,0
2026-01-08 06:55:00,92.87,74.84,49.58,179.85,60.39,18.31,0.0,543.84,0
2026-01-08 07:00:00,67.13,90.3,61.75,130.15,28.33,26.05,233.8,373.75,0
2026-01-08 07:05:00,27.71,44.07,61.39,94.9,43.26,33.37,0.0,381.39,0
2026-01-08 07:10:00,47.72,78.26,41.02,119.5,31.82,25.79,156.25,445.5,0
2026-01-08 07:15:00,77.44,86.57,64.7,96.59,0.39,14.09,0.0,218.04,0
2026-01-08 07:20:00,56.41,64.65,62.5,200.66,69.78,7.08,328.99,400.5,0
2026-01-08 07:25:00,51.76,65.53,70.88,175.13,16.14,1.53,109.87,255.78,0
2026-01-08 07:30:00,90.02,75.53,43.01,114.97,36.68,0.0,0.0,570.69,0
2026-01-08 07:35:00,41.05,74.21,62.16,69.04,13.95,17.09,405.82,412.8,0
2026-01-08 07:40:00,46.04,78.48,84.11,204.75,8.26,10.35,141.32,453.91,0
2026-01-08 07:45:00,66.23,78.1,95.24,127.52,30.9,10.99,172.22,50.0,0
2026-01-08 07:50:00,69.81,50.32,82.48,112.84,23.13,27.35,74.0,456.01,0
2026-01-08 07:55:00,71.93,85.82,43.17,205.23,11.62,13.66,456.83,323.37,0
2026-01-08 08:00:00,80.22,89.0,69.22,91.95,34.29,37.74,298.69,134.43,0
2026-01-08 08:05:00,65.97,71.35,54.27,102.46,5.36,8.12,139.64,364.25,0
2026-01-08 08:10:00,71.79,41.11,66.54,107.31,37.51,3.35,0.0,122.26,0
2026-01-08 08:15:00,56.82,65.93,49.64,47.59,32.45,0.0,701.91,441.65,0
2026-01-08 08:20:00,63.25,71.5,34.58,137.37,0.0,23.67,606.29,565.1,0
2026-01-08 08:25:00,64.15,47.4,56.49,78.07,24.54,28.82,509.76,81.41,0
2026-01-08 08:30:00,66.3,61.52,73.56,88.61,44.37,7.87,123.43,345.5,0
2026-01-08 08:35:00,77.45,42.63,66.61,81.26,13.73,2.23,159.83,325.27,0
2026-01-08 08:40:00,73.1,78.93,68.45,87.71,45.24,33.36,322.12,51.56,0
2026-01-08 08:45:00,62.88,70.99,65.46,73.86,43.65,0.0,89.11,487.48,0
2026-01-08 08:50:00,45.82,38.38,68.47,133.6,14.65,27.12,71.91,443.86,0
2026-01-08 08:55:00,63.35,74.33,70.47,111.44,34.75,8.15,512.54,653.91,0
2026-01-08 09:00:00,61.44,66.98,57.61,122.64,51.5,19.77,240.07,424.43,0
2026-01-08 09:05:00,65.86,77.3,63.33,249.46,17.47,27.92,48.42,218.15,0
2026-01-08 09:10:00,100.0,60.95,89.89,111.44,30.88,20.72,421.48,427.15,1
2026-01-08 09:15:00,51.52,53.57,64.27,153.27,58.0,11.46,146.7,542.72,0
2026-01-08 09:20:00,70.45,54.12,62.68,159.53,17.85,31.75,0.0,280.27,0
2026-01-08 09:25:00,83.37,58.31,63.65,116.54,44.18,18.47,45.73,477.86,0
2026-01-08 09:30:00,63.96,68.34,58.51,135.06,13.42,59.19,157.03,50.0,0
2026-01-08 09:35:00,100.0,70.66,55.03,121.14,31.78,0.0,289.59,571.26,0
2026-01-08 09:40:00,54.44,64.57,65.34,131.14,43.93,0.0,280.91,470.06,0
2026-01-08 09:45:00,68.48,60.38,53.91,87.74,0.0,26.93,471.0,50.0,0
2026-01-08 09:50:00,46.02,61.67,59.67,92.82,24.31,14.62,207.33,407.4,0
2026-01-08 09:55:00,54.97,100.0,49.35,120.93,43.59,24.51,166.18,52.02,0
2026-01-08 10:00:00,66.98,54.13,63.73,11.55,39.52,1.82,474.11,258.34,0
2026-01-08 10:05:00,78.93,57.96,71.35,202.28,24.55,15.65,426.17,451.83,0
2026-01-08 10:10:00,68.38,100.0,58.61,238.85,12.91,20.49,211.58,329.6,1
2026-01-08 10:15:00,87.18,75.58,29.87,129.37,47.57,8.48,302.57,538.49,0
2026-01-08 10:20:00,60.1,43.16,71.45,156.6,28.55,17.78,164.44,359.56,0
2026-01-08 10:25:00,55.36,83.17,63.92,179.46,45.91,0.0,40.81,344.38,0
2026-01-08 10:30:00,100.0,51.62,46.11,47.14,42.6,19.74,645.5,514.77,0
2026-01-08 10:35:00,69.88,84.36,74.37,171.06,26.05,32.35,152.46,299.36,0
2026-01-08 10:40:00,47.61,64.2,39.63,96.55,56.45,0.15,303.1,346.23,0
2026-01-08 10:45:00,48.11,60.08,78.73,245.99,23.11,0.0,0.0,366.0,0
2026-01-08 10:50:00,43.15,96.96,61.08,109.65,58.81,29.28,382.56,339.87,0
2026-01-08 10:55:00,80.73,78.2,25.7,169.95,61.43,0.0,32.95,524.03,0
2026-01-08 11:00:00,54.71,85.51,64.85,110.19,56.0,25.09,552.03,249.98,0
2026-01-08 11:05:00,64.55,75.83,55.5,240.82,31.39,15.66,573.53,225.45,0
2026-01-08 11:10:00,60.73,60.0,53.09,91.82,85.94,9.99,351.82,190.75,0
2026-01-08 11:15:00,76.63,79.0,50.2,184.08,38.04,32.6,270.68,50.0,0
2026-01-08 11:20:00,45.07,89.77,59.96,154.47,39.82,26.14,216.27,572.56,0
2026-01-08 11:25:00,40.49,70.43,54.24,142.24,34.56,18.36,241.44,214.88,0
2026-01-08 11:30:00,66.49,100.0,32.29,132.6,12.4,0.0,323.66,314.21,0
2026-01-08 11:35:00,74.02,83.31,82.35,83.31,60.9,23.55,266.15,583.7,0
2026-01-08 11:40:00,68.65,71.82,58.09,5.0,23.55,2.15,426.71,328.72,0
2026-01-08 11:45:00,45.81,72.53,50.29,179.09,53.39,12.34,84.71,427.16,0
2026-01-08 11:50:00,75.55,70.47,43.95,93.11,58.19,15.09,525.05,136.91,0
2026-01-08 11:55:00,47.12,45.48,74.33,184.33,47.07,37.77,173.92,559.75,0
2026-01-08 12:00:00,51.57,66.38,41.23,139.34,21.16,11.96,115.74,331.76,0
2026-01-08 12:05:00,43.12,71.98,64.14,186.01,28.18,0.0,315.27,197.26,0
2026-01-08 12:10:00,88.02,60.51,52.66,164.1,0.0,32.64,326.78,197.15,0
2026-01-08 12:15:00,74.67,74.08,53.59,5.0,32.67,23.71,0.0,603.5,0
2026-01-08 12:20:00,74.1,68.38,44.34,153.82,51.05,24.16,163.4,262.07,0
2026-01-08 12:25:00,86.94,81.93,52.07,101.1,30.25,32.86,0.0,200.51,0
2026-01-08 12:30:00,100.0,79.94,62.14,184.08,23.2,35.68,128.37,285.04,0
2026-01-08 12:35:00,27.82,71.01,65.76,152.52,29.05,4.3,136.12,356.81,0
2026-01-08 12:40:00,47.23,43.39,49.43,153.16,59.31,0.0,303.54,372.77,0
2026-01-08 12:45:00,49.68,100.0,60.55,105.03,33.91,25.11,108.2,416.65,0
2026-01-08 12:50:00,44.98,65.45,76.22,69.81,72.16,11.85,150.81,385.21,0
2026-01-08 12:55:00,40.45,66.54,35.4,96.19,23.59,12.94,484.7,447.07,0
2026-01-08 13:00:00,56.01,61.83,61.9,21.01,39.34,1.54,621.55,309.09,0
2026-01-08 13:05:00,37.67,59.21,46.79,87.53,26.33,22.01,84.24,660.83,0
2026-01-08 13:10:00,68.7,95.79,45.16,39.47,76.49,19.83,433.47,276.73,0
2026-01-08 13:15:00,63.03,92.95,66.18,40.92,38.59,13.13,319.81,552.86,0
2026-01-08 13:20:00,71.62,76.0,53.28,126.41,77.56,0.0,0.0,260.15,0
2026-01-08 13:25:00,72.15,66.06,42.53,149.37,26.6,29.51,107.59,135.83,0
2026-01-08 13:30:00,74.06,79.14,83.19,118.25,65.55,18.07,0.0,99.94,0
2026-01-08 13:35:00,54.53,69.33,76.72,92.57,37.36,28.41,308.24,395.59,0
2026-01-08 13:40:00,100.0,64.58,31.08,67.89,51.73,0.0,56.18,524.29,0
2026-01-08 13:45:00,66.69,74.09,38.41,102.55,10.61,15.68,274.11,177.35,0
2026-01-08 13:50:00,24.75,60.06,71.5,74.78,41.97,6.4,712.77,218.38,0
2026-01-08 13:55:00,41.95,72.54,57.44,116.54,13.62,15.43,536.76,407.92,0
2026-01-08 14:00:00,27.19,71.68,86.01,36.32,40.14,26.32,111.94,349.62,0
2026-01-08 14:05:00,62.35,78.85,71.86,158.57,4.63,19.44,68.42,262.15,0
2026-01-08 14:10:00,59.56,56.86,66.79,88.81,33.12,15.22,482.74,158.11,0
2026-01-08 14:15:00,52.63,80.78,45.65,140.69,56.91,15.15,69.14,396.36,0
2026-01-08 14:20:00,100.0,51.69,69.86,168.8,45.95,0.0,428.4,447.94,0
2026-01-08 14:25:00,72.98,57.69,41.59,138.03,10.32,4.12,742.46,423.76,0
2026-01-08 14:30:00,76.52,58.48,82.88,163.95,0.0,28.46,371.58,353.98,0
2026-01-08 14:35:00,43.38,48.7,68.75,6.33,44.94,8.93,463.12,191.64,0
2026-01-08 14:40:00,42.02,86.28,48.8,92.89,66.62,28.69,442.25,397.18,0
2026-01-08 14:45:00,62.74,50.56,74.87,180.67,15.72,24.92,149.72,385.97,0
2026-01-08 14:50:00,65.46,55.42,97.86,148.01,76.95,25.55,302.23,153.02,0
2026-01-08 14:55:00,24.87,90.6,58.52,221.67,34.87,18.99,77.84,304.65,1
2026-01-08 15:00:00,58.39,57.73,70.81,213.74,0.0,9.77,482.19,404.96,0
2026-01-08 15:05:00,62.28,64.61,55.09,136.48,3.78,13.19,54.68,338.26,0
2026-01-08 15:10:00,57.7,49.78,63.37,106.14,50.4,22.68,376.18,55.92,0
2026-01-08 15:15:00,45.73,82.99,37.88,67.29,37.59,0.0,453.71,253.95,0
2026-01-08 15:20:00,51.21,83.24,61.99,93.83,64.64,29.93,161.5,243.97,0
2026-01-08 15:25:00,58.46,81.3,62.7,97.55,11.04,9.0,120.22,433.89,0
2026-01-08 15:30:00,63.82,77.68,90.78,87.37,37.37,13.96,219.46,739.76,0
2026-01-08 15:35:00,74.1,69.32,33.28,69.49,35.14,14.07,89.36,370.09,0
2026-01-08 15:40:00,83.62,58.56,57.51,142.09,32.14,14.52,278.15,170.3,0
2026-01-08 15:45:00,56.11,53.33,82.61,213.32,27.35,0.0,84.95,325.92,0
2026-01-08 15:50:00,52.88,91.22,58.13,171.33,27.75,16.82,97.98,351.6,0
2026-01-08 15:55:00,70.75,81.77,59.26,102.27,38.49,22.13,348.44,463.49,0
2026-01-08 16:00:00,74.22,55.52,48.67,175.77,41.05,0.0,361.16,536.32,0
2026-01-08 16:05:00,53.32,68.72,47.08,139.07,40.05,0.0,197.17,558.65,0
2026-01-08 16:10:00,77.81,62.6,32.79,117.76,59.12,25.75,0.0,430.58,0
2026-01-08 16:15:00,81.59,47.69,51.93,114.33,10.97,23.52,460.75,349.88,0
2026-01-08 16:20:00,87.83,71.2,46.17,109.0,0.0,18.58,169.29,572.51,0
2026-01-08 16:25:00,97.57,60.52,63.89,155.81,55.34,6.81,621.22,297.87,0
2026-01-08 16:30:00,44.67,50.85,49.4,127.68,16.13,23.59,226.17,358.17,0
2026-01-08 16:35:00,62.28,41.38,54.33,79.94,27.41,0.57,274.44,313.48,0
2026-01-08 16:40:00,62.23,39.85,54.76,77.27,22.76,13.35,172.28,50.0,0
2026-01-08 16:45:00,60.04,61.31,61.23,136.82,22.33,0.0,293.81,540.76,0
2026-01-08 16:50:00,49.01,66.47,53.54,143.58,5.83,13.06,875.78,451.33,0
2026-01-08 16:55:00,32.29,52.24,45.01,102.78,23.61,2.64,187.19,50.0,0
2026-01-08 17:00:00,63.85,79.71,63.37,57.74,47.99,24.07,479.74,500.26,0
2026-01-08 17:05:00,46.63,66.82,79.08,188.8,34.92,20.2,266.31,304.48,0
2026-01-08 17:10:00,63.72,78.38,64.06,177.12,45.09,8.15,461.28,498.28,0
2026-01-08 17:15:00,46.12,64.71,52.24,10.69,25.08,28.08,0.0,361.37,0
2026-01-08 17:20:00,40.01,53.83,60.03,193.68,53.06,3.52,600.08,146.4,0
2026-01-08 17:25:00,66.69,70.05,29.19,108.51,24.83,14.58,311.38,353.95,0
2026-01-08 17:30:00,65.02,45.27,59.77,130.45,0.0,7.62,201.8,215.23,0
2026-01-08 17:35:00,73.59,77.71,55.59,182.6,41.33,23.91,412.6,166.57,0
2026-01-08 17:40:00,100.0,51.13,47.06,210.89,50.35,22.72,275.9,480.05,0
2026-01-08 17:45:00,67.55,84.53,49.97,175.16,23.82,30.62,43.38,408.73,0
2026-01-08 17:50:00,71.7,61.91,55.44,133.26,58.98,16.0,0.0,574.64,0
2026-01-08 17:55:00,40.45,87.13,77.88,44.34,17.99,0.0,578.69,290.84,0
2026-01-08 18:00:00,36.26,47.79,79.47,8.56,48.41,9.83,209.89,205.56,0
2026-01-08 18:05:00,93.66,55.8,47.15,168.3,69.9,33.78,139.67,445.82,0
2026-01-08 18:10:00,43.53,74.86,53.71,193.81,35.73,11.1,153.66,224.95,0
2026-01-08 18:15:00,41.12,89.07,54.12,75.19,30.47,0.0,513.6,303.47,0
2026-01-08 18:20:00,61.22,98.0,74.95,105.16,32.89,20.39,161.78,428.76,0
2026-01-08 18:25:00,60.2,68.74,64.33,89.35,67.57,21.29,365.99,331.11,0
2026-01-08 18:30:00,43.95,100.0,63.48,87.89,43.06,6.27,189.77,276.69,0
2026-01-08 18:35:00,55.9,62.79,70.58,179.12,77.88,12.04,24.13,139.6,0
2026-01-08 18:40:00,86.59,87.78,52.46,132.01,40.59,4.83,412.23,490.53,0
2026-01-08 18:45:00,45.88,51.04,83.82,107.4,21.92,21.27,448.54,294.74,0
2026-01-08 18:50:00,34.13,75.56,61.97,266.16,23.33,15.68,127.72,442.71,0
2026-01-08 18:55:00,80.85,25.85,48.31,41.11,36.23,1.01,243.2,422.9,0
2026-01-08 19:00:00,71.85,47.81,58.33,150.14,0.0,14.89,267.46,513.69,0
2026-01-08 19:05:00,49.59,76.4,81.71,62.31,25.5,6.2,330.12,314.66,0
2026-01-08 19:10:00,30.36,44.38,55.2,111.34,25.94,32.53,604.83,297.84,0
2026-01-08 19:15:00,47.11,75.69,77.19,128.18,39.8,25.72,191.7,183.76,0
2026-01-08 19:20:00,60.91,84.32,51.99,166.45,73.84,13.53,190.59,268.6,0
2026-01-08 19:25:00,85.31,58.98,49.75,105.63,36.1,15.97,218.44,401.17,0
2026-01-08 19:30:00,41.27,50.56,72.55,99.82,0.0,27.17,80.4,227.44,0
2026-01-08 19:35:00,60.31,59.46,48.02,104.65,16.72,12.92,0.0,397.37,0
2026-01-08 19:40:00,75.5,50.62,75.16,60.6,40.25,24.1,274.08,570.09,0
2026-01-08 19:45:00,14.37,66.18,67.63,154.78,36.86,32.73,344.91,283.22,0
2026-01-08 19:50:00,82.68,69.84,48.02,135.47,67.49,9.11,250.44,152.84,0
2026-01-08 19:55:00,38.35,62.49,60.86,143.93,54.2,34.75,238.71,287.99,0
2026-01-08 20:00:00,68.64,98.14,53.22,116.18,53.6,31.26,88.23,136.6,0
2026-01-08 20:05:00,66.93,55.05,67.58,109.39,30.66,17.98,295.43,550.13,0
2026-01-08 20:10:00,83.69,93.05,92.2,184.66,56.98,9.67,280.57,362.73,0
2026-01-08 20:15:00,73.02,49.26,56.07,176.2,17.08,17.83,335.48,240.73,0
2026-01-08 20:20:00,14.45,69.31,70.54,197.81,54.37,12.07,308.26,266.02,0
2026-01-08 20:25:00,46.3,89.3,62.39,140.49,29.35,5.49,320.89,172.68,0
2026-01-08 20:30:00,64.76,88.36,62.38,194.4,6.04,21.39,487.38,501.67,0
2026-01-08 20:35:00,58.1,60.44,59.36,97.12,46.86,2.72,353.0,625.58,0
2026-01-08 20:40:00,71.55,77.99,48.28,108.95,62.95,10.94,336.51,125.89,0
2026-01-08 20:45:00,77.79,75.58,67.36,185.73,26.87,11.1,0.0,506.49,0
2026-01-08 20:50:00,74.17,58.28,57.38,166.39,66.26,0.0,439.63,313.12,0
2026-01-08 20:55:00,57.71,79.09,47.52,104.03,1.88,22.9,196.39,540.12,0
2026-01-08 21:00:00,25.07,100.0,78.23,62.46,11.06,12.26,264.26,74.93,0
2026-01-08 21:05:00,52.89,76.49,63.58,108.78,32.07,30.59,20.88,383.81,0
2026-01-08 21:10:00,70.33,78.19,58.35,82.33,27.58,12.06,626.18,288.82,0
2026-01-08 21:15:00,40.19,80.1,83.44,214.85,21.66,10.12,0.0,448.86,0
2026-01-08 21:20:00,74.63,41.7,32.62,161.8,37.67,4.14,517.86,359.17,0
2026-01-08 21:25:00,80.17,76.28,82.37,77.87,24.43,15.47,326.53,353.34,0
2026-01-08 21:30:00,64.54,49.7,47.92,62.53,27.82,15.54,0.0,334.1,0
2026-01-08 21:35:00,5.0,57.38,65.38,77.19,40.57,23.9,616.55,584.34,0
2026-01-08 21:40:00,36.44,100.0,52.59,89.26,21.65,15.8,342.48,323.75,0
2026-01-08 21:45:00,99.72,63.44,47.23,110.83,32.88,40.13,0.0,479.64,0
2026-01-08 21:50:00,51.07,54.68,83.02,181.3,22.09,20.47,173.96,444.28,0
2026-01-08 21:55:00,22.32,88.75,91.7,66.84,10.89,3.16,346.21,483.32,0
2026-01-08 22:00:00,86.7,50.94,58.46,245.92,50.27,2.14,558.38,197.79,0
2026-01-08 22:05:00,62.27,59.95,67.37,68.12,69.16,21.42,176.34,456.08,0
2026-01-08 22:10:00,84.1,90.48,62.91,42.5,56.29,2.78,0.0,400.53,0
2026-01-08 22:15:00,67.54,68.77,89.69,212.86,41.63,22.14,512.62,171.58,0
2026-01-08 22:20:00,71.17,39.89,28.19,192.67,22.17,25.75,339.68,318.14,0
2026-01-08 22:25:00,69.26,77.79,68.03,109.97,29.26,26.04,0.0,694.14,0
2026-01-08 22:30:00,75.95,60.86,50.37,140.97,56.14,4.57,311.69,291.23,0
2026-01-08 22:35:00,100.0,95.72,24.3,142.36,0.0,26.06,330.74,294.85,0
2026-01-08 22:40:00,81.42,57.09,56.23,127.52,27.73,18.87,191.55,417.61,0
2026-01-08 22:45:00,30.39,86.92,91.57,48.69,49.68,7.71,101.09,268.87,0
2026-01-08 22:50:00,70.93,99.96,51.5,5.0,12.23,13.09,140.25,371.07,0
2026-01-08 22:55:00,84.83,52.68,74.65,73.54,43.47,20.66,191.44,282.66,0
2026-01-08 23:00:00,86.05,64.52,81.18,219.89,42.54,6.93,313.85,410.36,1
2026-01-08 23:05:00,53.47,75.0,61.8,222.05,5.91,18.62,391.9,340.72,0
2026-01-08 23:10:00,85.3,52.57,63.93,105.6,36.74,32.35,0.0,642.8,0
2026-01-08 23:15:00,80.55,72.87,34.54,67.31,22.65,26.57,296.07,356.9,0
2026-01-08 23:20:00,100.0,63.95,50.54,135.3,43.32,15.98,337.83,316.61,0
2026-01-08 23:25:00,47.0,63.59,76.51,144.14,48.4,17.81,280.45,504.42,0
2026-01-08 23:30:00,51.85,68.88,62.97,153.04,42.98,8.54,177.13,141.34,0
2026-01-08 23:35:00,55.88,69.28,67.88,5.0,36.45,8.88,505.57,603.76,0
2026-01-08 23:40:00,52.2,70.95,64.13,293.68,40.78,0.0,491.99,201.73,0
2026-01-08 23:45:00,44.2,57.22,97.07,182.29,11.48,18.01,184.08,528.87,0
2026-01-08 23:50:00,6.75,58.01,55.11,109.12,34.38,23.19,235.05,568.49,0
2026-01-08 23:55:00,53.31,65.87,87.69,80.48,19.07,14.15,388.93,271.13,0
2026-01-09 00:00:00,69.39,67.19,64.14,174.3,55.63,4.47,480.87,285.54,0
2026-01-09 00:05:00,52.14,60.1,89.11,147.25,48.66,15.79,103.21,333.62,0
2026-01-09 00:10:00,100.0,73.83,42.4,125.07,48.61,31.1,61.68,443.23,0
2026-01-09 00:15:00,62.27,35.33,64.95,145.21,69.27,25.78,299.35,200.29,0
2026-01-09 00:20:00,87.82,54.85,55.7,113.8,28.4,14.65,47.76,333.62,0
2026-01-09 00:25:00,67.23,62.96,64.23,142.1,24.02,39.57,0.0,302.99,0
2026-01-09 00:30:00,78.53,52.59,81.56,159.95,27.93,47.38,102.33,177.3,0
2026-01-09 00:35:00,67.58,97.33,68.06,138.88,2.96,9.24,325.09,193.25,0
2026-01-09 00:40:00,89.38,68.34,81.53,136.0,4.53,12.05,529.65,369.24,1
2026-01-09 00:45:00,63.12,71.18,51.28,196.61,47.42,23.32,122.42,366.58,0
2026-01-09 00:50:00,71.92,59.3,48.83,32.16,7.1,4.04,227.63,235.4,0
2026-01-09 00:55:00,69.33,67.72,62.26,76.12,13.5,25.19,278.0,361.89,0
2026-01-09 01:00:00,56.23,46.13,61.38,121.46,32.97,16.22,133.25,252.96,0
2026-01-09 01:05:00,70.1,64.94,59.03,79.86,26.76,19.46,119.11,546.06,0
2026-01-09 01:10:00,100.0,51.13,46.66,98.22,52.71,8.09,310.3,334.55,0
2026-01-09 01:15:00,56.59,63.01,81.18,190.83,36.21,5.55,34.46,514.63,0
2026-01-09 01:20:00,70.39,21.92,56.19,111.81,19.03,0.0,111.87,96.1,0
2026-01-09 01:25:00,87.16,47.7,84.82,19.39,54.43,32.82,213.53,398.41,1
2026-01-09 01:30:00,84.81,94.35,62.2,96.72,49.58,26.3,308.04,439.41,0
2026-01-09 01:35:00,62.23,82.95,72.37,123.2,6.78,23.08,0.0,329.32,0
2026-01-09 01:40:00,14.33,91.74,70.92,122.18,40.05,19.18,226.45,269.17,0
2026-01-09 01:45:00,72.33,92.98,48.81,150.58,20.7,0.0,17.65,326.92,0
2026-01-09 01:50:00,17.61,80.11,67.88,146.09,20.17,5.99,126.84,461.37,0
2026-01-09 01:55:00,91.4,59.85,92.85,112.36,72.39,11.93,391.95,168.42,1
2026-01-09 02:00:00,65.39,49.33,66.03,54.38,37.49,2.02,236.71,455.07,0
2026-01-09 02:05:00,81.99,88.64,76.42,95.74,30.65,0.0,550.43,397.75,0
2026-01-09 02:10:00,43.96,69.16,73.09,85.75,36.7,3.27,237.0,310.88,0
2026-01-09 02:15:00,30.95,100.0,66.91,104.32,52.48,15.59,424.24,317.29,0
2026-01-09 02:20:00,67.22,61.43,64.98,158.01,20.97,15.59,393.06,359.28,0
2026-01-09 02:25:00,61.33,100.0,70.76,142.23,24.38,25.89,247.62,598.79,0
2026-01-09 02:30:00,52.17,65.18,74.21,165.32,48.13,39.76,13.18,402.2,0
2026-01-09 02:35:00,63.69,92.05,40.37,98.88,4.67,23.23,231.08,208.6,0
2026-01-09 02:40:00,100.0,98.54,65.96,202.96,54.82,12.89,154.1,284.71,1
2026-01-09 02:45:00,78.69,49.59,59.05,157.01,2.9,36.6,147.14,178.31,0
2026-01-09 02:50:00,82.99,59.27,55.74,126.17,30.08,0.0,278.05,66.53,0
2026-01-09 02:55:00,78.88,49.41,82.74,153.18,3.02,0.0,0.0,175.68,0
2026-01-09 03:00:00,91.59,45.86,50.27,82.83,13.87,4.36,92.71,368.01,0
2026-01-09 03:05:00,58.2,80.01,39.68,5.0,60.95,24.75,67.83,541.09,0
2026-01-09 03:10:00,20.9,64.46,74.73,86.63,55.89,17.02,204.24,499.37,0
2026-01-09 03:15:00,58.23,68.94,39.27,161.11,58.03,1.46,111.73,176.71,0
2026-01-09 03:20:00,78.23,78.01,31.15,124.41,6.02,6.27,123.56,230.35,0
2026-01-09 03:25:00,42.6,34.57,76.53,112.47,13.98,0.1,274.38,209.2,0
2026-01-09 03:30:00,58.47,91.16,64.54,73.37,41.8,0.1,169.78,50.0,0
2026-01-09 03:35:00,48.16,61.72,69.56,12.43,49.31,33.61,250.87,324.85,0
2026-01-09 03:40:00,92.04,77.58,54.92,198.37,19.01,13.28,49.17,470.49,0
2026-01-09 03:45:00,76.99,79.17,39.85,108.57,23.42,36.23,100.88,312.14,0
2026-01-09 03:50:00,75.03,92.67,43.03,96.38,12.37,4.32,617.35,159.83,0
2026-01-09 03:55:00,74.43,66.11,57.64,83.06,68.16,20.89,124.47,223.23,0
2026-01-09 04:00:00,61.26,29.77,41.64,189.0,25.5,17.72,0.0,300.67,0
2026-01-09 04:05:00,65.95,69.03,66.91,168.47,35.63,25.56,311.58,465.53,0
2026-01-09 04:10:00,38.3,71.61,54.6,66.8,36.67,18.05,122.57,322.58,0
2026-01-09 04:15:00,18.27,49.38,64.96,184.05,57.11,26.82,293.89,445.24,0
2026-01-09 04:20:00,65.0,70.65,64.48,112.02,15.95,21.65,233.88,337.8,0
2026-01-09 04:25:00,68.48,61.5,68.19,86.42,58.37,1.9,348.98,385.52,0
2026-01-09 04:30:00,86.19,43.83,69.99,103.85,9.43,23.79,232.07,208.97,0
2026-01-09 04:35:00,93.43,80.09,56.5,76.92,58.31,13.76,209.22,247.12,0
2026-01-09 04:40:00,93.4,57.85,64.94,47.35,0.69,5.68,456.63,161.63,0
2026-01-09 04:45:00,42.04,60.69,65.78,162.69,32.91,23.33,0.0,440.25,0
2026-01-09 04:50:00,54.95,59.67,23.14,107.86,67.51,26.06,11.41,306.32,0
2026-01-09 04:55:00,71.61,90.24,72.34,153.95,48.95,9.2,101.48,50.0,0
2026-01-09 05:00:00,100.0,67.26,64.4,135.8,43.42,10.79,0.0,422.17,0
2026-01-09 05:05:00,91.6,69.42,71.02,150.17,14.03,0.0,163.71,496.12,0
2026-01-09 05:10:00,84.39,60.07,41.41,7.47,20.3,0.0,145.95,228.24,0
2026-01-09 05:15:00,54.24,76.33,56.95,72.33,61.89,12.09,425.45,422.04,0
2026-01-09 05:20:00,44.34,92.29,44.54,151.32,44.45,24.5,234.11,318.54,0
2026-01-09 05:25:00,77.78,79.66,73.91,49.88,52.8,8.12,211.66,50.0,0
2026-01-09 05:30:00,39.99,80.36,39.52,140.52,36.48,32.13,181.63,642.95,0
2026-01-09 05:35:00,57.23,78.91,47.14,43.51,29.37,12.54,60.64,319.44,0
2026-01-09 05:40:00,59.7,43.16,70.55,120.9,50.33,12.59,410.34,380.21,0
2026-01-09 05:45:00,93.86,52.23,51.93,208.55,40.19,11.53,467.81,256.31,0
2026-01-09 05:50:00,54.91,64.31,47.15,162.6,31.6,26.78,31.81,305.67,0
2026-01-09 05:55:00,13.22,54.93,76.51,18.21,6.72,3.49,541.61,374.25,0
2026-01-09 06:00:00,72.09,48.84,77.16,166.66,54.08,13.45,129.22,193.62,0
2026-01-09 06:05:00,48.02,34.3,73.55,220.22,43.8,8.43,114.55,604.09,0
2026-01-09 06:10:00,62.85,43.76,75.58,273.84,22.87,8.26,335.1,475.72,0
2026-01-09 06:15:00,60.27,63.38,58.29,146.13,58.59,15.42,351.17,427.52,0
2026-01-09 06:20:00,56.53,66.75,58.73,44.96,39.88,13.64,237.17,328.73,0
2026-01-09 06:25:00,77.81,53.73,51.63,143.91,40.27,27.62,187.67,235.82,0
2026-01-09 06:30:00,31.34,69.42,64.68,207.78,52.68,14.87,461.02,504.51,0
2026-01-09 06:35:00,51.66,60.19,53.55,109.71,48.37,21.66,137.81,441.6,0
2026-01-09 06:40:00,75.68,87.63,55.07,177.37,40.87,17.07,237.62,290.09,0
2026-01-09 06:45:00,49.72,65.09,71.6,73.82,31.23,31.85,554.88,187.32,0
2026-01-09 06:50:00,29.82,80.53,80.95,140.48,74.67,11.37,9.33,113.61,0
2026-01-09 06:55:00,75.37,71.66,68.37,5.0,20.32,11.41,167.44,354.29,0
2026-01-09 07:00:00,84.46,42.76,90.71,67.73,49.92,23.94,434.52,312.66,0
2026-01-09 07:05:00,61.1,66.37,50.71,119.66,33.32,11.21,345.04,527.84,0
2026-01-09 07:10:00,22.78,45.76,32.59,100.02,44.09,20.98,410.92,498.83,0
2026-01-09 07:15:00,76.12,66.05,73.43,48.47,59.67,43.05,11.88,355.83,0
2026-01-09 07:20:00,28.8,54.59,49.65,92.52,28.77,3.25,307.8,337.83,0
2026-01-09 07:25:00,68.18,74.88,57.62,138.13,47.04,33.38,198.66,177.19,0
2026-01-09 07:30:00,44.25,43.84,33.68,115.26,40.31,9.09,659.04,509.15,0
2026-01-09 07:35:00,38.8,68.26,47.61,123.35,22.17,31.05,395.69,341.49,0
2026-01-09 07:40:00,53.16,78.3,37.96,160.26,60.16,23.23,245.98,440.79,0
2026-01-09 07:45:00,58.33,84.34,55.05,101.13,49.22,22.2,301.46,526.52,0
2026-01-09 07:50:00,49.12,54.24,55.69,194.75,26.31,13.19,259.77,265.16,0
2026-01-09 07:55:00,73.77,68.32,63.44,65.59,57.07,11.99,375.82,225.81,0
2026-01-09 08:00:00,53.08,71.31,81.84,226.04,18.37,6.34,95.87,720.31,0
2026-01-09 08:05:00,81.6,95.85,72.83,181.22,34.42,15.08,495.74,439.17,0
2026-01-09 08:10:00,67.62,41.34,36.05,100.42,26.42,12.79,11.55,308.21,0
2026-01-09 08:15:00,48.05,51.6,71.73,104.09,50.03,17.29,286.91,535.98,0
2026-01-09 08:20:00,44.68,100.0,63.79,131.37,25.41,0.0,101.63,303.76,0
2026-01-09 08:25:00,29.05,63.08,60.43,152.93,50.17,15.27,257.71,398.82,0
2026-01-09 08:30:00,67.81,33.96,61.64,180.2,46.89,30.15,427.84,264.77,0
2026-01-09 08:35:00,54.91,57.51,65.27,46.27,27.5,26.33,0.0,347.45,0
2026-01-09 08:40:00,14.56,18.16,50.93,144.06,71.59,15.28,219.49,308.89,0
2026-01-09 08:45:00,51.29,72.34,59.08,5.0,20.1,45.75,0.0,237.22,0
2026-01-09 08:50:00,43.98,82.58,80.94,110.25,6.82,8.07,199.71,386.43,0
2026-01-09 08:55:00,93.51,51.59,50.74,199.97,52.12,13.96,0.0,254.21,0
2026-01-09 09:00:00,27.94,59.53,45.52,42.03,0.0,0.0,279.12,436.4,0
2026-01-09 09:05:00,33.17,84.63,61.01,32.04,64.84,10.16,173.29,304.32,0
2026-01-09 09:10:00,84.2,36.5,43.91,132.14,37.04,36.45,384.48,91.99,0
2026-01-09 09:15:00,89.14,44.21,34.44,196.31,6.46,10.61,471.14,443.13,0
2026-01-09 09:20:00,47.1,63.89,56.49,137.9,16.03,0.0,251.92,445.64,0
2026-01-09 09:25:00,49.36,54.46,85.18,15.25,2.32,25.46,410.86,688.03,0
2026-01-09 09:30:00,74.32,62.71,61.38,27.43,42.66,19.67,498.84,352.66,0
2026-01-09 09:35:00,15.46,45.25,64.86,125.38,8.46,24.97,84.02,377.5,0
2026-01-09 09:40:00,24.78,71.86,27.92,55.14,45.04,11.44,508.3,421.79,0
2026-01-09 09:45:00,56.39,65.31,69.01,127.52,28.9,2.91,243.35,502.96,0
2026-01-09 09:50:00,93.0,77.89,63.49,130.78,25.49,12.8,73.89,493.58,0
2026-01-09 09:55:00,53.29,71.61,51.36,93.06,45.19,21.66,303.72,397.82,0
2026-01-09 10:00:00,64.02,71.72,64.88,219.81,47.47,14.13,237.02,345.05,0
2026-01-09 10:05:00,84.68,41.97,64.72,152.48,57.92,19.66,0.0,476.4,0
2026-01-09 10:10:00,100.0,76.87,45.05,186.64,22.32,8.56,51.81,338.81,0
2026-01-09 10:15:00,50.46,62.04,67.31,170.63,34.4,20.1,544.72,156.62,0
2026-01-09 10:20:00,61.66,65.0,81.15,111.75,22.29,14.96,300.14,124.82,0
2026-01-09 10:25:00,98.44,86.87,58.35,109.31,38.26,6.53,516.72,306.01,0
2026-01-09 10:30:00,31.56,55.05,48.12,103.63,19.43,16.68,175.02,368.0,0
2026-01-09 10:35:00,82.55,92.32,59.16,157.46,26.52,10.36,105.71,720.8,0
2026-01-09 10:40:00,41.63,94.0,75.67,84.23,26.62,22.41,0.0,332.0,0
2026-01-09 10:45:00,64.05,81.55,42.38,214.88,40.87,25.48,424.24,356.99,0
2026-01-09 10:50:00,57.15,50.35,71.26,78.98,35.06,21.02,323.91,289.35,0
2026-01-09 10:55:00,42.84,28.65,51.15,131.8,45.13,0.0,176.64,442.82,0
2026-01-09 11:00:00,42.34,87.42,65.87,107.4,32.86,3.42,107.32,392.05,0
2026-01-09 11:05:00,67.53,70.0,52.97,95.21,23.4,7.36,452.84,254.25,0
2026-01-09 11:10:00,81.91,54.59,52.93,239.48,38.83,5.44,218.09,198.28,0
2026-01-09 11:15:00,59.41,89.12,86.37,95.85,16.66,8.49,220.02,289.64,0
2026-01-09 11:20:00,63.4,52.49,39.45,103.24,46.38,26.1,141.86,223.49,0
2026-01-09 11:25:00,73.42,60.37,69.77,83.47,29.29,23.38,176.66,315.33,0
2026-01-09 11:30:00,42.57,77.45,89.7,122.26,39.09,9.91,349.02,371.22,0
2026-01-09 11:35:00,76.79,47.96,72.97,114.43,39.4,22.1,0.0,274.82,0
2026-01-09 11:40:00,78.39,66.03,40.7,58.44,67.03,18.95,264.53,568.17,0
2026-01-09 11:45:00,100.0,87.6,41.49,96.66,42.63,14.61,422.01,523.91,0
2026-01-09 11:50:00,54.48,71.8,49.97,153.53,36.46,28.78,234.74,315.57,0
2026-01-09 11:55:00,52.84,90.45,64.53,176.48,21.15,7.06,439.76,205.38,0
2026-01-09 12:00:00,77.38,88.4,65.62,121.32,51.05,15.63,491.31,345.53,0
2026-01-09 12:05:00,78.38,68.14,41.65,123.24,29.6,2.39,412.64,329.94,0
2026-01-09 12:10:00,51.3,25.94,48.04,100.15,4.49,2.96,153.29,340.58,0
2026-01-09 12:15:00,53.94,48.1,49.02,92.37,31.1,0.0,243.62,290.3,0
2026-01-09 12:20:00,72.82,81.74,59.11,69.42,38.83,3.17,312.24,192.59,0
2026-01-09 12:25:00,45.45,40.1,93.76,34.38,18.63,16.0,165.45,355.23,0
2026-01-09 12:30:00,53.79,62.12,47.07,81.37,32.64,11.37,159.44,297.37,0
2026-01-09 12:35:00,63.79,74.09,46.37,169.72,33.57,11.76,148.6,310.71,0
2026-01-09 12:40:00,81.92,94.45,43.87,96.66,33.88,11.41,707.84,364.09,0
2026-01-09 12:45:00,49.91,57.65,72.17,100.97,59.69,36.27,201.2,339.6,0
2026-01-09 12:50:00,25.15,56.42,61.34,99.9,8.77,1.35,442.36,360.83,0
2026-01-09 12:55:00,23.67,67.06,47.66,188.46,75.68,0.07,93.51,290.42,0
2026-01-09 13:00:00,36.81,74.32,56.2,68.94,34.34,4.85,556.32,404.02,0
2026-01-09 13:05:00,35.74,65.22,49.34,135.24,46.6,14.14,181.86,242.33,0
2026-01-09 13:10:00,58.91,86.89,66.73,116.23,37.56,21.18,259.54,186.81,0
2026-01-09 13:15:00,38.22,53.62,104.95,123.74,0.48,22.42,0.0,216.5,0
2026-01-09 13:20:00,47.94,70.16,70.81,133.44,13.87,26.34,450.99,248.5,0
2026-01-09 13:25:00,46.52,76.01,60.51,123.14,24.51,13.7,489.98,156.83,0
2026-01-09 13:30:00,53.19,60.8,51.36,163.62,54.87,10.24,36.29,96.09,0
2026-01-09 13:35:00,88.45,83.11,40.51,118.39,7.31,34.6,461.46,425.52,0
2026-01-09 13:40:00,75.24,70.68,73.74,215.94,17.89,0.0,9.29,541.14,0
2026-01-09 13:45:00,62.32,82.2,72.87,122.45,38.3,15.75,363.77,433.66,0
2026-01-09 13:50:00,52.78,71.49,54.54,26.31,44.46,20.16,198.17,277.54,0
2026-01-09 13:55:00,53.34,74.78,81.41,155.11,43.85,37.48,490.53,92.53,0
2026-01-09 14:00:00,68.55,56.62,62.34,141.57,15.32,0.0,294.85,378.79,0
2026-01-09 14:05:00,73.68,56.65,74.4,121.79,3.04,9.96,417.66,108.9,0
2026-01-09 14:10:00,43.85,90.04,66.74,105.72,45.78,0.0,472.8,337.0,0
2026-01-09 14:15:00,62.73,79.44,59.17,5.0,63.66,0.0,197.61,230.06,0
2026-01-09 14:20:00,21.37,49.59,46.72,12.92,28.09,12.55,244.8,50.0,0
2026-01-09 14:25:00,66.23,71.26,59.67,210.61,12.11,25.0,49.99,572.08,0
2026-01-09 14:30:00,77.24,25.27,75.47,87.8,26.4,29.47,196.0,161.63,0
2026-01-09 14:35:00,56.4,57.67,53.87,173.11,42.88,8.62,596.87,296.63,0
2026-01-09 14:40:00,98.33,85.3,69.04,31.83,30.34,23.0,386.04,330.65,0
2026-01-09 14:45:00,44.38,65.75,44.68,62.42,63.14,12.63,61.97,279.43,0
2026-01-09 14:50:00,66.35,70.12,74.48,157.33,53.5,21.68,543.66,419.69,0
2026-01-09 14:55:00,61.28,13.71,67.01,114.36,38.69,28.85,320.02,238.85,0
2026-01-09 15:00:00,59.99,60.94,42.77,149.57,0.0,12.67,399.48,407.29,0
2026-01-09 15:05:00,59.71,74.09,58.42,119.25,21.15,27.92,338.3,397.78,0
2026-01-09 15:10:00,64.14,76.38,76.9,108.58,24.04,0.44,325.56,143.34,0
2026-01-09 15:15:00,78.96,85.32,41.86,82.6,20.07,22.88,0.0,385.38,0
2026-01-09 15:20:00,89.55,64.22,44.86,54.33,38.82,27.4,449.25,191.9,0
2026-01-09 15:25:00,61.95,65.02,60.89,197.15,39.23,26.16,0.0,175.15,0
2026-01-09 15:30:00,78.31,44.02,96.13,206.2,1.52,0.78,432.88,393.58,0
2026-01-09 15:35:00,47.96,64.32,51.24,62.87,51.09,12.53,267.92,288.75,0
2026-01-09 15:40:00,77.32,45.29,69.92,59.28,35.32,18.63,400.38,405.94,0
2026-01-09 15:45:00,46.76,34.74,66.16,100.87,42.15,20.32,278.51,407.26,0
2026-01-09 15:50:00,83.81,48.47,52.57,138.72,49.9,16.39,437.88,135.8,0
2026-01-09 15:55:00,100.0,95.16,64.58,110.0,19.66,32.15,252.91,461.09,0
2026-01-09 16:00:00,59.56,63.13,54.83,147.47,60.18,0.0,300.57,392.75,0
2026-01-09 16:05:00,18.15,71.96,56.28,117.29,32.16,12.12,322.86,262.0,0
2026-01-09 16:10:00,51.04,58.76,35.42,113.7,65.25,0.0,588.16,329.62,0
2026-01-09 16:15:00,86.64,35.77,61.61,252.72,17.12,22.45,358.05,465.37,0
2026-01-09 16:20:00,73.06,84.85,76.39,91.11,63.76,21.66,12.97,302.06,0
2026-01-09 16:25:00,66.98,28.9,62.92,210.2,16.92,55.18,148.48,667.29,0
2026-01-09 16:30:00,82.17,58.01,79.45,199.58,85.98,27.32,357.64,573.6,0
2026-01-09 16:35:00,71.69,67.02,71.29,147.73,15.96,18.98,476.75,367.52,0
2026-01-09 16:40:00,86.35,72.15,61.05,14.06,56.13,18.06,120.01,315.8,0
2026-01-09 16:45:00,80.39,54.92,51.95,121.71,27.75,11.2,653.18,322.3,0
2026-01-09 16:50:00,92.43,34.92,54.22,91.69,49.3,16.57,281.61,259.9,0
2026-01-09 16:55:00,69.18,53.58,38.47,121.1,34.19,18.31,325.7,368.78,0
2026-01-09 17:00:00,80.11,54.52,57.73,61.54,13.18,0.0,24.27,453.13,0
2026-01-09 17:05:00,55.86,54.08,64.34,161.59,0.0,17.36,450.79,147.58,0
2026-01-09 17:10:00,49.97,85.46,89.45,174.17,85.15,16.21,169.76,446.42,0
2026-01-09 17:15:00,96.14,46.16,70.45,184.35,36.46,36.05,115.74,490.03,0
2026-01-09 17:20:00,66.32,73.42,48.16,98.98,0.0,13.42,192.91,435.83,0
2026-01-09 17:25:00,78.1,70.85,38.97,61.73,41.05,5.81,498.9,330.51,0
2026-01-09 17:30:00,64.47,85.29,58.7,139.34,48.79,18.22,333.83,429.59,0
2026-01-09 17:35:00,50.27,65.6,74.99,216.58,20.7,15.89,89.96,544.89,0
2026-01-09 17:40:00,62.22,82.24,58.47,123.82,20.83,13.43,154.53,341.27,0
2026-01-09 17:45:00,90.72,64.9,70.67,144.88,34.6,0.0,503.72,353.54,0
2026-01-09 17:50:00,73.1,75.82,59.1,107.08,59.05,13.13,207.45,669.88,0
2026-01-09 17:55:00,27.77,40.95,73.47,92.31,37.0,8.05,350.87,396.09,0
2026-01-09 18:00:00,57.7,20.51,36.44,156.21,64.26,12.4,394.93,198.91,0
2026-01-09 18:05:00,97.65,74.8,87.67,114.17,57.62,23.79,0.0,480.95,1
2026-01-09 18:10:00,57.72,75.76,44.2,142.19,30.42,6.91,477.59,410.29,0
2026-01-09 18:15:00,25.99,76.56,74.7,147.91,3.59,12.35,96.58,251.69,0
2026-01-09 18:20:00,99.86,58.55,57.65,139.11,30.47,21.49,185.09,184.41,0
2026-01-09 18:25:00,75.65,94.82,60.15,150.68,45.53,11.77,527.08,385.79,0
2026-01-09 18:30:00,60.6,59.72,58.14,73.08,36.2,46.31,510.45,340.98,0
2026-01-09 18:35:00,54.57,75.58,66.09,69.73,47.69,17.99,338.7,163.36,0
2026-01-09 18:40:00,83.65,78.7,69.32,117.66,52.27,0.1,381.12,336.73,0
2026-01-09 18:45:00,51.16,98.94,78.93,118.98,45.62,4.93,426.03,327.28,0
2026-01-09 18:50:00,84.97,62.29,84.53,91.27,29.49,3.72,507.42,340.64,0
2026-01-09 18:55:00,72.84,56.24,67.31,133.26,45.4,5.1,530.34,423.74,0
2026-01-09 19:00:00,66.89,41.03,89.42,169.95,79.71,21.44,269.39,85.72,0
2026-01-09 19:05:00,64.91,95.94,63.49,185.31,5.2,1.72,117.28,183.18,0
2026-01-09 19:10:00,58.5,75.59,79.24,197.67,44.75,11.03,204.07,276.96,0
2026-01-09 19:15:00,82.91,76.16,68.86,47.69,71.64,28.71,272.9,548.93,0
2026-01-09 19:20:00,44.69,100.0,53.21,56.04,11.51,8.76,240.45,705.17,0
2026-01-09 19:25:00,29.56,73.85,64.9,104.07,55.02,23.06,67.8,350.73,0
2026-01-09 19:30:00,74.29,44.56,70.05,124.42,57.69,0.0,328.62,356.83,0
2026-01-09 19:35:00,74.62,64.47,61.48,106.89,5.46,10.55,0.0,50.0,0
2026-01-09 19:40:00,71.6,50.45,68.61,89.6,49.25,4.37,265.37,485.67,0
2026-01-09 19:45:00,70.15,60.87,75.85,103.26,29.57,18.6,276.91,417.45,0
2026-01-09 19:50:00,55.59,60.75,61.63,146.58,33.79,2.58,270.74,392.47,0
2026-01-09 19:55:00,77.75,57.43,20.0,46.87,28.5,39.84,403.22,163.07,0
2026-01-09 20:00:00,61.09,42.92,88.85,248.88,61.25,0.0,379.35,646.98,0
2026-01-09 20:05:00,52.26,96.67,57.24,121.15,32.76,28.63,650.08,578.08,0
2026-01-09 20:10:00,55.76,73.38,48.83,177.8,25.73,25.54,156.81,394.15,0
2026-01-09 20:15:00,100.0,63.94,44.01,88.1,26.07,18.72,300.28,498.8,0
2026-01-09 20:20:00,27.3,81.64,56.62,151.59,28.18,15.65,288.74,357.67,0
2026-01-09 20:25:00,72.0,76.48,53.0,125.51,13.41,37.26,280.27,473.16,0
2026-01-09 20:30:00,28.42,72.96,50.21,167.12,25.56,44.65,22.33,153.91,0
2026-01-09 20:35:00,59.84,80.33,51.09,109.07,37.35,12.51,36.97,50.0,0
2026-01-09 20:40:00,53.33,70.41,70.48,205.34,43.09,16.89,251.16,159.58,0
2026-01-09 20:45:00,20.3,80.06,94.49,37.94,59.08,8.37,0.0,229.03,0
2026-01-09 20:50:00,69.78,81.56,75.13,172.22,39.82,0.97,189.84,253.47,0
2026-01-09 20:55:00,54.4,70.93,79.96,126.53,25.51,20.56,133.44,417.22,0
2026-01-09 21:00:00,20.02,64.03,55.96,63.99,14.78,18.0,196.36,311.4,0
2026-01-09 21:05:00,78.79,95.55,63.67,227.36,40.89,0.0,453.82,345.7,1
2026-01-09 21:10:00,90.7,59.4,68.82,221.68,32.65,20.47,55.9,172.31,0
2026-01-09 21:15:00,91.8,75.04,51.45,5.94,33.31,18.4,406.56,159.33,0
2026-01-09 21:20:00,69.18,75.45,55.19,129.72,40.25,7.79,147.17,356.17,0
2026-01-09 21:25:00,62.92,57.03,75.67,158.81,45.39,7.0,169.58,268.68,0
2026-01-09 21:30:00,88.56,53.46,79.44,144.29,40.39,20.09,333.8,350.68,0
2026-01-09 21:35:00,95.65,61.63,63.08,203.35,31.59,34.31,200.65,431.66,0
2026-01-09 21:40:00,84.67,59.14,42.88,191.92,18.97,19.78,89.36,595.92,0
2026-01-09 21:45:00,43.17,41.75,57.27,134.59,22.74,24.37,183.35,346.93,0
2026-01-09 21:50:00,66.03,56.27,38.94,245.24,51.97,5.01,0.0,622.0,0
2026-01-09 21:55:00,70.79,72.79,63.2,171.53,26.53,10.03,318.61,410.94,0
2026-01-09 22:00:00,25.81,90.79,66.09,100.67,8.08,22.3,0.0,453.43,0
2026-01-09 22:05:00,71.39,77.98,57.67,89.62,58.19,0.0,409.84,507.96,0
2026-01-09 22:10:00,100.0,21.21,65.87,188.38,16.15,17.49,360.75,457.96,0
2026-01-09 22:15:00,74.8,79.54,68.67,76.39,35.7,20.92,538.26,229.74,0
2026-01-09 22:20:00,91.47,57.95,66.11,97.46,44.82,14.54,642.77,512.46,0
2026-01-09 22:25:00,65.66,76.16,42.78,106.82,35.06,18.83,418.44,293.89,0
2026-01-09 22:30:00,60.54,67.75,57.95,139.56,0.0,15.69,137.07,395.25,0
2026-01-09 22:35:00,69.63,64.53,68.56,109.36,42.81,7.53,641.07,369.93,0
2026-01-09 22:40:00,45.68,66.16,87.26,47.57,61.53,0.86,35.09,521.61,0
2026-01-09 22:45:00,42.72,67.6,57.65,183.91,50.73,13.92,0.0,408.96,0
2026-01-09 22:50:00,87.33,92.2,70.81,97.76,0.0,30.65,583.44,142.08,0
2026-01-09 22:55:00,89.45,67.65,76.05,231.1,77.54,27.29,358.28,663.75,0
2026-01-09 23:00:00,42.18,87.54,58.85,136.72,8.48,10.86,0.0,475.24,0
2026-01-09 23:05:00,81.36,84.92,80.37,189.7,13.43,10.61,6.04,267.43,0
2026-01-09 23:10:00,60.26,80.01,81.23,154.7,50.64,9.72,349.23,179.41,0
2026-01-09 23:15:00,68.8,35.84,84.09,192.33,44.06,9.72,93.41,492.39,0
2026-01-09 23:20:00,71.2,88.1,69.33,151.37,36.61,18.45,119.29,197.14,0
2026-01-09 23:25:00,81.89,59.76,99.76,132.93,23.61,27.69,603.96,470.11,0
2026-01-09 23:30:00,63.65,80.88,52.16,180.13,61.62,42.15,636.67,510.36,0
2026-01-09 23:35:00,90.2,50.49,95.99,256.73,34.21,5.04,276.42,252.53,1
2026-01-09 23:40:00,68.19,46.67,74.29,105.16,3.68,22.81,222.91,239.15,0
2026-01-09 23:45:00,74.48,100.0,83.45,163.72,59.65,21.51,412.44,279.47,0
2026-01-09 23:50:00,45.33,50.77,56.88,119.71,39.39,11.04,148.91,201.67,0
2026-01-09 23:55:00,100.0,88.63,75.51,147.83,57.3,2.69,0.0,384.44,0
2026-01-10 00:00:00,71.4,70.13,84.83,122.32,46.45,18.3,0.0,405.84,0
2026-01-10 00:05:00,76.26,60.44,44.6,5.0,82.83,40.44,236.75,459.12,0
2026-01-10 00:10:00,29.84,67.19,59.39,108.99,28.8,18.23,408.74,225.0,0
2026-01-10 00:15:00,45.55,44.58,27.74,174.98,35.32,5.55,252.88,475.99,0
2026-01-10 00:20:00,86.76,67.75,59.15,77.91,49.4,13.11,395.79,201.85,0
2026-01-10 00:25:00,67.74,48.51,48.94,170.65,28.92,1.32,413.77,475.91,0
2026-01-10 00:30:00,23.72,60.88,58.52,130.1,51.05,15.22,499.49,127.0,0
2026-01-10 00:35:00,82.77,84.66,105.0,109.47,0.0,23.2,283.53,585.16,0
2026-01-10 00:40:00,51.12,72.58,89.48,169.82,33.54,6.69,299.66,271.77,0
2026-01-10 00:45:00,90.23,41.32,38.97,157.46,32.94,0.0,243.38,439.86,0
2026-01-10 00:50:00,60.24,83.33,70.89,143.13,32.22,18.32,203.49,451.77,0
2026-01-10 00:55:00,66.09,67.87,74.78,175.87,17.46,8.98,0.0,159.57,0
2026-01-10 01:00:00,85.58,58.24,56.59,131.17,53.12,5.99,460.96,475.27,0
2026-01-10 01:05:00,44.05,81.44,64.85,29.54,24.91,5.89,180.92,267.39,0
2026-01-10 01:10:00,42.14,64.99,66.42,99.2,39.01,19.8,170.61,304.09,0
2026-01-10 01:15:00,58.07,47.02,40.45,20.76,34.26,10.11,152.51,249.47,0
2026-01-10 01:20:00,78.54,100.0,45.5,156.16,45.01,26.17,8.73,592.07,0
2026-01-10 01:25:00,35.38,67.69,64.76,169.29,63.62,26.43,234.6,174.5,0
2026-01-10 01:30:00,28.64,66.54,63.59,171.79,38.9,11.75,342.96,414.54,0
2026-01-10 01:35:00,78.47,60.71,50.66,146.9,51.83,8.75,123.05,256.45,0
2026-01-10 01:40:00,49.94,89.24,49.29,173.24,37.9,16.53,436.77,513.66,0
2026-01-10 01:45:00,54.16,58.55,60.56,33.29,24.88,13.26,183.69,698.2,0
2026-01-10 01:50:00,24.86,40.19,76.18,114.08,32.17,0.0,0.0,255.45,0
2026-01-10 01:55:00,48.42,55.78,60.78,42.18,29.33,37.97,497.27,371.01,0
2026-01-10 02:00:00,61.85,91.88,87.96,100.29,46.36,23.57,285.72,292.22,0
2026-01-10 02:05:00,80.61,82.98,50.87,208.89,37.13,9.44,405.39,505.71,0
2026-01-10 02:10:00,46.58,63.41,65.09,180.13,19.11,0.0,409.63,312.69,0
2026-01-10 02:15:00,95.15,92.72,56.33,156.43,30.56,12.83,79.7,485.83,0
2026-01-10 02:20:00,48.31,81.46,71.41,110.01,4.48,7.94,156.06,290.34,0
2026-01-10 02:25:00,48.34,63.2,49.49,65.35,31.31,14.27,436.17,686.56,0
2026-01-10 02:30:00,92.75,65.01,92.84,130.29,35.03,0.0,580.34,50.0,1
2026-01-10 02:35:00,66.23,73.93,34.95,181.09,71.17,9.33,261.39,406.53,0
2026-01-10 02:40:00,50.96,53.03,89.45,142.54,61.97,10.06,137.11,348.42,0
2026-01-10 02:45:00,58.9,68.08,63.44,32.79,14.32,12.69,552.82,342.99,0
2026-01-10 02:50:00,89.06,73.55,70.84,125.75,39.04,12.17,137.21,392.81,0
2026-01-10 02:55:00,91.32,37.63,83.35,14.77,39.39,15.63,309.21,358.77,1
2026-01-10 03:00:00,45.66,64.59,75.72,164.23,30.39,33.25,173.0,382.86,0
2026-01-10 03:05:00,61.15,62.54,50.32,81.88,31.67,8.82,298.43,411.22,0
2026-01-10 03:10:00,63.8,86.51,71.6,52.73,27.92,4.07,79.82,612.35,0
2026-01-10 03:15:00,42.28,34.8,91.88,164.99,72.45,0.0,182.56,50.0,0
2026-01-10 03:20:00,60.89,61.13,47.8,150.77,26.68,8.87,137.09,627.06,0
2026-01-10 03:25:00,62.11,59.33,95.89,132.78,41.82,0.0,369.2,733.97,0
2026-01-10 03:30:00,84.8,85.28,68.17,240.54,0.0,26.52,279.38,87.34,0
2026-01-10 03:35:00,86.15,67.22,55.07,154.92,51.47,13.85,408.44,357.18,0
2026-01-10 03:40:00,55.42,100.0,47.71,84.53,58.69,26.27,101.36,555.69,0
2026-01-10 03:45:00,57.72,79.92,58.43,148.56,13.96,32.59,212.48,487.78,0
2026-01-10 03:50:00,75.29,60.62,30.72,104.27,24.76,4.62,362.51,601.43,0
2026-01-10 03:55:00,50.3,72.31,55.36,189.67,44.03,10.83,404.57,405.79,0
2026-01-10 04:00:00,73.77,61.63,57.79,135.45,35.39,30.98,0.0,50.0,0
2026-01-10 04:05:00,60.24,83.47,44.81,140.9,44.33,17.27,307.2,545.69,0
2026-01-10 04:10:00,42.61,44.02,73.97,40.67,29.26,21.26,103.61,445.32,0
2026-01-10 04:15:00,42.86,53.17,58.5,123.37,72.27,27.4,413.67,569.95,0
2026-01-10 04:20:00,90.94,76.2,51.83,116.91,21.61,25.76,584.89,119.9,0
2026-01-10 04:25:00,58.87,90.06,56.79,63.67,88.83,19.92,0.0,167.6,0
2026-01-10 04:30:00,94.81,28.36,67.68,107.82,59.84,31.76,131.93,352.47,0
2026-01-10 04:35:00,51.73,92.74,63.17,143.97,51.64,14.18,297.48,549.96,0
2026-01-10 04:40:00,67.82,65.48,50.78,119.76,14.19,21.23,249.31,591.74,0
2026-01-10 04:45:00,100.0,34.09,64.01,42.33,53.19,12.88,419.14,241.14,0
2026-01-10 04:50:00,40.85,13.97,61.19,104.97,47.08,27.25,264.23,289.03,0
2026-01-10 04:55:00,24.04,40.47,43.77,94.26,0.0,6.59,154.65,780.79,0
2026-01-10 05:00:00,87.73,67.65,57.38,130.64,6.91,0.0,66.34,267.08,0
2026-01-10 05:05:00,45.46,66.81,71.27,124.7,42.15,22.86,36.06,451.3,0
2026-01-10 05:10:00,61.59,79.4,71.15,97.36,32.33,2.76,116.31,282.22,0
2026-01-10 05:15:00,50.28,58.11,58.32,95.21,24.67,1.57,148.28,421.21,0
2026-01-10 05:20:00,67.36,48.06,72.83,123.7,56.58,30.18,319.08,220.05,0
2026-01-10 05:25:00,42.99,60.56,46.32,172.96,17.32,26.6,221.79,224.32,0
2026-01-10 05:30:00,58.4,68.6,46.82,135.33,25.9,10.89,132.84,294.38,0
2026-01-10 05:35:00,71.0,72.15,57.98,198.27,22.06,0.0,68.32,268.22,0
2026-01-10 05:40:00,41.83,53.8,85.96,182.33,45.2,21.4,123.53,304.38,0
2026-01-10 05:45:00,48.0,84.23,64.61,202.32,0.61,22.95,148.47,428.88,0
2026-01-10 05:50:00,55.05,56.81,57.59,195.27,25.05,21.2,115.34,633.56,0
2026-01-10 05:55:00,33.42,52.35,86.71,205.96,0.54,20.65,371.16,261.42,0
2026-01-10 06:00:00,53.55,58.24,57.41,56.58,28.74,12.82,496.25,201.73,0
2026-01-10 06:05:00,64.38,87.35,97.76,155.61,49.46,10.07,38.31,351.43,0
2026-01-10 06:10:00,54.01,65.61,53.82,187.01,49.82,1.73,451.47,222.3,0
2026-01-10 06:15:00,56.57,55.5,45.81,196.95,20.45,6.63,374.78,104.73,0
2026-01-10 06:20:00,61.6,84.67,59.34,77.61,45.67,18.86,282.38,509.64,0
2026-01-10 06:25:00,48.89,100.0,58.01,156.16,31.3,19.06,524.8,362.08,0
2026-01-10 06:30:00,75.82,71.77,49.08,124.14,62.22,24.48,219.35,376.77,0
2026-01-10 06:35:00,90.72,90.21,103.63,221.59,32.4,0.0,322.34,60.93,1
2026-01-10 06:40:00,52.71,86.65,67.1,43.7,0.0,0.0,272.27,262.29,0
2026-01-10 06:45:00,71.7,57.1,69.43,77.69,52.89,10.44,258.88,137.62,0
2026-01-10 06:50:00,57.21,68.48,54.61,20.42,25.82,2.76,332.62,346.93,0
2026-01-10 06:55:00,69.31,44.91,52.76,127.95,29.52,17.23,258.36,370.15,0
2026-01-10 07:00:00,93.32,64.31,78.41,244.51,41.72,0.0,333.9,370.04,0
2026-01-10 07:05:00,72.17,56.73,35.19,117.56,6.51,29.16,129.43,249.96,0
2026-01-10 07:10:00,26.53,60.75,43.71,125.56,36.49,5.14,135.06,222.05,0
2026-01-10 07:15:00,71.08,54.5,58.04,150.26,45.69,34.11,128.62,321.02,0
2026-01-10 07:20:00,86.66,62.83,83.62,113.6,42.28,21.29,184.34,403.55,1
2026-01-10 07:25:00,57.57,77.58,56.01,140.13,23.02,2.34,432.39,263.12,0
2026-01-10 07:30:00,81.91,65.85,68.66,141.57,54.84,40.14,166.8,209.39,0
2026-01-10 07:35:00,48.2,34.44,62.44,73.49,15.05,18.19,367.44,215.79,0
2026-01-10 07:40:00,32.29,54.57,82.74,114.83,22.49,16.99,297.78,251.24,0
2026-01-10 07:45:00,64.82,40.65,36.64,160.81,32.28,14.22,170.54,282.1,0
2026-01-10 07:50:00,26.87,72.39,73.78,171.07,40.91,20.6,485.65,185.27,0
2026-01-10 07:55:00,57.2,77.06,58.82,191.42,28.51,21.31,382.5,283.17,0
2026-01-10 08:00:00,87.74,72.62,76.8,138.45,59.57,4.62,250.32,535.42,0
2026-01-10 08:05:00,23.8,53.83,48.89,139.57,40.91,12.44,235.4,305.82,0
2026-01-10 08:10:00,36.41,72.44,62.39,161.26,36.51,16.39,266.87,164.17,0
2026-01-10 08:15:00,41.36,59.54,60.36,87.29,40.2,21.99,0.0,50.0,0
2026-01-10 08:20:00,60.73,47.51,45.96,85.03,49.66,22.2,101.51,625.46,0
2026-01-10 08:25:00,54.69,81.35,41.51,113.14,39.82,16.97,333.25,520.9,0
2026-01-10 08:30:00,89.98,82.72,52.71,49.87,0.0,8.4,0.0,392.69,0
2026-01-10 08:35:00,81.09,85.08,64.08,142.38,56.79,7.78,115.43,524.41,0
2026-01-10 08:40:00,71.91,57.05,49.89,177.7,37.39,0.7,179.34,429.14,0
2026-01-10 08:45:00,64.91,89.23,56.72,80.95,48.7,22.11,772.66,338.65,0
2026-01-10 08:50:00,69.86,59.12,31.83,143.93,26.88,7.61,371.27,163.97,0
2026-01-10 08:55:00,44.76,79.76,56.07,85.4,0.0,12.7,447.52,636.3,0
2026-01-10 09:00:00,79.14,58.8,78.38,64.09,0.0,17.85,105.07,284.44,0
2026-01-10 09:05:00,39.76,63.97,73.28,233.06,16.11,15.05,315.17,292.64,0
2026-01-10 09:10:00,78.71,24.42,60.61,64.88,45.35,14.93,0.0,355.62,0
2026-01-10 09:15:00,85.72,62.57,65.9,49.64,60.96,4.14,190.49,358.19,0
2026-01-10 09:20:00,66.22,69.64,48.75,131.81,41.04,18.23,340.97,436.21,0
2026-01-10 09:25:00,58.48,60.62,87.99,134.77,13.96,11.25,0.0,418.94,0
2026-01-10 09:30:00,70.01,99.61,95.08,156.7,19.32,13.96,320.76,263.47,0
2026-01-10 09:35:00,5.0,47.08,64.64,230.07,62.22,28.9,335.69,353.88,0
2026-01-10 09:40:00,68.05,57.86,103.45,77.26,8.78,21.06,141.55,431.46,0
2026-01-10 09:45:00,59.73,51.71,51.12,88.19,77.04,8.15,99.74,250.7,0
2026-01-10 09:50:00,60.99,57.85,41.98,208.48,72.52,13.21,121.26,567.0,0
2026-01-10 09:55:00,76.13,86.57,50.65,171.65,77.69,34.19,187.55,346.96,0
2026-01-10 10:00:00,60.5,94.6,58.49,164.0,42.61,11.31,192.98,589.77,0
2026-01-10 10:05:00,39.2,55.39,98.99,87.56,28.17,15.48,341.73,141.18,0
2026-01-10 10:10:00,59.17,54.99,57.5,181.92,42.13,22.97,153.81,448.19,0
2026-01-10 10:15:00,63.35,47.17,48.25,164.18,53.17,17.58,538.38,216.44,0
2026-01-10 10:20:00,64.3,91.51,47.62,130.42,21.98,10.53,537.08,254.83,0
2026-01-10 10:25:00,65.24,88.18,80.24,87.83,12.98,6.08,292.52,485.73,0
2026-01-10 10:30:00,82.79,66.09,77.96,125.87,29.32,14.88,187.97,315.73,0
2026-01-10 10:35:00,40.28,42.87,54.23,210.67,19.55,22.9,154.01,739.61,0
2026-01-10 10:40:00,65.51,44.48,31.99,59.83,59.82,30.85,307.02,427.7,0
2026-01-10 10:45:00,87.8,71.07,43.94,76.01,22.67,0.0,338.51,245.63,0
2026-01-10 10:50:00,27.31,77.89,89.54,85.47,36.91,36.15,213.82,427.97,0
2026-01-10 10:55:00,65.59,30.81,73.02,97.4,54.66,11.54,179.24,314.42,0
2026-01-10 11:00:00,50.29,62.22,63.05,119.13,60.6,26.1,313.49,474.81,0
2026-01-10 11:05:00,54.59,97.13,91.9,172.72,39.17,6.15,262.43,305.57,0
2026-01-10 11:10:00,43.9,64.08,93.33,145.38,42.69,0.0,147.02,411.0,0
2026-01-10 11:15:00,58.61,94.81,61.42,123.35,14.66,0.0,270.35,379.76,0
2026-01-10 11:20:00,98.83,79.68,61.72,135.23,55.46,11.03,141.05,361.76,0
2026-01-10 11:25:00,36.71,48.48,52.69,154.32,60.27,21.29,114.7,506.27,0
2026-01-10 11:30:00,38.61,62.73,57.45,27.51,0.0,15.37,249.1,79.51,0
2026-01-10 11:35:00,35.96,65.68,38.22,178.94,70.26,12.0,146.56,364.63,0
2026-01-10 11:40:00,96.55,50.85,38.15,74.55,20.99,28.42,118.06,244.82,0
2026-01-10 11:45:00,52.75,50.54,34.44,95.61,46.89,15.02,438.23,147.7,0
2026-01-10 11:50:00,61.49,95.12,79.35,138.72,36.55,18.36,179.4,224.33,0
2026-01-10 11:55:00,53.94,50.41,37.02,115.85,33.79,52.33,581.81,257.04,0
2026-01-10 12:00:00,43.11,87.41,93.2,146.78,30.87,14.9,362.8,314.7,0
2026-01-10 12:05:00,57.3,60.14,50.31,127.8,15.15,6.65,102.27,400.6,0
2026-01-10 12:10:00,100.0,67.54,89.8,104.09,45.48,20.77,458.76,431.34,1
2026-01-10 12:15:00,89.84,78.11,56.16,204.08,29.28,23.81,121.01,288.64,0
2026-01-10 12:20:00,44.94,57.23,36.94,158.94,8.81,18.61,605.2,587.69,0
2026-01-10 12:25:00,74.95,78.22,82.54,136.62,14.3,16.88,290.71,294.3,0
2026-01-10 12:30:00,45.37,31.16,84.43,158.09,9.15,32.79,347.66,58.03,0
2026-01-10 12:35:00,26.47,75.91,47.5,81.21,24.51,31.29,255.57,298.31,0
2026-01-10 12:40:00,82.39,23.57,56.69,239.61,44.7,13.59,297.86,357.07,0
2026-01-10 12:45:00,85.2,63.92,47.51,60.18,20.78,7.28,208.76,50.0,0
2026-01-10 12:50:00,82.92,83.38,60.07,126.22,54.51,20.15,83.35,531.1,0
2026-01-10 12:55:00,52.6,79.2,63.73,104.25,32.62,7.21,311.14,335.14,0
2026-01-10 13:00:00,58.66,44.63,56.38,102.16,29.21,25.62,434.46,177.14,0
2026-01-10 13:05:00,77.0,46.95,32.9,95.02,35.34,20.09,35.68,205.98,0
2026-01-10 13:10:00,69.83,55.6,52.71,77.56,62.9,47.04,527.29,464.26,0
2026-01-10 13:15:00,54.13,71.35,73.26,185.36,7.57,32.68,358.2,482.59,0
2026-01-10 13:20:00,29.62,31.43,58.66,53.74,68.13,2.06,171.36,252.69,0
2026-01-10 13:25:00,64.28,67.76,56.76,174.1,54.2,8.77,168.14,146.71,0
2026-01-10 13:30:00,83.58,73.61,47.11,155.67,34.57,0.0,585.55,369.63,0
2026-01-10 13:35:00,38.05,62.91,52.24,99.05,58.66,0.0,418.97,397.16,0
2026-01-10 13:40:00,74.78,77.46,84.54,149.29,28.55,16.37,455.21,434.79,0
2026-01-10 13:45:00,68.63,72.03,43.76,111.32,40.71,0.69,204.81,265.53,0
2026-01-10 13:50:00,77.0,58.25,73.53,59.44,24.17,34.69,349.99,331.69,0
2026-01-10 13:55:00,79.44,33.15,62.75,60.03,54.33,28.89,312.89,353.02,0
2026-01-10 14:00:00,48.11,70.4,65.92,156.05,20.85,11.74,218.56,495.02,0
2026-01-10 14:05:00,29.66,50.84,50.28,153.2,33.97,11.06,269.67,549.4,0
2026-01-10 14:10:00,51.33,57.59,56.37,133.31,48.58,32.82,449.81,590.1,0
2026-01-10 14:15:00,79.78,76.62,61.91,98.47,55.96,35.58,537.93,545.37,0
2026-01-10 14:20:00,51.16,93.51,53.67,109.53,18.58,3.81,204.73,622.02,0
2026-01-10 14:25:00,48.12,67.31,67.3,102.09,50.06,2.27,13.65,501.97,0
2026-01-10 14:30:00,25.57,77.97,69.32,23.92,15.36,11.39,545.85,261.6,0
2026-01-10 14:35:00,97.05,42.0,96.76,123.37,0.0,20.17,548.11,580.03,1
2026-01-10 14:40:00,78.51,72.42,66.45,148.74,20.04,8.84,322.07,143.54,0
2026-01-10 14:45:00,77.4,66.92,31.4,123.72,51.69,20.43,572.67,704.67,0
2026-01-10 14:50:00,81.35,90.13,80.61,217.3,34.76,38.4,308.97,203.71,1
2026-01-10 14:55:00,73.53,58.27,58.74,64.75,24.3,0.0,86.37,483.15,0
2026-01-10 15:00:00,57.11,63.65,94.19,83.64,36.11,9.65,13.82,566.64,0
2026-01-10 15:05:00,58.72,87.06,85.53,127.32,35.45,0.0,12.1,418.89,0
2026-01-10 15:10:00,53.45,66.34,53.92,133.41,47.44,4.96,250.82,50.0,0
2026-01-10 15:15:00,100.0,48.04,73.55,15.43,2.77,11.46,166.08,207.81,0
2026-01-10 15:20:00,73.12,100.0,52.5,153.15,32.95,6.27,145.81,403.52,0
2026-01-10 15:25:00,52.72,48.59,62.04,133.66,37.49,21.24,230.76,445.34,0
2026-01-10 15:30:00,71.31,66.84,72.82,5.0,7.69,16.81,404.43,323.18,0
2026-01-10 15:35:00,41.78,74.24,79.81,113.58,7.42,18.59,151.54,361.15,0
2026-01-10 15:40:00,92.09,72.82,76.32,75.53,27.71,11.32,121.23,129.66,0
2026-01-10 15:45:00,48.78,64.58,63.2,95.07,35.17,12.42,163.42,616.15,0
2026-01-10 15:50:00,72.02,64.67,101.73,46.4,35.24,10.79,415.77,293.31,0
2026-01-10 15:55:00,83.32,63.77,56.16,142.89,23.87,12.02,237.4,468.31,0
2026-01-10 16:00:00,69.7,47.91,36.28,216.9,23.05,20.03,300.38,560.53,0
2026-01-10 16:05:00,63.89,100.0,39.36,134.58,27.1,0.0,529.54,176.74,0
2026-01-10 16:10:00,62.22,64.04,85.58,5.0,40.97,18.46,761.79,369.2,0
2026-01-10 16:15:00,60.87,78.74,60.77,135.71,59.89,4.58,365.27,391.7,0
2026-01-10 16:20:00,50.47,61.98,64.54,109.29,0.0,10.93,347.44,311.29,0
2026-01-10 16:25:00,53.01,61.61,53.32,59.44,47.46,0.0,36.79,489.1,0
2026-01-10 16:30:00,91.59,59.8,54.76,139.45,32.78,10.7,316.33,249.91,0
2026-01-10 16:35:00,59.83,40.1,49.41,168.39,45.51,18.33,261.16,358.25,0
2026-01-10 16:40:00,46.28,65.11,69.54,83.23,58.71,20.49,410.6,294.37,0
2026-01-10 16:45:00,51.67,60.67,60.44,29.59,19.9,0.76,179.47,698.83,0
2026-01-10 16:50:00,84.01,89.09,68.96,9.36,53.89,19.91,286.13,250.58,0
2026-01-10 16:55:00,75.51,46.46,67.43,83.39,9.92,28.68,358.94,461.74,0
2026-01-10 17:00:00,73.21,57.61,55.19,111.45,37.55,9.08,591.74,619.5,0
2026-01-10 17:05:00,56.85,51.83,38.66,91.62,30.15,15.01,531.48,212.25,0
2026-01-10 17:10:00,73.47,93.97,37.27,82.42,35.93,0.0,477.89,364.3,0
2026-01-10 17:15:00,49.13,52.35,105.0,151.23,15.22,4.24,380.88,202.04,0
2026-01-10 17:20:00,56.81,78.12,85.65,145.46,43.74,18.25,172.36,50.0,0
2026-01-10 17:25:00,81.4,85.46,83.44,130.98,66.73,26.47,380.78,232.25,0
2026-01-10 17:30:00,79.49,65.37,51.21,164.91,15.56,7.81,110.99,264.45,0
2026-01-10 17:35:00,42.36,43.22,62.15,83.9,38.79,47.03,212.88,273.36,0
2026-01-10 17:40:00,44.89,43.45,48.95,59.8,52.12,18.77,570.11,305.05,0
2026-01-10 17:45:00,64.17,83.48,41.01,91.27,29.07,0.0,346.84,350.92,0
2026-01-10 17:50:00,96.52,45.31,52.58,87.48,62.21,30.45,290.86,170.48,0
2026-01-10 17:55:00,23.69,75.06,83.22,7.18,26.41,0.0,314.03,402.74,0
2026-01-10 18:00:00,67.57,70.06,75.45,89.99,32.67,18.94,233.11,532.0,0
2026-01-10 18:05:00,34.48,74.79,46.48,180.77,15.14,3.85,0.0,549.6,0
2026-01-10 18:10:00,49.31,76.49,56.96,164.05,37.53,0.0,22.41,310.97,0
2026-01-10 18:15:00,54.71,51.19,73.99,148.89,35.06,26.55,361.1,484.08,0
2026-01-10 18:20:00,53.59,50.44,52.86,127.24,47.72,11.88,84.3,247.85,0
2026-01-10 18:25:00,51.32,80.87,63.27,199.69,22.28,35.71,230.63,298.5,0
2026-01-10 18:30:00,62.14,56.67,68.43,61.69,21.36,2.78,29.06,409.78,0
2026-01-10 18:35:00,51.29,18.5,68.25,66.93,44.25,0.0,120.64,299.79,0
2026-01-10 18:40:00,32.75,79.68,66.07,181.84,62.94,9.24,249.23,160.41,0
2026-01-10 18:45:00,77.6,49.35,51.54,121.52,47.58,49.69,416.29,474.99,0
2026-01-10 18:50:00,77.06,76.41,53.18,83.09,71.95,25.01,452.38,225.71,0
2026-01-10 18:55:00,78.86,93.07,43.86,150.36,46.11,21.65,117.77,272.0,0
2026-01-10 19:00:00,31.19,68.3,37.02,95.88,45.39,22.04,305.21,508.73,0
2026-01-10 19:05:00,67.98,85.92,60.16,73.94,48.59,9.18,0.0,430.57,0
2026-01-10 19:10:00,75.52,70.77,75.06,72.41,64.76,47.75,260.15,376.42,0
2026-01-10 19:15:00,41.38,96.57,39.92,137.69,59.75,20.5,421.6,129.6,0
2026-01-10 19:20:00,62.18,48.88,66.37,131.32,13.3,19.37,237.93,175.5,0
2026-01-10 19:25:00,59.67,67.85,74.55,203.42,51.01,26.82,486.82,409.6,0
2026-01-10 19:30:00,98.84,80.12,32.61,104.05,40.31,0.0,400.65,444.5,0
2026-01-10 19:35:00,100.0,64.57,57.67,103.11,31.12,4.45,293.44,387.95,0
2026-01-10 19:40:00,28.71,88.74,88.34,199.18,0.0,12.05,205.05,278.94,0
2026-01-10 19:45:00,100.0,60.22,70.83,174.21,4.2,26.9,153.82,274.01,0
2026-01-10 19:50:00,43.7,100.0,32.07,127.97,27.71,0.0,0.0,382.37,0
2026-01-10 19:55:00,81.61,100.0,72.53,34.14,5.71,14.19,16.87,162.23,0
2026-01-10 20:00:00,81.41,73.08,50.04,75.35,28.12,12.49,429.09,363.75,0
2026-01-10 20:05:00,42.09,77.95,73.06,62.02,49.29,0.0,522.46,141.68,0
2026-01-10 20:10:00,71.87,89.45,50.96,122.0,23.38,8.89,55.41,192.11,0
2026-01-10 20:15:00,59.85,46.63,61.15,92.04,36.67,21.51,262.27,376.73,0
2026-01-10 20:20:00,73.09,44.38,53.4,208.16,13.6,0.0,0.0,437.48,0
2026-01-10 20:25:00,66.61,90.62,62.05,33.57,40.98,31.94,74.18,401.27,0
2026-01-10 20:30:00,85.93,72.93,52.92,56.13,45.16,20.62,296.77,182.82,0
2026-01-10 20:35:00,63.51,63.92,58.42,133.45,6.54,19.15,156.63,69.35,0
2026-01-10 20:40:00,58.64,68.2,43.19,148.68,19.96,15.1,0.0,348.75,0
2026-01-10 20:45:00,83.92,25.05,69.85,5.0,9.66,1.89,559.4,65.09,0
2026-01-10 20:50:00,73.61,64.57,64.8,24.55,45.18,7.2,241.15,491.66,0
2026-01-10 20:55:00,76.64,54.45,36.14,105.5,38.28,19.34,51.21,187.8,0
2026-01-10 21:00:00,48.71,84.53,77.89,194.58,34.01,7.18,273.05,685.13,0
2026-01-10 21:05:00,41.09,85.91,59.18,223.83,32.43,17.26,235.44,205.7,0
2026-01-10 21:10:00,50.65,78.38,64.59,97.2,41.46,4.21,325.93,419.44,0
2026-01-10 21:15:00,49.58,75.12,74.23,110.61,41.86,20.42,188.83,239.51,0
2026-01-10 21:20:00,77.72,41.05,67.25,73.97,25.09,21.31,306.57,324.77,0
2026-01-10 21:25:00,81.52,78.63,80.64,154.83,22.29,0.0,419.85,377.6,0
2026-01-10 21:30:00,58.9,79.33,57.31,204.07,33.82,15.81,12.73,479.04,0
2026-01-10 21:35:00,90.62,90.41,78.55,189.08,31.21,0.0,125.21,502.93,0
2026-01-10 21:40:00,89.37,100.0,63.97,118.4,76.21,0.0,401.07,459.1,0
2026-01-10 21:45:00,66.87,37.53,70.12,73.88,27.32,7.87,150.75,505.64,0
2026-01-10 21:50:00,45.56,61.01,68.46,120.45,40.79,48.56,235.3,257.58,0
2026-01-10 21:55:00,93.51,54.64,81.85,195.94,44.32,24.3,165.33,447.32,1
2026-01-10 22:00:00,60.78,71.11,73.54,97.97,63.01,31.71,176.56,298.87,0
2026-01-10 22:05:00,64.52,68.24,54.91,20.15,18.78,22.3,161.27,497.93,0
2026-01-10 22:10:00,55.21,63.79,51.74,100.2,61.79,17.47,23.44,367.34,0
2026-01-10 22:15:00,44.2,86.5,61.2,104.65,32.05,25.74,332.66,443.04,0
2026-01-10 22:20:00,32.63,48.17,49.84,19.83,85.03,7.33,441.21,393.72,0
2026-01-10 22:25:00,74.66,49.26,45.16,132.76,42.25,20.65,218.23,464.06,0
2026-01-10 22:30:00,46.33,49.56,27.95,147.83,10.42,29.13,420.9,228.85,0
2026-01-10 22:35:00,100.0,61.51,37.21,222.29,31.06,23.39,161.61,114.21,0
2026-01-10 22:40:00,40.28,45.89,93.77,46.72,61.73,29.91,150.98,498.35,0
2026-01-10 22:45:00,36.85,67.13,51.5,160.18,36.63,17.19,323.93,551.75,0
2026-01-10 22:50:00,72.2,65.02,92.46,173.18,33.81,35.3,326.93,332.62,0
2026-01-10 22:55:00,92.59,53.84,68.45,148.58,49.38,12.5,229.7,471.67,0
2026-01-10 23:00:00,63.29,83.73,61.2,64.63,28.1,40.41,371.79,105.6,0
2026-01-10 23:05:00,73.44,66.93,37.99,61.43,30.79,21.88,18.34,256.77,0
2026-01-10 23:10:00,25.13,87.13,62.07,125.35,16.11,10.39,195.29,362.29,0
2026-01-10 23:15:00,48.45,64.49,92.27,124.96,69.58,0.85,423.67,89.71,0
2026-01-10 23:20:00,40.53,67.56,86.92,89.23,10.55,5.3,423.18,120.58,0
2026-01-10 23:25:00,24.1,57.87,66.39,191.04,38.39,3.49,400.48,373.69,0
2026-01-10 23:30:00,64.34,67.87,43.62,97.96,44.6,13.94,433.73,259.15,0
2026-01-10 23:35:00,17.14,80.82,46.69,15.85,34.73,0.0,182.94,298.0,0
2026-01-10 23:40:00,35.56,60.6,48.36,107.68,9.92,30.51,0.0,289.05,0
2026-01-10 23:45:00,51.26,77.33,82.45,146.42,15.02,16.33,203.42,157.46,0
2026-01-10 23:50:00,45.37,53.37,88.11,138.81,45.45,15.84,364.48,317.37,0
2026-01-10 23:55:00,69.93,81.66,65.13,138.38,19.4,1.02,393.9,347.94,0
2026-01-11 00:00:00,68.11,57.56,57.15,202.17,0.0,5.77,155.27,262.59,0
2026-01-11 00:05:00,79.88,83.33,86.78,58.69,42.74,0.0,75.76,274.78,0
2026-01-11 00:10:00,77.05,69.1,46.34,96.7,17.55,34.41,93.67,319.4,0
2026-01-11 00:15:00,84.82,95.38,62.83,204.98,47.62,0.0,152.14,472.96,1
2026-01-11 00:20:00,61.96,47.23,69.41,11.8,30.97,0.0,0.0,335.83,0
2026-01-11 00:25:00,68.07,41.43,48.2,117.05,30.0,31.96,155.11,61.05,0
2026-01-11 00:30:00,72.23,56.91,51.83,187.59,36.04,19.65,258.62,170.92,0
2026-01-11 00:35:00,64.83,43.08,50.58,186.77,12.23,16.45,232.38,489.77,0
2026-01-11 00:40:00,54.06,43.11,84.67,156.31,18.49,19.08,190.55,247.16,0
2026-01-11 00:45:00,55.35,79.19,92.63,157.7,29.8,26.45,125.93,336.73,0
2026-01-11 00:50:00,45.65,67.92,63.84,62.74,12.11,16.2,146.89,638.73,0
2026-01-11 00:55:00,70.43,59.37,57.71,195.52,49.28,0.0,150.08,444.77,0
2026-01-11 01:00:00,60.12,61.03,52.4,54.0,28.85,23.8,376.99,50.0,0
2026-01-11 01:05:00,48.74,57.25,62.03,57.28,6.01,20.07,249.83,566.74,0
2026-01-11 01:10:00,48.76,97.71,53.2,141.33,23.82,29.06,820.03,372.45,0
2026-01-11 01:15:00,37.79,54.76,60.45,92.88,37.02,0.01,190.18,405.4,0
2026-01-11 01:20:00,81.58,44.2,68.61,131.37,26.08,6.25,328.82,395.63,0
2026-01-11 01:25:00,63.57,82.33,55.51,143.69,43.0,19.71,194.19,487.0,0
2026-01-11 01:30:00,44.74,64.12,58.97,217.8,46.48,3.67,189.82,338.04,0
2026-01-11 01:35:00,78.17,100.0,59.03,143.85,83.03,0.0,531.23,127.76,0
2026-01-11 01:40:00,50.79,58.53,56.92,85.98,58.01,17.37,429.56,398.53,0
2026-01-11 01:45:00,33.87,83.23,54.94,157.21,2.27,25.74,0.0,142.73,0
2026-01-11 01:50:00,82.42,87.48,74.2,74.25,27.8,13.45,65.95,622.49,0
2026-01-11 01:55:00,51.26,58.62,33.67,170.22,29.67,21.58,225.48,295.68,0
2026-01-11 02:00:00,53.82,54.63,87.19,123.55,46.5,19.84,156.92,342.24,0
2026-01-11 02:05:00,62.82,81.34,64.17,142.03,16.33,15.13,0.0,248.6,0
2026-01-11 02:10:00,84.85,78.35,71.76,22.06,24.37,16.63,270.84,400.88,0
2026-01-11 02:15:00,62.4,42.61,73.6,5.0,10.11,31.19,0.0,418.15,0
2026-01-11 02:20:00,38.02,47.69,50.67,37.42,22.95,3.43,272.82,248.19,0
2026-01-11 02:25:00,72.88,22.34,47.37,216.02,23.7,24.28,381.4,417.96,0
2026-01-11 02:30:00,52.3,78.72,45.48,56.85,28.74,0.83,407.09,360.16,0
2026-01-11 02:35:00,99.76,63.29,58.05,160.28,11.27,5.46,224.02,335.62,0
2026-01-11 02:40:00,61.98,65.08,73.19,84.7,54.64,29.35,521.95,237.27,0
2026-01-11 02:45:00,17.3,37.55,52.66,106.8,44.44,0.48,309.69,697.16,0
2026-01-11 02:50:00,69.15,48.23,71.73,117.54,6.02,12.1,402.25,527.42,0
2026-01-11 02:55:00,100.0,59.4,24.11,210.41,35.52,43.34,117.47,459.25,0
2026-01-11 03:00:00,93.52,55.9,55.83,152.15,3.69,27.31,523.89,518.97,0
2026-01-11 03:05:00,98.62,70.12,80.67,141.18,61.85,6.15,249.47,394.99,1
2026-01-11 03:10:00,41.6,78.5,59.26,191.32,67.28,8.21,533.82,297.6,0
2026-01-11 03:15:00,80.24,100.0,48.73,85.17,33.89,12.96,494.47,50.0,0
2026-01-11 03:20:00,47.56,67.64,51.49,178.76,17.95,30.74,296.37,167.15,0
2026-01-11 03:25:00,66.49,88.08,20.0,169.57,21.71,2.98,323.02,674.75,0
2026-01-11 03:30:00,36.54,53.06,45.81,168.94,25.93,2.25,217.61,524.03,0
2026-01-11 03:35:00,49.11,37.85,78.92,111.47,32.86,23.56,102.55,380.35,0
2026-01-11 03:40:00,48.48,61.66,52.68,95.95,62.41,0.0,357.14,113.37,0
2026-01-11 03:45:00,79.97,39.24,54.57,72.16,54.11,4.07,347.93,445.22,0
2026-01-11 03:50:00,78.01,68.26,24.69,75.6,54.42,13.98,0.0,308.29,0
2026-01-11 03:55:00,67.54,53.95,35.91,69.56,38.41,14.59,235.1,454.69,0
2026-01-11 04:00:00,34.99,32.82,81.04,140.18,11.93,0.0,406.24,183.21,0
2026-01-11 04:05:00,55.77,99.25,71.88,107.44,19.6,19.24,513.83,276.51,0
2026-01-11 04:10:00,47.08,58.32,41.24,143.73,36.21,21.65,380.56,482.77,0
2026-01-11 04:15:00,79.39,38.52,51.91,146.83,10.98,7.05,0.0,639.17,0
2026-01-11 04:20:00,85.56,84.17,61.53,61.71,41.08,34.93,60.2,251.23,0
2026-01-11 04:25:00,83.13,54.88,42.86,60.06,51.1,19.08,187.72,200.06,0
2026-01-11 04:30:00,46.9,87.62,29.93,107.42,45.91,2.94,501.79,503.43,0
2026-01-11 04:35:00,7.21,54.8,59.45,77.37,45.1,34.45,140.73,161.01,0
2026-01-11 04:40:00,26.66,58.26,71.16,71.58,0.0,8.72,440.55,171.8,0
2026-01-11 04:45:00,90.43,74.21,71.47,213.26,61.67,17.15,137.84,389.89,0
2026-01-11 04:50:00,53.97,78.68,76.0,35.67,3.65,9.16,345.87,662.85,0
2026-01-11 04:55:00,46.99,81.83,37.14,231.27,31.95,22.49,80.79,222.68,0
2026-01-11 05:00:00,94.85,66.38,62.93,135.89,47.37,9.22,215.11,294.54,0
2026-01-11 05:05:00,87.3,77.52,57.7,174.24,42.17,9.95,46.31,366.7,0
2026-01-11 05:10:00,62.49,81.42,60.6,167.76,9.44,13.08,509.76,279.09,0
2026-01-11 05:15:00,56.13,71.61,58.61,153.93,13.03,8.98,124.93,84.97,0
2026-01-11 05:20:00,59.36,65.43,51.43,211.4,40.74,27.86,0.0,470.29,0
2026-01-11 05:25:00,66.54,41.98,20.0,60.47,45.22,0.0,0.0,377.95,0
2026-01-11 05:30:00,94.0,78.79,80.59,111.4,12.86,14.55,234.62,405.03,1
2026-01-11 05:35:00,70.45,68.76,67.28,73.09,42.85,16.07,167.55,328.74,0
2026-01-11 05:40:00,76.52,60.55,38.25,26.72,4.69,13.5,366.77,576.98,0
2026-01-11 05:45:00,85.39,91.0,69.57,83.63,47.49,26.62,207.68,274.32,0
2026-01-11 05:50:00,38.61,42.3,54.84,222.99,17.32,0.0,459.87,188.44,0
2026-01-11 05:55:00,77.1,97.59,55.3,110.46,36.61,21.82,180.63,599.56,0
2026-01-11 06:00:00,56.11,67.6,49.71,229.09,33.25,0.06,434.77,50.0,0
2026-01-11 06:05:00,11.68,73.72,70.59,234.72,58.21,8.89,78.54,326.93,0
2026-01-11 06:10:00,19.44,60.89,49.2,284.73,39.84,0.0,0.0,338.67,0
2026-01-11 06:15:00,41.64,37.99,44.45,224.8,23.02,11.01,101.8,332.82,0
2026-01-11 06:20:00,72.62,65.49,80.11,249.7,42.19,8.06,46.83,117.32,0
2026-01-11 06:25:00,64.28,74.03,59.14,137.88,77.85,34.66,26.69,172.24,0
2026-01-11 06:30:00,65.69,80.17,59.64,132.56,49.8,17.9,324.46,493.7,0
2026-01-11 06:35:00,100.0,64.44,73.08,136.22,33.82,20.28,202.42,557.8,0
2026-01-11 06:40:00,36.62,28.53,51.32,120.0,18.33,1.71,275.52,287.4,0
2026-01-11 06:45:00,61.45,40.25,54.51,128.23,22.67,23.88,344.96,210.4,0
2026-01-11 06:50:00,68.09,100.0,66.89,161.37,48.6,34.66,0.0,82.28,0
2026-01-11 06:55:00,47.27,48.33,37.34,94.38,17.28,25.44,352.59,491.09,0
2026-01-11 07:00:00,62.57,93.69,65.54,44.23,35.05,0.0,33.06,499.95,0
2026-01-11 07:05:00,30.0,51.19,49.91,140.0,63.75,9.43,146.17,50.0,0
2026-01-11 07:10:00,90.2,64.72,75.69,81.9,38.01,16.3,0.0,50.0,0
2026-01-11 07:15:00,48.37,79.25,70.75,87.59,13.42,8.07,367.82,370.52,0
2026-01-11 07:20:00,100.0,53.24,68.63,112.15,78.56,45.4,0.0,389.93,0
2026-01-11 07:25:00,61.35,96.66,36.29,99.53,70.25,9.21,33.98,278.4,0
2026-01-11 07:30:00,82.56,69.36,60.35,181.05,45.02,14.48,47.04,345.06,0
2026-01-11 07:35:00,60.93,76.3,43.16,110.83,60.52,7.8,226.82,312.91,0
2026-01-11 07:40:00,61.39,63.18,61.41,183.82,29.66,17.78,221.33,353.96,0
2026-01-11 07:45:00,50.32,79.86,24.96,131.33,49.49,31.59,396.14,214.86,0
2026-01-11 07:50:00,64.38,96.42,37.35,115.13,26.53,16.38,231.18,348.16,0
2026-01-11 07:55:00,68.36,65.64,81.02,128.7,7.89,12.37,423.84,248.84,0
2026-01-11 08:00:00,46.31,99.13,67.9,48.96,86.84,2.11,318.28,236.34,0
2026-01-11 08:05:00,59.5,56.99,56.34,138.59,6.87,29.51,79.81,69.97,0
2026-01-11 08:10:00,49.8,81.75,47.46,166.71,40.95,13.28,129.9,323.67,0
2026-01-11 08:15:00,100.0,76.8,44.65,174.5,40.72,12.76,521.91,470.45,0
2026-01-11 08:20:00,60.21,48.77,65.2,45.63,45.32,0.0,470.94,301.16,0
2026-01-11 08:25:00,92.9,71.85,56.5,36.46,33.21,13.47,398.33,296.98,0
2026-01-11 08:30:00,58.09,68.13,86.75,90.47,33.42,10.19,421.99,538.36,0
2026-01-11 08:35:00,67.19,52.64,59.04,196.16,37.77,0.0,333.72,503.75,0
2026-01-11 08:40:00,35.57,74.44,62.94,132.15,44.6,26.88,310.32,610.19,0
2026-01-11 08:45:00,53.06,70.63,39.78,77.39,34.96,8.58,258.95,688.56,0
2026-01-11 08:50:00,66.21,66.69,56.23,40.09,33.63,37.75,555.79,358.92,0
2026-01-11 08:55:00,93.72,66.77,64.83,82.38,8.58,31.97,166.36,176.42,0
2026-01-11 09:00:00,66.44,66.38,56.04,78.66,75.27,6.36,293.25,271.83,0
2026-01-11 09:05:00,89.67,61.38,54.23,171.46,45.71,31.43,0.0,435.95,0
2026-01-11 09:10:00,74.81,70.52,67.23,175.69,39.18,34.33,0.0,566.02,0
2026-01-11 09:15:00,94.55,56.41,86.24,62.26,22.51,8.29,576.73,192.67,1
2026-01-11 09:20:00,60.82,100.0,64.32,161.42,14.93,2.61,361.02,388.29,0
2026-01-11 09:25:00,100.0,42.63,80.31,155.79,52.2,0.0,211.71,231.07,1
2026-01-11 09:30:00,52.29,57.47,71.95,55.12,31.8,19.57,264.1,328.0,0
2026-01-11 09:35:00,46.67,58.9,79.35,115.39,47.42,3.32,5.54,325.76,0
2026-01-11 09:40:00,37.8,100.0,52.24,138.75,7.96,19.93,172.94,407.18,0
2026-01-11 09:45:00,100.0,44.24,58.69,128.98,65.94,8.19,0.0,654.85,0
2026-01-11 09:50:00,78.39,75.67,58.76,25.92,53.03,5.64,196.85,421.26,0
2026-01-11 09:55:00,55.32,72.47,70.74,127.22,33.38,8.26,372.46,285.52,0
2026-01-11 10:00:00,86.98,74.0,74.68,154.99,44.35,0.0,331.59,260.77,0
2026-01-11 10:05:00,75.75,90.25,64.0,206.88,49.82,8.26,536.04,321.37,1
2026-01-11 10:10:00,100.0,89.88,76.03,83.22,8.26,6.16,303.05,219.25,0
2026-01-11 10:15:00,31.04,59.88,52.99,90.0,68.56,14.83,0.0,370.95,0
2026-01-11 10:20:00,56.69,71.49,76.17,108.51,44.67,16.25,601.12,50.0,0
2026-01-11 10:25:00,52.75,34.45,78.25,136.02,20.92,2.15,98.68,318.32,0
2026-01-11 10:30:00,22.53,69.78,72.84,125.34,13.07,28.21,279.18,330.2,0
2026-01-11 10:35:00,83.21,53.71,64.15,153.24,54.74,13.09,268.33,175.9,0
2026-01-11 10:40:00,56.59,64.65,73.41,58.11,39.22,33.03,293.36,292.68,0
2026-01-11 10:45:00,76.79,37.66,47.7,141.83,44.65,17.89,258.65,517.99,0
2026-01-11 10:50:00,100.0,75.29,65.17,79.18,35.53,15.83,261.82,528.81,0
2026-01-11 10:55:00,54.94,37.46,66.81,112.12,14.95,9.11,12.11,270.03,0
2026-01-11 11:00:00,53.58,70.67,40.73,213.94,45.17,22.38,715.66,428.52,0
2026-01-11 11:05:00,64.37,45.92,69.59,43.1,31.05,15.4,367.26,125.22,0
2026-01-11 11:10:00,81.74,52.71,42.02,104.63,34.57,25.3,259.34,305.58,0
2026-01-11 11:15:00,50.67,88.79,55.15,49.89,82.54,34.26,581.54,384.62,0
2026-01-11 11:20:00,49.38,78.58,62.64,128.42,52.38,6.28,57.05,579.04,0
2026-01-11 11:25:00,83.14,88.69,50.31,177.65,53.54,22.36,406.31,528.92,0
2026-01-11 11:30:00,69.57,96.08,63.32,129.33,89.41,22.02,150.07,381.34,0
2026-01-11 11:35:00,21.11,54.09,63.06,113.58,42.69,20.5,322.42,213.27,0
2026-01-11 11:40:00,37.49,94.98,48.88,193.06,37.39,9.8,326.4,553.78,0
2026-01-11 11:45:00,92.02,41.62,71.09,138.18,21.42,10.04,0.0,298.96,0
2026-01-11 11:50:00,70.04,81.43,49.77,165.08,25.95,7.99,0.0,417.27,0
2026-01-11 11:55:00,46.76,59.12,98.61,159.34,0.0,7.76,535.56,331.62,0
2026-01-11 12:00:00,58.59,51.25,60.25,5.0,50.81,4.92,204.61,648.84,0
2026-01-11 12:05:00,62.26,79.06,43.26,115.78,9.66,13.75,610.28,258.49,0
2026-01-11 12:10:00,76.71,85.01,46.25,60.71,53.05,5.91,485.82,487.44,0
2026-01-11 12:15:00,34.83,84.47,80.36,74.39,34.14,20.23,210.35,337.04,0
2026-01-11 12:20:00,45.18,71.87,55.45,201.1,37.56,15.68,194.47,435.37,0
2026-01-11 12:25:00,67.46,70.38,40.18,99.39,34.15,17.03,546.71,593.0,0
2026-01-11 12:30:00,60.0,77.48,75.66,224.09,62.72,11.72,628.54,50.0,0
2026-01-11 12:35:00,73.44,73.47,55.35,42.58,59.19,15.83,198.41,340.19,0
2026-01-11 12:40:00,37.41,77.74,72.45,60.4,34.42,12.03,526.87,215.89,0
2026-01-11 12:45:00,69.14,71.67,76.97,161.93,17.02,24.35,435.4,416.86,0
2026-01-11 12:50:00,83.83,83.17,66.39,101.22,53.48,9.69,466.46,453.7,0
2026-01-11 12:55:00,71.74,38.71,100.33,136.9,15.51,19.51,268.21,279.43,0
2026-01-11 13:00:00,64.78,65.64,34.4,113.82,3.9,0.0,128.96,271.69,0
2026-01-11 13:05:00,60.08,43.09,48.91,112.16,44.97,23.54,60.21,380.57,0
2026-01-11 13:10:00,45.3,72.98,57.9,103.27,59.37,8.29,15.23,159.02,0
2026-01-11 13:15:00,60.56,97.55,98.18,129.87,26.9,4.05,593.96,399.98,0
2026-01-11 13:20:00,87.19,59.47,90.77,155.29,43.09,1.33,251.97,227.34,1
2026-01-11 13:25:00,59.62,70.29,82.62,208.79,26.69,0.38,43.94,460.05,0
2026-01-11 13:30:00,44.2,81.62,49.29,108.86,49.44,9.22,430.44,152.32,0
2026-01-11 13:35:00,52.16,30.78,51.16,98.35,56.9,32.98,163.8,264.91,0
2026-01-11 13:40:00,66.02,58.6,48.74,91.26,29.74,7.28,132.82,237.33,0
2026-01-11 13:45:00,54.53,74.56,49.47,200.84,14.45,0.0,622.24,305.28,0
2026-01-11 13:50:00,71.71,15.85,85.88,157.97,5.86,19.39,10.47,556.45,0
2026-01-11 13:55:00,72.46,50.42,58.1,15.55,53.51,1.63,292.31,476.9,0
2026-01-11 14:00:00,79.78,87.82,60.22,13.13,12.27,24.78,143.63,278.05,0
2026-01-11 14:05:00,90.47,86.05,74.39,74.35,42.44,9.95,114.91,277.92,0
2026-01-11 14:10:00,81.92,74.74,35.38,132.66,50.55,11.71,0.0,482.8,0
2026-01-11 14:15:00,43.32,83.88,62.84,118.16,24.97,29.37,260.73,175.41,0
2026-01-11 14:20:00,43.93,71.87,44.45,148.31,31.68,22.41,92.7,353.36,0
2026-01-11 14:25:00,60.48,78.0,57.29,110.35,54.98,0.04,356.45,259.14,0
2026-01-11 14:30:00,52.98,62.32,52.62,196.86,18.84,1.81,241.54,324.25,0
2026-01-11 14:35:00,39.23,70.08,51.79,162.47,16.81,0.0,193.73,471.37,0
2026-01-11 14:40:00,53.17,56.62,65.61,124.27,30.31,46.24,93.66,249.61,0
2026-01-11 14:45:00,52.51,90.74,65.54,182.99,60.56,4.65,507.53,496.12,0
2026-01-11 14:50:00,48.56,95.39,58.48,29.31,67.21,29.04,382.42,679.94,0
2026-01-11 14:55:00,55.68,92.84,67.93,115.32,33.02,8.61,127.36,440.6,0
2026-01-11 15:00:00,85.57,60.65,48.1,127.56,20.76,2.04,5.34,337.39,0
2026-01-11 15:05:00,65.98,50.83,72.91,153.11,56.28,15.26,0.0,523.57,0
2026-01-11 15:10:00,100.0,90.99,58.7,25.67,1.61,11.08,454.72,183.67,0
2026-01-11 15:15:00,65.41,77.79,54.26,105.68,39.95,24.62,413.65,578.16,0
2026-01-11 15:20:00,56.2,73.91,49.28,142.03,34.12,24.77,438.38,237.04,0
2026-01-11 15:25:00,62.08,56.59,58.14,146.24,60.88,7.92,228.35,675.21,0
2026-01-11 15:30:00,67.13,75.66,91.93,185.24,62.9,0.0,395.08,242.43,0
2026-01-11 15:35:00,70.71,48.46,60.99,161.88,16.15,0.63,434.89,449.26,0
2026-01-11 15:40:00,100.0,79.41,43.69,116.65,38.35,0.0,237.44,116.06,0
2026-01-11 15:45:00,45.09,92.82,76.7,157.12,23.59,11.71,185.53,318.01,0
2026-01-11 15:50:00,79.18,97.36,54.45,108.93,29.13,14.86,74.27,188.05,0
2026-01-11 15:55:00,66.16,80.75,66.54,128.07,47.35,1.29,326.71,133.77,0
2026-01-11 16:00:00,30.58,43.12,52.31,163.71,28.3,0.0,350.66,530.83,0
2026-01-11 16:05:00,77.41,71.55,82.49,117.51,38.88,14.81,176.82,165.87,0
2026-01-11 16:10:00,87.35,100.0,52.55,139.91,54.15,7.42,198.03,239.74,0
2026-01-11 16:15:00,44.86,52.36,84.37,172.87,65.3,12.44,210.89,222.26,0
2026-01-11 16:20:00,61.82,66.93,45.21,159.17,40.77,10.59,392.42,520.95,0
2026-01-11 16:25:00,27.49,93.44,57.31,187.84,37.36,17.98,2.62,502.62,0
2026-01-11 16:30:00,36.82,79.11,84.4,248.06,12.85,8.22,51.05,540.54,0
2026-01-11 16:35:00,82.96,100.0,64.69,158.66,66.72,9.14,54.57,232.03,0
2026-01-11 16:40:00,52.67,54.81,98.34,94.63,44.91,0.0,223.26,552.44,0
2026-01-11 16:45:00,39.82,50.18,57.69,148.15,37.72,14.4,306.75,230.75,0
2026-01-11 16:50:00,66.59,90.03,66.11,145.79,36.7,16.06,57.6,236.8,0
2026-01-11 16:55:00,51.55,46.47,92.48,153.74,42.21,12.87,413.62,245.19,0
2026-01-11 17:00:00,52.58,64.46,37.78,202.23,50.44,37.94,513.28,250.65,0
2026-01-11 17:05:00,76.79,66.82,35.8,27.37,52.91,16.95,324.48,336.38,0
2026-01-11 17:10:00,38.77,86.65,49.27,203.26,67.22,13.12,452.1,224.2,0
2026-01-11 17:15:00,43.89,79.06,75.01,221.77,39.85,20.99,85.27,384.71,0
2026-01-11 17:20:00,65.08,76.23,36.24,151.24,70.08,40.35,89.56,50.0,0
2026-01-11 17:25:00,81.39,60.76,71.55,152.57,56.15,18.03,342.63,384.22,0
2026-01-11 17:30:00,86.76,89.87,70.43,106.71,33.8,0.0,243.09,186.55,0
2026-01-11 17:35:00,48.7,100.0,94.23,120.35,1.65,20.18,89.22,249.59,0
2026-01-11 17:40:00,80.75,80.44,78.73,158.39,36.71,4.45,506.51,253.21,0
2026-01-11 17:45:00,46.32,69.79,67.82,154.85,66.17,0.0,303.78,491.48,0
2026-01-11 17:50:00,98.52,44.64,83.75,159.64,19.49,35.37,376.39,425.69,1
2026-01-11 17:55:00,39.32,56.53,70.62,154.47,36.65,32.78,128.63,325.17,0
2026-01-11 18:00:00,88.57,64.15,54.64,169.41,38.3,4.14,552.38,242.71,0
2026-01-11 18:05:00,48.87,58.38,43.69,163.27,53.84,4.22,221.93,467.43,0
2026-01-11 18:10:00,100.0,67.71,52.89,63.66,27.24,16.92,433.43,619.21,0
2026-01-11 18:15:00,73.83,100.0,61.36,165.77,17.61,4.38,145.09,345.8,0
2026-01-11 18:20:00,41.68,90.45,64.8,222.22,46.4,13.38,280.36,110.25,1
2026-01-11 18:25:00,51.56,65.14,27.84,118.54,20.13,6.44,350.41,244.57,0
2026-01-11 18:30:00,77.62,46.25,58.49,202.47,0.0,10.2,609.17,433.88,0
2026-01-11 18:35:00,83.05,92.07,62.46,69.55,71.81,0.0,170.85,283.59,0
2026-01-11 18:40:00,60.59,67.12,70.76,118.36,53.54,24.92,286.46,221.2,0
2026-01-11 18:45:00,62.89,36.92,88.03,84.74,72.67,29.45,356.53,214.67,0
2026-01-11 18:50:00,77.17,80.82,64.97,195.86,52.48,13.8,0.0,363.75,0
2026-01-11 18:55:00,64.64,86.46,47.45,210.23,48.61,14.57,0.0,119.93,0
2026-01-11 19:00:00,36.13,24.33,32.91,114.54,42.39,22.55,70.75,344.8,0
2026-01-11 19:05:00,45.74,53.16,72.99,184.41,31.28,15.02,424.09,363.27,0
2026-01-11 19:10:00,66.7,66.01,48.09,210.78,45.24,35.75,558.95,282.57,0
2026-01-11 19:15:00,86.31,81.22,75.87,118.19,23.94,0.0,83.86,193.57,0
2026-01-11 19:20:00,94.32,58.72,84.36,127.14,13.62,25.33,30.99,502.76,1
2026-01-11 19:25:00,77.59,53.02,37.29,160.35,28.36,13.63,526.25,150.08,0
2026-01-11 19:30:00,67.75,81.09,70.86,73.66,60.83,1.55,148.22,375.91,0
2026-01-11 19:35:00,76.98,59.57,82.68,126.06,10.35,41.97,183.08,459.16,0
2026-01-11 19:40:00,48.66,77.76,78.3,237.85,10.67,43.62,512.64,373.92,0
2026-01-11 19:45:00,58.94,47.99,28.46,92.5,46.83,12.51,483.05,534.68,0
2026-01-11 19:50:00,45.52,43.66,48.34,166.96,26.7,20.34,418.13,179.69,0
2026-01-11 19:55:00,37.03,81.59,41.52,148.81,44.71,9.35,0.0,231.36,0
2026-01-11 20:00:00,68.67,72.55,70.38,110.99,54.8,11.28,23.48,280.81,0
2026-01-11 20:05:00,65.71,84.6,68.61,132.19,44.23,1.41,451.69,843.6,0
2026-01-11 20:10:00,75.75,58.41,20.0,216.39,22.36,0.0,307.22,426.17,0
2026-01-11 20:15:00,72.92,53.69,57.19,150.45,60.66,37.13,110.01,454.25,0
2026-01-11 20:20:00,66.85,92.49,74.81,159.04,49.84,14.53,187.98,448.0,0
2026-01-11 20:25:00,73.13,40.59,64.37,208.05,35.54,15.61,449.98,361.82,0
2026-01-11 20:30:00,61.15,90.53,64.34,104.08,34.57,5.27,524.97,507.42,0
2026-01-11 20:35:00,70.26,91.77,56.16,62.42,42.48,17.28,248.92,69.45,0
2026-01-11 20:40:00,47.48,83.48,45.06,217.26,28.76,0.0,126.35,391.55,0
2026-01-11 20:45:00,69.39,55.62,61.73,127.51,2.38,5.72,200.41,414.23,0
2026-01-11 20:50:00,75.37,53.3,62.83,169.15,50.0,0.6,491.75,502.8,0
2026-01-11 20:55:00,48.61,64.22,71.84,78.07,48.81,30.51,488.24,176.65,0
2026-01-11 21:00:00,63.04,44.69,73.14,141.37,0.0,0.0,284.97,187.69,0
2026-01-11 21:05:00,49.53,50.69,63.37,59.67,45.21,0.85,154.69,197.17,0
2026-01-11 21:10:00,51.47,79.61,79.52,123.51,70.13,0.0,444.9,428.35,0
2026-01-11 21:15:00,39.5,79.69,56.0,84.36,12.45,4.32,542.13,430.49,0
2026-01-11 21:20:00,87.32,49.11,38.9,71.73,33.53,9.49,0.0,207.53,0
2026-01-11 21:25:00,83.31,80.17,69.63,103.33,31.36,26.73,208.16,637.14,0
2026-01-11 21:30:00,72.75,76.18,64.02,5.0,68.21,12.34,458.07,392.96,0
2026-01-11 21:35:00,100.0,95.18,69.95,56.21,57.42,10.07,263.26,368.63,0
2026-01-11 21:40:00,58.22,78.24,41.77,163.03,17.43,18.6,162.05,318.86,0
2026-01-11 21:45:00,100.0,87.05,90.65,139.12,41.84,9.69,283.33,489.57,1
2026-01-11 21:50:00,57.45,76.59,73.37,60.92,81.05,43.92,316.73,408.42,0
2026-01-11 21:55:00,67.1,85.64,57.39,150.13,22.51,7.91,47.17,633.48,0
2026-01-11 22:00:00,54.04,44.83,47.03,71.7,34.78,19.96,266.34,167.92,0
2026-01-11 22:05:00,69.45,65.81,79.23,159.71,45.27,24.92,316.12,118.17,0
2026-01-11 22:10:00,78.71,67.3,44.37,113.64,22.8,7.56,161.65,238.99,0
2026-01-11 22:15:00,59.72,63.61,98.18,102.12,70.26,16.98,109.69,433.0,0
2026-01-11 22:20:00,97.53,75.99,52.19,114.99,25.55,8.99,153.18,285.79,0
2026-01-11 22:25:00,66.78,79.42,89.53,260.77,7.22,18.29,75.24,540.65,0
2026-01-11 22:30:00,67.41,75.06,59.05,78.27,24.5,16.21,403.11,290.97,0
2026-01-11 22:35:00,43.82,64.82,87.29,132.46,48.06,13.32,72.94,512.29,0
2026-01-11 22:40:00,70.37,54.76,50.24,162.98,19.04,1.13,284.03,225.39,0
2026-01-11 22:45:00,59.32,87.75,62.3,67.07,41.04,37.36,182.64,527.46,0
2026-01-11 22:50:00,49.84,74.3,74.88,32.32,46.25,22.04,122.89,555.37,0
2026-01-11 22:55:00,46.47,49.66,72.59,86.94,10.82,0.0,496.84,265.28,0
2026-01-11 23:00:00,100.0,64.51,79.61,161.77,23.73,9.96,226.46,423.43,0
2026-01-11 23:05:00,56.73,36.62,54.2,101.19,41.98,0.0,129.51,390.16,0
2026-01-11 23:10:00,32.86,68.64,63.36,107.29,49.05,24.14,112.28,427.51,0
2026-01-11 23:15:00,48.04,64.43,81.97,170.09,24.22,14.74,311.03,542.67,0
2026-01-11 23:20:00,60.97,57.66,50.72,75.65,38.04,15.05,398.79,495.98,0
2026-01-11 23:25:00,72.93,96.52,71.16,115.12,29.32,4.89,478.74,427.12,0
2026-01-11 23:30:00,73.1,47.19,58.49,36.74,49.56,11.21,219.82,449.46,0
2026-01-11 23:35:00,75.53,80.72,65.29,137.64,45.39,24.45,209.01,159.61,0
2026-01-11 23:40:00,49.1,100.0,63.35,132.62,27.53,27.67,273.57,343.86,0
2026-01-11 23:45:00,68.81,87.39,49.39,163.75,44.57,25.16,280.08,184.77,0
2026-01-11 23:50:00,44.48,67.43,57.83,57.01,26.75,0.0,111.03,347.28,0
2026-01-11 23:55:00,49.61,47.59,64.32,109.45,44.15,12.77,513.23,517.52,0
2026-01-12 00:00:00,43.65,43.48,60.36,49.68,44.43,18.04,254.0,348.94,0
2026-01-12 00:05:00,38.23,60.59,87.16,106.46,82.42,6.18,346.25,50.0,0
2026-01-12 00:10:00,83.28,55.63,78.16,201.5,28.27,0.0,326.4,192.98,0
2026-01-12 00:15:00,75.77,55.05,66.64,102.36,32.17,0.0,322.71,437.16,0
2026-01-12 00:20:00,81.53,62.13,49.79,44.87,22.06,33.0,69.26,269.13,0
2026-01-12 00:25:00,62.79,66.16,48.82,82.61,14.34,0.7,248.85,467.58,0
2026-01-12 00:30:00,77.54,76.73,93.58,31.4,25.87,15.57,660.53,168.92,0
2026-01-12 00:35:00,26.77,45.72,45.84,48.73,48.3,13.12,535.69,407.26,0
2026-01-12 00:40:00,79.26,55.72,63.82,156.9,49.75,13.15,278.26,414.79,0
2026-01-12 00:45:00,65.54,65.13,67.78,40.45,40.91,11.16,183.96,468.49,0
2026-01-12 00:50:00,74.54,64.48,57.02,137.18,29.08,24.47,0.0,251.72,0
2026-01-12 00:55:00,69.6,100.0,45.96,121.42,25.13,15.43,160.48,466.97,0
2026-01-12 01:00:00,42.26,72.18,49.44,90.77,16.66,7.49,235.88,575.98,0
2026-01-12 01:05:00,32.04,38.96,53.26,132.5,23.86,15.62,192.88,50.0,0
2026-01-12 01:10:00,47.76,75.53,50.65,68.43,9.1,0.0,205.42,357.76,0
2026-01-12 01:15:00,73.3,77.82,83.24,166.25,62.16,20.71,362.04,79.05,0
2026-01-12 01:20:00,75.8,65.75,61.85,81.59,71.74,6.83,69.94,220.97,0
2026-01-12 01:25:00,34.64,46.16,53.62,98.75,0.0,7.52,299.08,233.21,0
2026-01-12 01:30:00,42.38,99.64,63.71,92.21,40.79,21.16,230.15,340.03,0
2026-01-12 01:35:00,47.54,48.74,72.69,157.92,40.45,10.11,91.19,406.63,0
2026-01-12 01:40:00,54.85,79.89,56.49,149.94,39.18,10.79,551.34,485.75,0
2026-01-12 01:45:00,34.76,71.6,76.43,5.0,23.15,29.01,384.61,389.6,0
2026-01-12 01:50:00,33.56,78.81,41.66,133.98,55.45,3.32,108.45,451.04,0
2026-01-12 01:55:00,45.56,98.72,80.74,24.05,43.21,20.98,343.11,188.23,0
2026-01-12 02:00:00,63.73,78.11,61.86,101.23,55.68,26.39,0.0,508.5,0
2026-01-12 02:05:00,38.39,57.94,61.23,114.05,20.25,29.0,130.57,50.0,0
2026-01-12 02:10:00,59.68,87.91,50.91,100.64,7.34,41.12,488.96,579.0,0
2026-01-12 02:15:00,83.17,56.64,42.35,147.55,43.7,7.29,313.27,552.08,0
2026-01-12 02:20:00,35.96,70.94,35.33,159.6,15.74,4.58,298.82,462.51,0
2026-01-12 02:25:00,57.87,44.72,49.8,77.46,56.09,24.81,427.65,684.34,0
2026-01-12 02:30:00,82.5,49.4,71.4,75.46,0.0,26.28,360.03,79.43,0
2026-01-12 02:35:00,53.63,68.92,46.62,118.02,25.63,5.51,202.11,466.91,0
2026-01-12 02:40:00,50.53,74.63,37.22,35.09,22.68,20.82,418.55,370.27,0
2026-01-12 02:45:00,85.27,37.36,47.45,93.77,28.35,47.69,0.0,386.61,0
2026-01-12 02:50:00,55.88,76.95,55.84,194.14,40.22,16.26,129.85,175.46,0
2026-01-12 02:55:00,84.09,53.25,56.47,37.15,42.92,26.08,232.55,409.22,0
2026-01-12 03:00:00,70.58,91.03,59.94,101.29,47.79,33.92,348.59,402.17,0
2026-01-12 03:05:00,55.14,61.66,78.52,87.42,50.1,45.04,191.5,246.56,0
2026-01-12 03:10:00,71.59,47.77,81.99,230.29,31.57,17.95,0.0,339.7,0
2026-01-12 03:15:00,68.41,69.36,94.09,90.42,77.17,30.04,0.0,152.82,0
2026-01-12 03:20:00,82.42,51.51,36.0,93.61,62.74,5.54,237.74,290.69,0
2026-01-12 03:25:00,51.03,90.84,48.31,63.31,28.76,15.3,164.0,494.12,0
2026-01-12 03:30:00,62.82,68.01,73.18,120.51,32.26,9.64,86.2,497.12,0
2026-01-12 03:35:00,60.77,65.27,54.74,134.86,28.34,0.0,56.09,465.31,0
2026-01-12 03:40:00,76.08,78.65,75.77,71.28,42.27,0.0,274.08,494.06,0
2026-01-12 03:45:00,41.5,49.91,65.31,174.38,15.56,20.16,484.41,496.02,0
2026-01-12 03:50:00,82.34,44.8,87.27,134.91,19.21,20.4,274.09,253.47,0
2026-01-12 03:55:00,71.33,75.35,78.68,166.85,0.0,2.5,486.81,400.93,0
2026-01-12 04:00:00,35.66,48.21,78.98,101.95,27.03,33.69,182.68,513.02,0
2026-01-12 04:05:00,86.17,48.2,55.41,133.38,56.3,1.68,329.82,143.07,0
2026-01-12 04:10:00,100.0,83.06,60.44,108.28,31.96,18.09,493.37,142.2,0
2026-01-12 04:15:00,82.04,77.45,57.12,200.17,33.08,10.02,221.58,133.9,0
2026-01-12 04:20:00,90.54,45.43,37.91,126.39,40.56,16.28,254.68,82.17,0
2026-01-12 04:25:00,63.71,56.86,85.55,120.48,14.96,25.78,182.59,192.38,0
2026-01-12 04:30:00,28.77,51.73,73.93,94.8,35.51,24.09,356.65,271.18,0
2026-01-12 04:35:00,25.12,99.97,56.48,91.62,52.81,23.49,412.41,576.85,0
2026-01-12 04:40:00,67.1,84.31,82.87,133.07,41.13,21.96,313.23,284.38,0
2026-01-12 04:45:00,50.16,60.42,51.91,165.08,54.56,0.0,208.7,122.54,0
2026-01-12 04:50:00,43.71,78.37,32.59,82.35,60.28,28.61,0.0,374.93,0
2026-01-12 04:55:00,60.75,43.59,78.12,126.96,48.25,2.28,241.28,321.66,0
2026-01-12 05:00:00,74.31,55.89,41.54,130.13,20.73,13.73,215.45,232.68,0
2026-01-12 05:05:00,32.94,69.89,58.87,139.71,28.12,10.78,292.48,261.72,0
2026-01-12 05:10:00,53.02,76.14,65.3,26.09,73.63,19.2,271.02,510.06,0
2026-01-12 05:15:00,92.2,66.25,68.17,69.14,41.28,9.18,533.03,138.52,0
2026-01-12 05:20:00,40.49,72.46,75.57,44.88,38.62,13.1,124.65,100.13,0
2026-01-12 05:25:00,79.4,69.41,71.29,121.81,17.8,34.43,0.0,420.03,0
2026-01-12 05:30:00,52.31,65.06,70.8,70.45,33.17,0.0,44.34,257.9,0
2026-01-12 05:35:00,72.92,62.67,49.35,92.71,49.33,14.97,135.95,582.83,0
2026-01-12 05:40:00,83.95,60.33,66.71,54.31,35.3,1.63,444.76,326.85,0
2026-01-12 05:45:00,76.83,72.17,37.91,97.82,24.61,23.09,16.5,334.94,0
2026-01-12 05:50:00,80.18,75.39,86.99,58.17,29.25,6.28,40.52,467.98,0
2026-01-12 05:55:00,38.97,71.57,39.56,161.68,58.84,15.46,324.5,99.18,0
2026-01-12 06:00:00,84.27,46.79,56.46,146.36,48.36,0.0,402.88,400.64,0
2026-01-12 06:05:00,44.95,50.02,40.9,128.26,45.68,30.5,0.0,295.16,0
2026-01-12 06:10:00,67.19,75.18,50.32,103.39,43.82,15.87,0.0,504.02,0
2026-01-12 06:15:00,67.16,94.49,62.21,7.93,11.34,16.65,108.42,252.98,0
2026-01-12 06:20:00,71.7,70.74,53.54,94.8,40.45,24.95,368.33,376.52,0
2026-01-12 06:25:00,68.74,60.59,80.31,78.12,56.36,0.0,275.78,296.16,0
2026-01-12 06:30:00,45.12,72.04,65.63,133.6,29.78,7.62,115.0,411.93,0
2026-01-12 06:35:00,35.0,47.54,54.59,154.08,54.55,17.04,383.1,312.33,0
2026-01-12 06:40:00,79.45,91.56,59.86,137.85,45.9,0.0,272.37,389.35,0
2026-01-12 06:45:00,65.72,71.36,81.52,189.47,51.55,0.0,230.63,612.99,0
2026-01-12 06:50:00,84.99,55.95,76.54,88.74,36.02,5.14,0.0,307.1,0
2026-01-12 06:55:00,61.11,65.0,43.78,86.46,52.73,1.31,111.31,410.41,0
2026-01-12 07:00:00,33.9,58.51,51.11,177.08,5.71,10.87,602.25,692.97,0
2026-01-12 07:05:00,81.32,91.61,69.6,129.14,35.66,21.27,189.47,408.48,0
2026-01-12 07:10:00,54.59,64.36,67.65,106.42,49.26,24.0,77.78,50.0,0
2026-01-12 07:15:00,68.84,70.8,45.19,221.56,40.93,36.71,181.19,250.06,0
2026-01-12 07:20:00,49.05,78.33,73.99,151.78,56.91,14.73,271.44,169.44,0
2026-01-12 07:25:00,94.89,54.67,47.75,109.52,31.86,16.85,409.0,488.29,0
2026-01-12 07:30:00,44.47,71.49,82.86,82.27,24.05,14.7,361.8,335.93,0
2026-01-12 07:35:00,55.25,72.94,70.47,192.96,2.22,18.84,128.21,509.53,0
2026-01-12 07:40:00,64.15,40.03,43.89,131.38,29.54,19.78,478.88,441.73,0
2026-01-12 07:45:00,40.16,72.55,53.53,121.35,45.34,26.07,396.64,441.09,0
2026-01-12 07:50:00,68.61,67.18,53.26,157.2,50.22,26.02,169.88,166.5,0
2026-01-12 07:55:00,94.24,70.34,64.56,168.4,7.02,21.23,226.92,425.73,0
2026-01-12 08:00:00,52.19,68.64,58.74,150.24,58.51,33.12,358.12,554.99,0
2026-01-12 08:05:00,69.9,72.67,43.67,168.62,15.51,15.32,443.45,132.94,0
2026-01-12 08:10:00,7.01,92.07,39.69,144.83,32.58,7.66,0.0,302.43,0
2026-01-12 08:15:00,61.22,46.77,70.78,150.52,23.62,9.62,262.68,403.16,0
2026-01-12 08:20:00,55.74,61.84,66.58,79.76,43.34,13.73,244.4,364.7,0
2026-01-12 08:25:00,45.63,80.0,63.69,219.57,36.88,2.0,147.29,565.49,0
2026-01-12 08:30:00,83.63,76.66,66.33,52.15,48.56,7.64,146.36,459.28,0
2026-01-12 08:35:00,55.48,76.27,52.1,137.02,71.88,1.32,439.79,410.91,0
2026-01-12 08:40:00,58.45,100.0,64.94,46.48,42.96,19.13,346.24,472.64,0
2026-01-12 08:45:00,54.46,79.05,102.62,114.6,23.47,19.25,629.19,464.64,0
2026-01-12 08:50:00,23.66,88.36,80.79,88.58,44.22,0.0,147.44,356.16,0
2026-01-12 08:55:00,39.36,62.47,57.39,127.47,73.9,7.15,274.68,296.78,0
2026-01-12 09:00:00,81.22,50.13,53.63,138.8,48.13,36.9,305.75,498.55,0
2026-01-12 09:05:00,19.8,62.34,20.0,67.4,53.91,22.56,411.3,238.54,0
2026-01-12 09:10:00,46.67,80.82,79.1,118.38,3.13,20.45,494.51,339.16,0
2026-01-12 09:15:00,54.01,75.32,74.59,196.65,42.74,7.03,266.85,176.49,0
2026-01-12 09:20:00,96.87,75.26,53.3,47.83,29.64,18.45,52.94,459.75,0
2026-01-12 09:25:00,77.37,64.14,39.09,73.03,21.4,14.83,122.04,534.88,0
2026-01-12 09:30:00,50.86,61.27,43.52,167.34,34.55,5.44,275.69,209.67,0
2026-01-12 09:35:00,88.09,64.76,69.11,124.27,37.17,9.07,452.1,326.91,0
2026-01-12 09:40:00,47.19,81.04,60.57,128.31,22.51,9.34,0.0,277.99,0
2026-01-12 09:45:00,82.18,83.13,73.07,176.23,38.77,0.0,39.4,511.3,0
2026-01-12 09:50:00,34.82,49.89,63.38,76.33,31.53,0.0,386.29,562.55,0
2026-01-12 09:55:00,83.47,81.72,77.47,91.44,49.05,12.61,17.15,278.14,0
2026-01-12 10:00:00,53.88,56.29,67.91,84.65,39.55,4.82,47.5,50.0,0
2026-01-12 10:05:00,41.43,76.44,75.26,100.85,42.52,11.39,454.58,522.92,0
2026-01-12 10:10:00,57.66,64.54,28.57,193.67,54.59,0.0,210.16,356.76,0
2026-01-12 10:15:00,67.55,96.18,42.25,26.44,46.1,24.62,196.39,357.34,0
2026-01-12 10:20:00,52.11,60.47,56.17,54.32,34.88,39.97,496.29,494.56,0
2026-01-12 10:25:00,73.08,71.22,79.27,44.89,0.0,27.33,58.66,295.4,0
2026-01-12 10:30:00,50.34,78.92,92.09,197.09,45.27,28.57,22.48,255.46,0
2026-01-12 10:35:00,74.41,52.27,59.37,86.21,16.76,22.51,543.26,296.64,0
2026-01-12 10:40:00,70.84,66.69,52.21,102.03,33.28,18.19,292.0,423.36,0
2026-01-12 10:45:00,60.78,63.2,30.72,31.2,42.42,16.04,372.35,481.85,0
2026-01-12 10:50:00,53.17,58.75,75.82,105.57,61.66,4.03,194.0,594.97,0
2026-01-12 10:55:00,65.03,60.08,53.2,167.66,71.85,23.28,230.81,410.51,0
2026-01-12 11:00:00,73.01,88.02,105.0,133.91,16.58,22.57,123.32,328.31,0
2026-01-12 11:05:00,100.0,57.23,50.17,114.07,8.68,9.44,307.26,482.93,0
2026-01-12 11:10:00,80.79,78.2,95.68,33.93,41.51,21.31,399.65,204.31,0
2026-01-12 11:15:00,81.52,73.66,73.97,101.96,39.85,6.67,285.28,562.91,0
2026-01-12 11:20:00,100.0,42.85,45.55,128.08,10.96,7.44,440.96,381.71,0
2026-01-12 11:25:00,72.32,77.35,65.71,65.45,34.67,24.3,369.23,315.7,0
2026-01-12 11:30:00,71.69,42.56,74.34,156.02,46.95,20.17,61.28,204.8,0
2026-01-12 11:35:00,76.08,79.31,58.4,168.68,10.4,12.22,223.95,444.04,0
2026-01-12 11:40:00,41.82,58.87,75.41,90.92,15.11,10.83,169.29,307.91,0
2026-01-12 11:45:00,53.12,68.15,75.06,159.92,22.12,17.1,385.62,335.86,0
2026-01-12 11:50:00,51.88,44.7,71.54,113.96,30.75,0.0,333.09,99.32,0
2026-01-12 11:55:00,74.95,70.2,61.74,183.09,48.88,5.91,272.93,284.8,0
2026-01-12 12:00:00,58.52,84.69,43.2,231.88,28.47,0.0,432.45,264.73,0
2026-01-12 12:05:00,64.76,53.47,60.77,59.85,36.11,15.14,0.0,412.78,0
2026-01-12 12:10:00,83.75,57.07,64.82,162.32,79.92,28.06,141.44,309.85,0
2026-01-12 12:15:00,79.26,76.18,31.98,191.77,15.87,20.73,156.71,50.0,0
2026-01-12 12:20:00,58.77,76.63,64.71,66.61,21.94,8.86,295.31,287.75,0
2026-01-12 12:25:00,48.6,24.18,60.45,88.37,48.56,6.52,349.51,131.83,0
2026-01-12 12:30:00,84.71,100.0,41.25,87.75,54.76,5.95,249.76,193.57,0
2026-01-12 12:35:00,77.48,77.51,56.67,112.7,43.3,39.0,13.31,500.58,0
2026-01-12 12:40:00,29.87,80.54,57.01,100.4,71.18,15.82,323.22,96.65,0
2026-01-12 12:45:00,55.74,65.42,92.88,109.09,41.35,17.4,273.05,394.23,0
2026-01-12 12:50:00,65.31,34.6,65.52,166.09,0.0,0.0,0.0,273.92,0
2026-01-12 12:55:00,77.58,80.14,78.58,15.73,36.94,0.83,196.83,244.99,0
2026-01-12 13:00:00,80.2,57.83,60.11,66.44,23.58,14.47,317.32,203.1,0
2026-01-12 13:05:00,67.68,77.79,32.02,156.85,62.68,9.02,547.58,397.93,0
2026-01-12 13:10:00,73.7,64.06,72.76,150.4,54.29,16.6,53.97,414.77,0
2026-01-12 13:15:00,63.28,72.28,51.47,61.78,3.21,16.44,392.22,91.23,0
2026-01-12 13:20:00,48.52,54.05,56.63,150.78,62.01,22.21,56.23,522.58,0
2026-01-12 13:25:00,56.77,83.56,45.15,192.98,53.79,0.0,21.29,172.06,0
2026-01-12 13:30:00,62.38,46.61,63.16,117.3,28.51,1.74,31.91,408.29,0
2026-01-12 13:35:00,61.31,100.0,79.04,64.56,33.43,13.8,358.9,172.85,0
2026-01-12 13:40:00,24.29,100.0,76.92,168.12,62.84,7.23,273.38,281.14,0
2026-01-12 13:45:00,54.05,97.39,87.38,214.77,0.0,11.28,193.36,158.18,1
2026-01-12 13:50:00,63.12,90.96,89.65,71.26,43.91,16.31,332.41,270.69,0
2026-01-12 13:55:00,56.37,66.48,29.27,122.16,56.87,6.06,257.35,319.85,0
2026-01-12 14:00:00,57.06,89.0,42.9,179.96,33.23,17.31,269.89,177.6,0
2026-01-12 14:05:00,71.76,66.27,33.07,126.34,47.96,21.53,195.37,397.17,0
2026-01-12 14:10:00,40.42,40.04,72.11,23.9,37.06,15.78,65.04,416.81,0
2026-01-12 14:15:00,29.44,95.06,50.91,144.39,19.32,23.65,554.44,755.9,0
2026-01-12 14:20:00,55.04,88.32,54.17,66.17,18.82,0.0,502.08,489.3,0
2026-01-12 14:25:00,77.28,67.44,58.53,50.11,49.24,7.97,536.23,526.46,0
2026-01-12 14:30:00,95.75,45.95,68.12,24.97,22.29,25.71,152.92,84.65,0
2026-01-12 14:35:00,77.64,57.45,38.23,185.47,4.51,4.63,127.25,56.23,0
2026-01-12 14:40:00,32.63,35.22,41.86,74.09,37.45,3.0,175.4,305.45,0
2026-01-12 14:45:00,57.35,85.01,62.02,138.33,24.74,13.48,443.34,618.02,0
2026-01-12 14:50:00,67.13,39.14,81.18,151.84,11.02,14.79,249.97,721.15,0
2026-01-12 14:55:00,65.55,73.16,61.59,128.9,36.43,8.58,152.23,246.87,0
2026-01-12 15:00:00,72.79,52.81,49.33,136.31,50.35,37.12,315.5,262.07,0
2026-01-12 15:05:00,43.66,42.32,27.63,140.96,35.4,18.44,117.44,431.58,0
2026-01-12 15:10:00,63.3,72.29,77.24,127.6,13.68,4.17,6.03,320.43,0
2026-01-12 15:15:00,70.41,61.99,50.23,78.19,44.64,0.0,273.26,324.21,0
2026-01-12 15:20:00,78.51,83.09,43.64,73.29,55.7,19.87,157.11,445.23,0
2026-01-12 15:25:00,45.89,45.18,34.55,114.23,79.26,3.88,247.53,757.33,0
2026-01-12 15:30:00,55.1,54.37,38.97,113.06,63.84,40.83,0.0,545.69,0
2026-01-12 15:35:00,7.92,25.02,46.62,143.61,14.89,20.14,89.43,630.37,0
2026-01-12 15:40:00,49.57,28.68,58.18,180.59,52.16,21.72,241.89,73.38,0
2026-01-12 15:45:00,51.51,100.0,42.66,138.91,40.13,17.98,0.0,511.22,0
2026-01-12 15:50:00,41.61,100.0,64.97,75.4,11.96,28.46,0.0,207.52,0
2026-01-12 15:55:00,65.31,69.67,58.06,5.0,40.68,0.0,256.98,601.47,0
2026-01-12 16:00:00,60.88,53.17,97.55,77.71,73.37,0.56,376.28,553.6,0
2026-01-12 16:05:00,16.82,62.63,34.73,46.05,58.92,27.41,89.49,440.57,0
2026-01-12 16:10:00,66.31,83.72,64.58,79.83,14.73,33.01,202.82,238.57,0
2026-01-12 16:15:00,43.43,58.74,64.78,133.33,35.27,0.18,206.98,277.43,0
2026-01-12 16:20:00,71.71,72.28,45.51,124.64,44.83,0.0,0.0,289.56,0
2026-01-12 16:25:00,36.36,67.77,63.52,222.2,0.4,17.01,463.1,464.35,0
2026-01-12 16:30:00,62.6,57.76,74.31,146.57,1.09,20.82,217.07,410.58,0
2026-01-12 16:35:00,56.34,58.53,63.54,225.0,38.09,16.77,219.0,563.0,0
2026-01-12 16:40:00,68.06,73.28,84.15,159.33,38.35,14.28,317.14,591.62,0
2026-01-12 16:45:00,64.49,50.42,27.16,179.71,0.0,0.0,0.0,223.2,0
2026-01-12 16:50:00,56.9,76.13,48.52,100.26,42.76,10.5,415.59,421.28,0
2026-01-12 16:55:00,31.27,59.51,85.6,60.9,56.74,12.29,439.11,419.46,0
2026-01-12 17:00:00,32.46,70.29,76.59,95.31,30.63,8.42,275.3,335.75,0
2026-01-12 17:05:00,50.32,92.91,70.65,119.35,36.2,0.0,333.2,491.26,0
2026-01-12 17:10:00,61.83,64.97,81.73,85.45,46.43,22.02,191.31,423.65,0
2026-01-12 17:15:00,49.84,84.56,31.34,64.94,43.78,25.39,405.39,263.82,0
2026-01-12 17:20:00,74.5,35.74,74.73,142.93,1.63,5.46,101.87,328.68,0
2026-01-12 17:25:00,56.42,59.53,79.03,64.7,16.9,12.77,244.17,297.62,0
2026-01-12 17:30:00,42.7,68.5,51.46,35.66,27.08,9.04,254.91,240.87,0
2026-01-12 17:35:00,56.44,100.0,104.07,58.29,17.78,9.15,243.04,337.2,0
2026-01-12 17:40:00,66.52,32.72,65.14,107.11,64.34,20.92,442.44,155.46,0
2026-01-12 17:45:00,68.5,66.27,26.92,65.5,47.69,21.21,643.88,421.08,0
2026-01-12 17:50:00,99.57,94.22,68.1,107.46,12.81,27.9,230.23,560.62,0
2026-01-12 17:55:00,48.62,53.87,50.48,153.02,30.71,27.65,334.66,357.57,0
2026-01-12 18:00:00,60.53,64.17,80.64,151.59,57.61,12.94,105.56,491.96,0
2026-01-12 18:05:00,70.52,73.97,70.77,83.65,22.08,49.11,435.75,373.3,0
2026-01-12 18:10:00,61.53,71.32,52.43,48.28,52.03,33.6,156.85,196.68,0
2026-01-12 18:15:00,51.99,96.18,86.04,88.34,62.66,7.1,816.12,651.06,0
2026-01-12 18:20:00,31.01,76.07,77.03,156.06,59.32,16.52,0.0,50.0,0
2026-01-12 18:25:00,51.78,91.9,48.75,168.91,38.61,0.0,636.54,351.55,0
2026-01-12 18:30:00,40.53,61.52,59.57,139.41,60.02,15.33,428.42,234.72,0
2026-01-12 18:35:00,27.47,54.67,70.27,186.08,24.56,35.08,48.0,587.25,0
2026-01-12 18:40:00,46.09,63.94,56.17,215.11,84.72,48.38,667.5,382.4,0
2026-01-12 18:45:00,41.06,47.14,56.65,93.42,39.82,13.54,82.89,733.32,0
2026-01-12 18:50:00,73.68,76.7,62.59,201.76,57.94,19.02,193.42,355.4,0
2026-01-12 18:55:00,74.02,61.05,44.95,105.67,27.76,22.26,16.61,235.87,0
2026-01-12 19:00:00,43.92,55.91,26.28,176.09,44.99,38.76,223.64,93.46,0
2026-01-12 19:05:00,56.8,76.98,65.83,158.97,45.87,3.2,240.51,516.0,0
2026-01-12 19:10:00,24.84,47.41,30.18,11.26,16.42,46.87,399.41,224.79,0
2026-01-12 19:15:00,52.11,81.87,46.11,66.86,15.83,11.2,688.9,287.03,0
2026-01-12 19:20:00,69.98,59.39,33.65,52.83,30.91,0.96,157.67,534.22,0
2026-01-12 19:25:00,78.5,88.86,35.62,21.99,57.11,11.22,0.0,508.0,0
2026-01-12 19:30:00,47.74,60.93,68.82,168.36,0.0,5.28,366.73,258.55,0
2026-01-12 19:35:00,83.04,79.37,58.44,233.78,27.74,20.03,150.94,281.9,0
2026-01-12 19:40:00,31.69,71.23,57.87,105.83,61.2,0.0,577.32,86.59,0
2026-01-12 19:45:00,37.05,81.39,40.95,166.98,10.36,16.7,243.77,50.0,0
2026-01-12 19:50:00,76.19,69.98,51.51,201.65,60.08,22.97,113.36,464.55,0
2026-01-12 19:55:00,95.42,38.06,68.02,131.46,12.44,32.79,67.67,481.11,0
2026-01-12 20:00:00,71.87,86.16,61.17,118.61,16.67,23.17,362.12,403.58,0
2026-01-12 20:05:00,61.19,66.42,75.16,106.49,32.06,32.06,200.46,378.08,0
2026-01-12 20:10:00,18.1,82.21,77.44,149.57,72.47,7.73,514.19,244.08,0
2026-01-12 20:15:00,21.55,80.42,57.96,168.11,22.2,19.73,212.09,570.22,0
2026-01-12 20:20:00,64.59,54.08,32.36,145.4,0.34,0.0,504.63,82.4,0
2026-01-12 20:25:00,54.84,51.53,49.89,143.51,6.96,13.63,1.58,279.73,0
2026-01-12 20:30:00,39.88,79.8,60.44,117.18,53.64,19.64,0.0,374.11,0
2026-01-12 20:35:00,63.31,62.54,49.58,32.39,7.91,20.73,399.25,349.94,0
2026-01-12 20:40:00,64.3,84.86,45.13,169.37,58.76,0.0,166.4,349.69,0
2026-01-12 20:45:00,80.89,64.79,63.12,49.35,36.4,10.32,202.56,272.11,0
2026-01-12 20:50:00,64.73,86.42,100.88,154.07,34.35,11.99,67.81,431.14,0
2026-01-12 20:55:00,86.57,75.62,54.19,161.57,40.95,9.85,54.61,167.69,0
2026-01-12 21:00:00,62.16,73.18,61.96,57.28,18.98,23.7,364.42,328.4,0
2026-01-12 21:05:00,59.69,61.27,41.01,86.57,37.76,12.4,246.61,414.79,0
2026-01-12 21:10:00,83.29,72.18,81.89,236.68,11.14,16.19,59.16,300.12,0
2026-01-12 21:15:00,42.43,89.47,76.0,115.63,61.98,9.12,392.3,350.72,0
2026-01-12 21:20:00,100.0,67.02,74.89,52.89,14.45,27.78,461.48,382.33,0
2026-01-12 21:25:00,69.51,77.56,83.76,164.05,43.78,28.67,230.41,85.88,0
2026-01-12 21:30:00,69.62,68.83,55.16,77.5,14.3,11.3,430.58,99.9,0
2026-01-12 21:35:00,72.5,70.24,57.16,14.37,24.34,49.21,69.68,370.09,0
2026-01-12 21:40:00,99.54,99.02,89.36,148.59,27.52,5.8,353.9,258.74,1
2026-01-12 21:45:00,77.85,89.63,72.12,69.59,94.63,27.09,279.12,267.8,0
2026-01-12 21:50:00,29.9,69.43,26.49,137.67,34.71,3.59,107.52,435.35,0
2026-01-12 21:55:00,90.07,71.86,69.28,75.3,18.57,24.28,619.55,201.67,0
2026-01-12 22:00:00,55.18,55.37,52.69,158.9,26.11,23.34,291.9,50.0,0
2026-01-12 22:05:00,64.14,64.89,76.37,130.09,4.91,2.86,143.65,598.55,0
2026-01-12 22:10:00,36.41,73.57,68.53,5.0,31.74,13.43,253.53,531.48,0
2026-01-12 22:15:00,72.52,83.31,34.15,141.01,72.02,37.41,93.46,529.58,0
2026-01-12 22:20:00,48.97,81.49,66.3,104.06,41.72,5.23,41.76,181.89,0
2026-01-12 22:25:00,64.0,48.03,65.37,197.92,53.07,19.82,169.1,338.39,0
2026-01-12 22:30:00,56.32,85.59,67.82,141.74,16.8,19.03,181.29,159.74,0
2026-01-12 22:35:00,100.0,66.4,71.21,161.59,30.93,14.49,105.25,341.01,0
2026-01-12 22:40:00,100.0,50.23,85.94,80.92,39.08,0.0,475.2,297.8,1
2026-01-12 22:45:00,62.93,92.05,68.62,76.55,20.49,24.94,112.16,188.29,0
2026-01-12 22:50:00,63.28,94.34,62.37,118.59,43.0,15.14,82.2,425.49,0
2026-01-12 22:55:00,54.53,72.75,80.37,100.17,47.31,28.25,36.57,311.19,0
2026-01-12 23:00:00,84.12,80.76,97.88,193.59,45.86,17.78,19.24,608.41,0
2026-01-12 23:05:00,55.42,81.81,76.64,111.57,31.98,15.77,434.94,362.87,0
2026-01-12 23:10:00,53.57,93.12,65.3,52.63,56.82,19.47,296.47,50.0,0
2026-01-12 23:15:00,81.57,81.11,68.92,74.48,29.85,3.15,374.26,78.18,0
2026-01-12 23:20:00,51.23,44.1,66.1,173.08,28.02,33.7,433.31,664.35,0
2026-01-12 23:25:00,61.24,100.0,62.3,110.8,63.83,10.5,190.01,296.14,0
2026-01-12 23:30:00,30.37,87.18,96.64,107.86,12.86,10.65,515.0,386.0,0
2026-01-12 23:35:00,76.08,58.83,50.02,178.31,0.94,30.51,137.16,351.46,0
2026-01-12 23:40:00,100.0,49.47,80.48,69.69,17.64,17.97,52.77,562.45,1
2026-01-12 23:45:00,76.42,77.09,59.99,5.0,42.74,12.16,317.25,63.96,0
2026-01-12 23:50:00,91.24,62.99,38.31,73.09,60.67,19.97,276.02,549.39,0
2026-01-12 23:55:00,45.08,73.94,58.99,133.31,21.79,22.51,275.73,539.06,0
2026-01-13 00:00:00,66.73,81.38,53.25,106.28,71.3,13.58,432.76,350.92,0
2026-01-13 00:05:00,43.14,57.8,71.24,34.18,35.54,26.07,269.12,411.99,0
2026-01-13 00:10:00,57.44,47.91,63.46,175.88,32.69,0.0,306.35,294.41,0
2026-01-13 00:15:00,77.44,74.94,45.65,128.99,18.0,18.14,494.73,97.21,0
2026-01-13 00:20:00,64.04,58.4,85.54,141.4,74.03,24.6,298.0,437.04,0
2026-01-13 00:25:00,33.75,70.63,79.44,143.08,31.99,22.46,338.97,386.99,0
2026-01-13 00:30:00,35.7,43.82,87.38,48.58,8.36,0.0,0.0,390.1,0
2026-01-13 00:35:00,34.38,63.46,65.79,136.66,84.15,13.48,919.45,422.34,0
2026-01-13 00:40:00,71.83,80.87,61.43,169.91,42.87,0.43,0.0,259.35,0
2026-01-13 00:45:00,100.0,78.91,73.26,182.72,50.98,30.43,152.92,573.99,0
2026-01-13 00:50:00,89.25,53.81,52.76,159.67,68.63,10.31,147.48,351.22,0
2026-01-13 00:55:00,24.08,46.97,64.08,148.22,47.29,29.1,629.44,431.26,0
2026-01-13 01:00:00,90.42,68.28,59.19,24.44,54.5,0.4,141.89,309.18,0
2026-01-13 01:05:00,80.73,78.1,38.62,119.18,36.09,19.69,329.54,507.53,0
2026-01-13 01:10:00,31.09,75.29,64.04,67.39,49.67,15.1,148.7,365.6,0
2026-01-13 01:15:00,55.94,58.78,54.94,190.52,34.32,48.17,62.78,337.23,0
2026-01-13 01:20:00,83.91,73.36,58.12,182.17,34.6,29.14,352.66,531.1,0
2026-01-13 01:25:00,73.01,95.04,67.82,67.72,37.39,28.37,120.59,91.57,0
2026-01-13 01:30:00,35.82,71.69,82.36,117.47,27.06,39.33,287.37,308.0,0
2026-01-13 01:35:00,74.21,38.6,48.42,133.67,45.09,18.41,362.8,258.1,0
2026-01-13 01:40:00,19.25,71.66,56.62,169.54,45.04,13.81,593.22,406.08,0
2026-01-13 01:45:00,57.54,100.0,49.76,27.84,51.38,12.44,22.81,397.37,0
2026-01-13 01:50:00,84.76,44.83,48.72,5.0,47.79,18.93,222.49,348.23,0
2026-01-13 01:55:00,62.37,68.54,52.49,122.1,75.0,0.0,229.94,242.9,0
2026-01-13 02:00:00,52.02,63.93,58.86,5.0,56.05,15.03,250.17,346.4,0
2026-01-13 02:05:00,79.79,69.73,71.37,128.72,30.85,17.72,712.38,398.51,0
2026-01-13 02:10:00,81.5,71.5,67.13,152.57,44.06,13.13,218.8,323.23,0
2026-01-13 02:15:00,88.2,88.52,45.09,187.98,63.25,0.0,0.0,516.13,0
2026-01-13 02:20:00,79.49,69.53,82.71,85.76,16.0,13.2,214.28,441.8,0
2026-01-13 02:25:00,83.63,90.99,77.11,128.86,75.28,0.0,228.69,352.85,0
2026-01-13 02:30:00,76.66,65.88,47.58,155.83,19.51,36.29,206.61,50.0,0
2026-01-13 02:35:00,67.31,61.7,81.59,55.34,53.01,11.91,120.64,317.25,0
2026-01-13 02:40:00,63.79,55.95,67.23,170.34,35.13,0.0,12.17,444.51,0
2026-01-13 02:45:00,57.25,35.29,59.5,135.09,33.98,12.52,638.71,308.1,0
2026-01-13 02:50:00,37.75,72.96,67.73,86.7,8.94,25.74,307.29,395.49,0
2026-01-13 02:55:00,42.89,100.0,61.59,127.78,53.15,17.11,215.4,316.31,0
2026-01-13 03:00:00,56.36,76.25,70.72,112.34,9.23,4.03,632.97,384.87,0
2026-01-13 03:05:00,66.83,80.36,65.0,162.9,6.14,6.86,93.64,560.15,0
2026-01-13 03:10:00,90.82,60.57,56.6,100.17,58.19,11.56,358.43,468.01,0
2026-01-13 03:15:00,61.16,63.6,29.59,132.49,70.79,9.72,25.17,155.66,0
2026-01-13 03:20:00,82.07,85.72,70.43,85.85,21.66,0.0,385.14,101.3,0
2026-01-13 03:25:00,83.59,100.0,56.02,68.42,55.06,14.19,45.79,416.38,0
2026-01-13 03:30:00,57.37,94.78,74.45,129.43,50.93,0.0,334.68,525.18,0
2026-01-13 03:35:00,73.89,82.49,69.71,70.68,33.17,26.39,601.58,100.9,0
2026-01-13 03:40:00,57.13,68.63,56.44,164.03,61.72,27.85,266.82,318.53,0
2026-01-13 03:45:00,88.44,71.77,78.37,152.57,31.73,2.96,0.0,705.98,0
2026-01-13 03:50:00,74.72,54.44,65.28,77.92,45.35,6.4,256.44,309.7,0
2026-01-13 03:55:00,38.19,41.93,64.62,131.76,9.92,9.92,336.48,728.88,0
2026-01-13 04:00:00,65.23,47.72,59.79,77.67,10.78,14.62,412.18,226.46,0
2026-01-13 04:05:00,94.96,68.9,88.94,31.76,58.38,18.08,515.25,252.96,1
2026-01-13 04:10:00,58.38,62.74,50.59,87.15,46.02,20.56,524.42,244.56,0
2026-01-13 04:15:00,70.95,41.55,56.84,117.23,32.15,20.28,226.43,158.12,0
2026-01-13 04:20:00,72.92,67.33,42.2,148.68,73.16,33.65,131.3,96.3,0
2026-01-13 04:25:00,41.27,62.27,73.63,128.22,72.95,15.72,48.67,316.81,0
2026-01-13 04:30:00,72.21,46.89,52.69,169.92,43.78,0.0,152.81,371.73,0
2026-01-13 04:35:00,34.12,61.34,54.48,66.04,5.89,0.0,335.78,242.48,0
2026-01-13 04:40:00,49.49,62.22,53.73,99.28,32.77,34.63,7.24,278.57,0
2026-01-13 04:45:00,83.51,56.9,63.0,210.44,18.35,21.12,83.17,566.91,0
2026-01-13 04:50:00,69.14,84.68,41.99,13.79,36.79,17.48,351.21,495.76,0
2026-01-13 04:55:00,55.91,33.75,26.11,95.14,16.27,20.39,133.63,311.2,0
2026-01-13 05:00:00,70.93,32.26,69.32,61.07,11.08,16.92,316.6,414.48,0
2026-01-13 05:05:00,60.8,68.06,28.18,109.25,0.0,20.2,103.42,104.54,0
2026-01-13 05:10:00,62.25,69.73,75.67,96.11,38.35,10.53,301.8,390.44,0
2026-01-13 05:15:00,75.14,75.28,86.94,153.12,0.0,27.66,111.06,340.64,0
2026-01-13 05:20:00,47.45,58.3,59.37,134.05,28.6,8.7,0.0,293.88,0
2026-01-13 05:25:00,62.81,51.48,82.79,48.19,48.89,4.16,422.07,354.92,0
2026-01-13 05:30:00,55.75,67.87,61.61,87.65,20.56,0.0,124.74,330.67,0
2026-01-13 05:35:00,30.29,60.05,87.59,119.99,13.3,12.15,205.25,152.95,0
2026-01-13 05:40:00,43.59,95.92,54.7,160.67,33.64,30.21,125.59,601.97,0
2026-01-13 05:45:00,93.36,62.16,24.16,253.81,18.43,9.51,348.01,492.62,0
2026-01-13 05:50:00,69.69,67.04,60.72,158.65,38.71,0.0,309.97,291.83,0
2026-01-13 05:55:00,35.53,100.0,89.33,64.31,14.34,18.42,347.58,85.91,0
2026-01-13 06:00:00,31.19,64.49,70.56,114.84,32.91,7.19,151.08,50.0,0
2026-01-13 06:05:00,59.76,78.01,53.75,129.95,28.07,33.58,241.05,650.71,0
2026-01-13 06:10:00,93.22,79.63,67.26,91.43,34.77,27.9,325.07,323.95,0
2026-01-13 06:15:00,58.26,81.17,77.54,145.86,67.7,0.0,528.14,464.45,0
2026-01-13 06:20:00,88.14,73.21,60.63,5.0,39.0,12.91,305.18,207.69,0
2026-01-13 06:25:00,69.04,71.49,104.02,150.42,45.09,5.94,69.4,303.89,0
2026-01-13 06:30:00,71.43,69.81,53.72,93.8,22.5,1.07,298.22,311.55,0
2026-01-13 06:35:00,35.29,57.63,78.04,113.97,39.47,14.33,220.3,386.22,0
2026-01-13 06:40:00,80.75,73.86,74.19,200.61,29.5,24.82,0.0,363.48,0
2026-01-13 06:45:00,55.3,100.0,50.8,50.62,35.59,14.02,0.0,211.66,0
2026-01-13 06:50:00,79.26,89.79,55.21,135.0,47.98,8.81,238.03,210.1,0
2026-01-13 06:55:00,45.72,73.47,78.29,163.67,25.0,0.0,253.2,337.77,0
2026-01-13 07:00:00,65.54,83.4,64.32,129.37,27.04,7.01,196.95,86.85,0
2026-01-13 07:05:00,69.04,52.35,67.41,31.22,25.27,21.62,409.15,226.54,0
2026-01-13 07:10:00,58.92,63.31,35.82,194.27,24.89,0.0,81.67,326.88,0
2026-01-13 07:15:00,70.09,85.06,72.5,108.38,38.46,30.39,0.48,409.62,0
2026-01-13 07:20:00,56.67,94.77,66.6,90.99,27.72,8.0,101.38,575.52,0
2026-01-13 07:25:00,49.02,54.12,60.98,102.92,64.96,17.32,140.24,278.53,0
2026-01-13 07:30:00,94.11,59.3,67.77,98.98,88.58,10.21,239.53,355.42,0
2026-01-13 07:35:00,82.98,100.0,55.45,54.54,23.64,0.88,106.42,69.9,0
2026-01-13 07:40:00,46.78,69.73,52.53,129.07,40.88,20.28,0.0,400.22,0
2026-01-13 07:45:00,73.37,100.0,58.13,87.15,55.76,7.82,0.0,213.6,0
2026-01-13 07:50:00,47.15,71.72,54.57,156.9,29.69,5.0,272.17,303.76,0
2026-01-13 07:55:00,38.31,72.43,96.89,148.47,15.11,0.0,46.78,421.38,0
2026-01-13 08:00:00,82.68,62.5,76.59,209.41,69.76,30.63,0.0,427.65,0
2026-01-13 08:05:00,27.92,84.97,46.5,108.36,48.72,15.07,362.49,131.94,0
2026-01-13 08:10:00,80.54,92.44,94.58,75.82,41.37,28.28,528.13,470.29,0
2026-01-13 08:15:00,56.95,49.37,55.07,39.16,64.01,22.44,233.0,344.17,0
2026-01-13 08:20:00,57.77,61.66,62.47,240.63,50.4,28.28,298.32,540.08,0
2026-01-13 08:25:00,70.2,84.47,76.36,156.42,34.04,8.23,299.84,569.24,0
2026-01-13 08:30:00,73.62,65.67,30.48,81.92,15.47,0.0,0.0,590.92,0
2026-01-13 08:35:00,45.47,59.12,58.21,213.12,25.13,24.15,409.96,136.34,0
2026-01-13 08:40:00,76.35,86.17,52.83,194.59,59.1,16.56,473.18,410.34,0
2026-01-13 08:45:00,64.27,87.86,65.28,45.68,48.64,9.4,580.62,113.39,0
2026-01-13 08:50:00,36.88,59.91,67.92,78.56,31.27,23.91,171.23,545.22,0
2026-01-13 08:55:00,58.6,71.82,60.76,112.72,70.33,18.7,45.68,566.57,0
2026-01-13 09:00:00,89.63,46.25,60.02,61.15,31.86,22.67,494.54,496.71,0
2026-01-13 09:05:00,95.53,51.88,79.04,114.69,54.75,2.73,339.8,286.31,0
2026-01-13 09:10:00,76.35,70.23,66.82,159.16,39.4,26.73,407.44,431.64,0
2026-01-13 09:15:00,38.19,68.57,62.66,44.47,73.66,14.94,133.53,267.16,0
2026-01-13 09:20:00,71.81,50.6,64.37,136.12,50.06,28.02,298.88,352.07,0
2026-01-13 09:25:00,79.02,55.11,91.37,184.27,35.92,26.62,60.39,336.17,0
2026-01-13 09:30:00,76.51,48.83,64.76,142.01,31.42,23.24,249.06,50.25,0
2026-01-13 09:35:00,77.7,76.19,53.77,115.84,34.69,13.67,187.38,228.57,0
2026-01-13 09:40:00,69.27,32.58,31.46,83.25,20.49,23.51,671.84,690.63,0
2026-01-13 09:45:00,60.55,49.79,39.06,165.7,7.67,28.33,348.75,337.0,0
2026-01-13 09:50:00,49.83,34.47,54.53,55.27,41.17,22.28,0.0,374.03,0
2026-01-13 09:55:00,24.04,75.54,60.27,133.35,24.33,17.43,249.72,348.7,0
2026-01-13 10:00:00,68.79,35.55,53.11,121.4,24.28,23.54,316.27,288.42,0
2026-01-13 10:05:00,65.72,68.57,67.62,181.91,33.22,8.69,164.69,355.42,0
2026-01-13 10:10:00,73.15,97.51,52.9,87.95,36.04,33.17,51.5,288.95,0
2026-01-13 10:15:00,35.25,98.12,47.37,92.62,35.15,0.0,368.89,50.0,0
2026-01-13 10:20:00,74.9,35.49,71.8,51.7,69.77,15.41,76.95,467.93,0
2026-01-13 10:25:00,100.0,73.37,83.91,144.05,48.25,10.13,353.58,591.93,1
2026-01-13 10:30:00,63.57,50.2,44.29,96.69,77.16,7.31,61.74,175.37,0
2026-01-13 10:35:00,60.77,46.52,65.9,72.59,26.22,18.66,153.9,288.07,0
2026-01-13 10:40:00,68.18,65.96,31.52,77.83,50.67,1.49,422.11,574.99,0
2026-01-13 10:45:00,100.0,90.11,38.41,149.54,27.33,40.82,338.05,234.29,0
2026-01-13 10:50:00,41.53,78.79,52.58,59.34,23.78,0.0,255.66,408.16,0
2026-01-13 10:55:00,66.06,55.13,80.16,64.22,77.91,3.58,244.62,999.04,0
2026-01-13 11:00:00,46.01,80.69,49.54,169.3,19.64,2.45,266.3,444.84,0
2026-01-13 11:05:00,51.06,27.61,48.94,110.86,0.0,17.38,107.52,360.32,0
2026-01-13 11:10:00,61.01,54.45,62.58,172.55,20.84,27.17,0.0,482.26,0
2026-01-13 11:15:00,88.95,53.17,62.59,100.24,0.0,21.31,352.45,466.51,0
2026-01-13 11:20:00,98.02,69.41,49.44,119.94,15.97,32.67,525.42,250.66,0
2026-01-13 11:25:00,70.96,64.35,93.78,128.6,17.83,5.07,358.76,89.53,0
2026-01-13 11:30:00,54.47,65.45,57.75,196.3,35.71,22.9,295.75,439.09,0
2026-01-13 11:35:00,100.0,64.86,63.82,191.82,0.0,11.36,32.47,461.58,0
2026-01-13 11:40:00,53.45,68.4,55.57,183.43,58.92,17.74,407.89,305.37,0
2026-01-13 11:45:00,50.58,77.72,69.04,85.41,0.0,28.3,336.65,596.78,0
2026-01-13 11:50:00,26.5,70.69,81.76,65.72,32.44,0.0,386.83,566.71,0
2026-01-13 11:55:00,89.92,62.88,88.62,161.84,28.52,38.89,436.1,466.18,1
2026-01-13 12:00:00,81.36,75.23,49.8,195.72,51.51,13.26,535.48,308.21,0
2026-01-13 12:05:00,100.0,82.87,79.61,183.96,42.03,0.0,49.35,50.0,0
2026-01-13 12:10:00,34.21,57.99,70.79,120.72,58.74,6.69,17.98,323.85,0
2026-01-13 12:15:00,91.16,66.93,77.59,160.03,27.77,16.23,276.67,74.57,0
2026-01-13 12:20:00,63.4,88.91,60.53,161.0,25.71,6.68,83.95,50.0,0
2026-01-13 12:25:00,78.12,48.15,59.01,128.19,43.26,0.0,52.77,447.07,0
2026-01-13 12:30:00,29.04,100.0,76.97,130.58,55.58,16.16,469.62,525.85,0
2026-01-13 12:35:00,91.36,43.9,77.28,125.4,51.5,6.34,68.37,57.41,0
2026-01-13 12:40:00,77.73,61.78,87.05,76.65,41.44,22.81,248.01,311.52,0
2026-01-13 12:45:00,61.22,50.9,65.18,82.27,39.65,2.18,0.0,347.38,0
2026-01-13 12:50:00,74.9,100.0,60.29,81.42,34.27,42.14,261.35,306.14,0
2026-01-13 12:55:00,46.69,58.94,22.64,32.04,43.2,21.16,462.91,143.22,0
2026-01-13 13:00:00,50.41,58.98,36.22,127.86,75.7,17.36,468.36,549.66,0
2026-01-13 13:05:00,52.73,61.33,55.69,117.77,30.15,22.48,438.1,147.37,0
2026-01-13 13:10:00,24.95,69.72,44.38,161.91,27.71,0.0,235.89,57.62,0
2026-01-13 13:15:00,79.24,62.09,75.03,189.34,26.18,9.04,450.07,143.83,0
2026-01-13 13:20:00,85.83,65.61,41.04,192.84,42.79,36.4,327.41,422.2,0
2026-01-13 13:25:00,47.97,10.0,53.98,198.02,0.0,11.16,170.99,309.92,0
2026-01-13 13:30:00,68.96,69.03,54.61,78.36,32.3,14.25,318.71,234.46,0
2026-01-13 13:35:00,56.69,68.32,81.28,41.24,52.61,9.4,409.42,429.15,0
2026-01-13 13:40:00,68.57,86.69,52.27,171.19,24.48,32.57,11.01,399.89,0
2026-01-13 13:45:00,49.45,91.56,69.24,196.02,38.73,12.06,59.12,50.0,0
2026-01-13 13:50:00,44.33,64.62,65.13,205.58,77.19,0.0,224.15,427.64,0
2026-01-13 13:55:00,83.04,82.69,76.45,146.67,41.63,45.95,30.08,527.18,0
2026-01-13 14:00:00,60.72,48.17,75.6,10.18,0.0,0.0,27.51,331.52,0
2026-01-13 14:05:00,100.0,81.81,61.46,140.11,6.8,13.83,174.29,314.76,0
2026-01-13 14:10:00,62.93,57.7,34.86,150.55,29.98,4.9,428.56,634.08,0
2026-01-13 14:15:00,43.48,46.68,58.29,188.86,18.92,6.58,425.17,243.53,0
2026-01-13 14:20:00,86.54,64.66,61.68,198.63,37.07,2.28,307.79,325.15,0
2026-01-13 14:25:00,74.62,93.21,66.58,170.03,29.11,8.52,282.45,399.65,0
2026-01-13 14:30:00,76.54,71.26,50.2,87.7,58.32,26.81,625.75,357.27,0
2026-01-13 14:35:00,85.81,94.94,80.25,63.4,13.17,0.0,152.92,309.16,1
2026-01-13 14:40:00,48.94,54.52,62.22,149.37,30.85,30.13,293.39,363.38,0
2026-01-13 14:45:00,59.45,86.86,47.27,76.42,39.35,28.06,143.98,585.34,0
2026-01-13 14:50:00,58.57,56.26,54.67,201.13,41.82,21.11,18.26,471.15,0
2026-01-13 14:55:00,36.19,72.06,92.86,26.25,37.94,16.51,463.28,338.79,0
2026-01-13 15:00:00,56.73,71.9,72.63,151.18,0.0,18.32,195.06,220.41,0
2026-01-13 15:05:00,88.73,79.91,78.78,137.57,36.67,32.08,375.07,240.35,0
2026-01-13 15:10:00,66.75,72.51,45.33,108.63,31.98,0.0,205.7,492.53,0
2026-01-13 15:15:00,35.08,54.69,50.98,69.12,52.28,23.73,474.39,111.0,0
2026-01-13 15:20:00,30.88,83.85,51.1,6.6,49.46,6.05,70.5,710.48,0
2026-01-13 15:25:00,95.3,99.17,64.95,90.77,39.82,24.91,459.5,345.23,0
2026-01-13 15:30:00,60.19,57.49,59.22,91.74,41.26,7.64,410.96,143.22,0
2026-01-13 15:35:00,49.05,34.97,54.17,181.15,62.05,23.48,0.0,377.3,0
2026-01-13 15:40:00,56.52,76.99,56.17,76.94,58.01,0.0,156.97,229.89,0
2026-01-13 15:45:00,32.45,62.04,49.3,144.9,40.51,0.0,433.75,287.15,0
2026-01-13 15:50:00,90.46,65.64,59.12,48.93,77.91,13.64,544.72,123.38,0
2026-01-13 15:55:00,54.14,78.01,79.81,146.41,22.44,32.23,378.79,314.21,0
2026-01-13 16:00:00,89.35,59.78,37.79,5.0,11.29,21.44,178.62,50.0,0
2026-01-13 16:05:00,63.03,63.16,67.54,235.24,34.78,21.35,75.7,260.02,0
2026-01-13 16:10:00,90.59,66.2,84.08,112.24,27.52,25.32,352.0,225.9,1
2026-01-13 16:15:00,67.13,94.46,59.07,5.0,0.0,10.24,173.32,274.65,0
2026-01-13 16:20:00,79.06,68.54,53.54,80.52,21.95,22.33,180.96,235.37,0
2026-01-13 16:25:00,76.38,45.76,76.79,71.84,41.87,8.04,209.65,355.09,0
2026-01-13 16:30:00,74.47,46.47,46.25,83.93,33.84,11.23,408.72,483.2,0
2026-01-13 16:35:00,68.96,70.51,61.64,99.94,19.47,12.72,575.16,404.09,0
2026-01-13 16:40:00,57.34,47.67,45.36,83.56,35.85,8.45,434.84,544.89,0
2026-01-13 16:45:00,100.0,39.88,32.08,75.1,37.46,14.21,251.72,275.22,0
2026-01-13 16:50:00,43.86,79.44,59.57,56.27,49.3,11.95,88.15,398.71,0
2026-01-13 16:55:00,62.09,80.32,41.79,165.2,22.17,6.51,370.17,404.62,0
2026-01-13 17:00:00,62.3,61.37,61.81,186.06,52.48,13.31,549.78,522.75,0
2026-01-13 17:05:00,70.05,73.29,79.84,106.0,13.19,16.86,430.64,240.43,0
2026-01-13 17:10:00,53.41,71.39,91.67,119.03,24.93,1.8,287.39,468.32,0
2026-01-13 17:15:00,68.29,78.84,63.5,58.05,68.98,20.01,161.98,221.4,0
2026-01-13 17:20:00,58.62,78.89,78.31,123.91,14.52,9.08,312.13,264.51,0
2026-01-13 17:25:00,30.36,21.1,68.38,132.65,21.82,17.38,457.82,296.2,0
2026-01-13 17:30:00,62.19,63.67,55.87,107.93,9.94,7.02,291.82,417.98,0
2026-01-13 17:35:00,39.99,77.32,31.2,141.78,18.45,27.61,231.38,186.95,0
2026-01-13 17:40:00,27.31,60.61,88.02,136.98,37.77,26.47,126.3,207.85,0
2026-01-13 17:45:00,64.74,68.65,45.21,62.02,49.13,2.41,716.1,253.24,0
2026-01-13 17:50:00,71.76,81.51,84.12,185.62,34.63,21.3,89.63,357.27,0
2026-01-13 17:55:00,72.53,69.46,70.59,108.58,28.51,32.36,73.0,209.56,0
2026-01-13 18:00:00,73.34,95.14,46.38,212.16,10.14,3.62,279.54,389.6,1
2026-01-13 18:05:00,23.35,88.29,66.99,143.12,20.46,4.57,213.65,296.33,0
2026-01-13 18:10:00,34.78,65.87,96.13,228.4,4.08,23.82,434.19,448.69,0
2026-01-13 18:15:00,100.0,64.44,86.57,184.64,49.73,0.0,440.28,359.44,1
2026-01-13 18:20:00,41.06,16.69,53.8,132.5,51.12,5.67,31.43,612.82,0
2026-01-13 18:25:00,74.22,62.12,50.61,80.23,34.19,2.82,114.0,368.17,0
2026-01-13 18:30:00,48.26,43.64,63.6,81.41,43.83,23.97,92.43,167.24,0
2026-01-13 18:35:00,63.59,71.98,59.35,149.32,52.52,6.69,391.21,318.08,0
2026-01-13 18:40:00,49.33,70.75,81.2,127.87,37.02,11.58,327.1,353.17,0
2026-01-13 18:45:00,73.23,80.53,73.83,87.6,62.87,6.02,183.13,213.7,0
2026-01-13 18:50:00,64.74,93.14,34.92,165.82,14.52,28.78,288.95,577.56,0
2026-01-13 18:55:00,53.03,67.53,69.34,122.13,28.03,4.69,47.27,303.51,0
2026-01-13 19:00:00,41.0,100.0,59.13,166.15,25.65,0.0,116.34,253.3,0
2026-01-13 19:05:00,67.36,72.18,62.59,66.35,47.94,0.0,16.0,377.23,0
2026-01-13 19:10:00,37.75,44.42,65.98,174.97,6.32,23.32,276.19,214.07,0
2026-01-13 19:15:00,70.55,57.88,81.18,147.55,63.96,24.19,275.5,494.95,0
2026-01-13 19:20:00,100.0,61.29,77.64,185.87,46.24,29.98,72.81,464.8,0
2026-01-13 19:25:00,89.0,78.66,50.0,173.76,70.01,0.0,325.82,369.59,0
2026-01-13 19:30:00,76.37,50.95,61.06,115.33,34.19,12.23,440.28,438.73,0
2026-01-13 19:35:00,60.29,62.64,54.82,110.9,23.99,44.13,64.51,275.05,0
2026-01-13 19:40:00,23.22,65.1,35.09,218.07,48.14,11.37,191.26,124.59,0
2026-01-13 19:45:00,35.55,59.93,60.25,104.02,55.61,8.24,342.45,301.16,0
2026-01-13 19:50:00,87.66,82.61,91.52,161.16,20.71,14.75,248.85,274.77,1
2026-01-13 19:55:00,46.2,79.54,34.61,99.02,0.0,21.36,3.03,50.0,0
2026-01-13 20:00:00,48.01,89.0,61.62,17.6,0.0,21.16,170.66,191.32,0
2026-01-13 20:05:00,58.69,62.04,61.1,52.5,40.23,7.63,164.68,165.44,0
2026-01-13 20:10:00,40.76,89.65,66.6,142.33,65.8,7.98,219.32,191.93,0
2026-01-13 20:15:00,37.46,43.45,46.6,158.56,8.98,11.44,226.99,550.0,0
2026-01-13 20:20:00,60.99,43.01,39.2,142.51,29.55,6.24,531.88,426.79,0
2026-01-13 20:25:00,44.17,46.15,39.94,183.03,28.03,0.18,212.47,494.75,0
2026-01-13 20:30:00,47.18,68.17,83.29,141.52,73.41,36.7,0.0,426.44,0
2026-01-13 20:35:00,46.38,89.64,46.28,77.36,80.17,10.12,266.4,512.45,0
2026-01-13 20:40:00,72.45,57.16,54.01,152.69,43.49,10.8,564.6,354.04,0
2026-01-13 20:45:00,57.36,59.42,95.67,129.33,52.96,11.17,219.92,577.35,0
2026-01-13 20:50:00,58.43,64.11,50.25,88.34,52.4,14.03,171.14,165.29,0
2026-01-13 20:55:00,73.94,78.31,67.48,145.99,9.39,20.22,195.08,339.84,0
2026-01-13 21:00:00,59.16,59.4,79.02,124.37,48.97,9.42,355.15,196.27,0
2026-01-13 21:05:00,56.43,58.4,78.25,86.72,14.61,28.67,194.31,536.26,0
2026-01-13 21:10:00,71.41,43.78,40.69,110.22,31.57,22.17,0.0,412.97,0
2026-01-13 21:15:00,75.36,57.71,50.59,197.75,57.79,12.71,129.08,528.0,0
2026-01-13 21:20:00,59.06,89.19,66.84,195.95,36.62,7.01,238.36,139.48,0
2026-01-13 21:25:00,63.61,69.64,92.86,130.35,57.05,28.02,346.41,259.63,0
2026-01-13 21:30:00,46.36,54.68,49.82,123.15,60.99,13.06,145.11,82.41,0
2026-01-13 21:35:00,44.79,90.25,54.1,41.18,0.0,0.09,196.68,404.19,0
2026-01-13 21:40:00,77.38,57.47,68.71,214.57,0.0,27.25,258.09,285.78,0
2026-01-13 21:45:00,70.9,93.56,71.91,177.0,58.24,6.28,110.06,463.34,0
2026-01-13 21:50:00,71.11,93.26,72.88,161.36,59.05,25.42,233.49,354.75,0
2026-01-13 21:55:00,67.62,69.01,48.46,5.0,40.13,0.0,334.1,50.0,0
2026-01-13 22:00:00,62.92,41.03,53.49,122.25,42.84,10.58,36.43,100.94,0
2026-01-13 22:05:00,75.93,100.0,65.45,113.01,52.86,28.92,305.16,362.36,0
2026-01-13 22:10:00,80.7,74.97,82.2,157.55,52.49,15.06,53.74,419.86,0
2026-01-13 22:15:00,80.22,62.17,58.18,95.19,28.92,22.18,57.35,50.0,0
2026-01-13 22:20:00,59.98,85.21,61.64,107.26,54.12,4.18,130.7,337.48,0
2026-01-13 22:25:00,89.74,80.64,45.59,154.07,28.07,19.17,495.78,197.39,0
2026-01-13 22:30:00,66.57,91.6,91.81,77.45,39.87,15.05,0.0,183.47,0
2026-01-13 22:35:00,74.65,56.08,64.47,88.43,39.0,17.92,166.49,251.75,0
2026-01-13 22:40:00,67.64,73.73,79.24,130.63,17.81,39.47,245.24,368.53,0
2026-01-13 22:45:00,66.94,46.65,62.48,193.62,20.14,30.66,460.09,244.02,0
2026-01-13 22:50:00,47.28,79.99,63.36,164.47,79.68,24.5,600.63,52.08,0
2026-01-13 22:55:00,76.03,67.59,38.0,179.15,17.16,24.66,174.04,367.34,0
2026-01-13 23:00:00,100.0,73.06,27.59,123.48,42.4,4.09,347.08,297.4,0
2026-01-13 23:05:00,54.5,65.37,82.03,202.23,46.6,9.35,232.98,209.26,0
2026-01-13 23:10:00,63.42,63.48,63.25,24.23,33.92,0.0,231.83,303.83,0
2026-01-13 23:15:00,53.08,52.37,65.3,231.22,48.43,0.0,299.19,297.82,0
2026-01-13 23:20:00,52.24,82.23,42.02,238.35,41.58,4.36,0.0,356.6,0
2026-01-13 23:25:00,92.89,94.81,47.55,145.11,17.59,14.65,241.38,312.82,0
2026-01-13 23:30:00,48.54,57.98,79.0,165.77,45.74,0.3,331.14,374.81,0
2026-01-13 23:35:00,52.52,77.96,89.84,117.91,24.11,14.53,95.24,342.71,0
2026-01-13 23:40:00,30.25,75.78,52.06,108.47,69.81,13.15,332.33,472.95,0
2026-01-13 23:45:00,46.85,68.15,72.74,86.4,43.58,1.39,0.0,587.71,0
2026-01-13 23:50:00,27.83,40.52,65.04,117.3,21.0,33.31,266.84,347.73,0
2026-01-13 23:55:00,74.64,44.57,60.07,150.58,41.85,0.0,491.59,256.76,0
2026-01-14 00:00:00,100.0,53.94,91.63,143.09,16.5,28.41,210.65,134.47,1
2026-01-14 00:05:00,54.67,29.5,54.75,229.26,40.16,0.0,73.93,446.95,0
2026-01-14 00:10:00,28.66,93.34,81.85,125.52,30.49,13.29,0.0,214.63,0
2026-01-14 00:15:00,80.0,74.62,68.1,38.11,18.46,0.63,320.29,702.13,0
2026-01-14 00:20:00,47.46,67.46,61.73,210.44,18.21,7.15,417.04,766.88,0
2026-01-14 00:25:00,87.99,28.58,83.95,52.85,83.7,36.72,239.9,318.05,1
2026-01-14 00:30:00,56.36,35.17,66.64,89.23,36.83,10.84,166.54,100.25,0
2026-01-14 00:35:00,49.36,67.96,60.46,134.95,26.37,1.75,0.0,448.07,0
2026-01-14 00:40:00,58.44,100.0,84.07,142.94,22.9,20.85,272.33,664.82,0
2026-01-14 00:45:00,77.16,55.42,81.99,40.5,44.42,10.73,125.93,153.16,0
2026-01-14 00:50:00,57.45,83.55,81.23,78.94,22.23,16.81,136.28,634.71,0
2026-01-14 00:55:00,52.07,59.36,20.0,38.56,13.11,4.03,540.95,72.65,0
2026-01-14 01:00:00,58.02,68.99,69.04,154.19,34.35,4.62,0.0,131.87,0
2026-01-14 01:05:00,36.56,89.86,65.39,185.09,34.2,5.55,0.0,396.34,0
2026-01-14 01:10:00,69.94,61.77,61.44,52.8,26.66,24.58,291.64,502.51,0
2026-01-14 01:15:00,26.27,55.58,71.76,174.76,17.17,12.28,180.64,340.03,0
2026-01-14 01:20:00,53.12,93.53,66.17,171.19,27.18,2.42,156.62,417.41,0
2026-01-14 01:25:00,77.19,68.82,72.84,83.75,25.61,16.94,299.08,515.66,0
2026-01-14 01:30:00,68.06,87.64,57.71,10.96,22.83,15.95,296.06,533.03,0
2026-01-14 01:35:00,73.81,55.67,85.97,61.08,40.53,21.88,74.75,256.66,0
2026-01-14 01:40:00,60.7,93.32,74.46,87.26,79.52,9.22,143.49,220.48,0
2026-01-14 01:45:00,85.39,72.93,70.68,204.79,61.64,14.07,258.92,508.04,0
2026-01-14 01:50:00,80.49,75.83,69.9,113.49,73.84,20.06,280.07,418.13,0
2026-01-14 01:55:00,70.92,70.37,80.52,64.62,23.65,2.89,336.99,438.31,0
2026-01-14 02:00:00,80.55,58.9,78.35,128.13,68.49,25.63,145.03,250.82,0
2026-01-14 02:05:00,77.01,67.97,60.2,48.76,39.55,15.2,312.47,445.71,0
2026-01-14 02:10:00,53.21,60.03,77.84,148.29,54.73,1.79,421.06,185.83,0
2026-01-14 02:15:00,35.12,85.27,64.78,66.23,44.15,1.7,258.43,387.09,0
2026-01-14 02:20:00,70.41,64.34,92.67,74.21,28.13,13.81,231.49,366.77,0
2026-01-14 02:25:00,72.92,41.06,79.56,140.65,49.39,8.4,207.6,367.8,0
2026-01-14 02:30:00,83.81,37.77,51.99,216.26,44.7,24.06,138.87,467.18,0
2026-01-14 02:35:00,43.27,36.92,99.29,240.88,0.0,11.56,81.16,196.97,0
2026-01-14 02:40:00,43.87,79.12,28.37,62.81,32.52,18.64,196.34,451.54,0
2026-01-14 02:45:00,71.2,47.27,72.2,87.19,52.45,4.82,331.14,353.1,0
2026-01-14 02:50:00,60.58,73.4,50.86,148.35,40.55,14.72,89.95,231.27,0
2026-01-14 02:55:00,24.28,70.46,92.11,184.28,44.39,30.79,236.43,151.73,0
2026-01-14 03:00:00,69.5,66.84,66.04,5.0,19.97,13.22,215.54,633.3,0
2026-01-14 03:05:00,24.95,75.89,49.3,124.8,40.12,8.36,570.01,339.58,0
2026-01-14 03:10:00,43.09,70.85,57.74,93.21,33.07,4.63,380.1,296.75,0
2026-01-14 03:15:00,89.03,19.22,50.58,14.18,30.93,14.77,377.18,178.45,0
2026-01-14 03:20:00,98.5,62.17,57.11,46.46,21.41,31.91,415.61,513.3,0
2026-01-14 03:25:00,37.69,75.65,56.74,88.77,53.3,0.0,151.78,501.66,0
2026-01-14 03:30:00,55.41,97.53,49.98,123.23,41.91,14.4,497.82,472.78,0
2026-01-14 03:35:00,62.85,98.36,66.32,175.45,39.89,0.0,278.65,340.85,0
2026-01-14 03:40:00,97.62,43.46,68.26,139.49,76.02,10.07,241.96,462.69,0
2026-01-14 03:45:00,52.14,61.7,46.06,172.11,44.48,18.15,31.35,226.43,0
2026-01-14 03:50:00,52.46,39.81,35.47,121.47,59.01,0.0,177.71,382.64,0
2026-01-14 03:55:00,92.97,95.36,66.98,81.23,40.46,9.66,0.0,341.85,0
2026-01-14 04:00:00,54.5,86.23,70.51,109.89,27.94,18.49,205.33,390.06,0
2026-01-14 04:05:00,76.44,74.31,73.68,158.25,13.82,16.57,146.27,78.03,0
2026-01-14 04:10:00,32.46,70.99,70.82,176.79,39.83,19.07,178.3,630.45,0
2026-01-14 04:15:00,58.58,92.85,87.16,111.87,0.0,3.3,0.53,592.78,0
2026-01-14 04:20:00,28.81,89.8,77.95,68.9,40.45,18.48,376.65,177.49,0
2026-01-14 04:25:00,40.89,88.84,104.88,138.46,41.31,7.8,356.66,436.6,0
2026-01-14 04:30:00,78.78,76.22,105.0,146.29,30.65,23.57,554.16,126.95,0
2026-01-14 04:35:00,61.0,61.71,33.87,187.8,33.15,0.0,549.06,362.58,0
2026-01-14 04:40:00,55.62,81.81,26.85,82.67,9.98,11.52,278.12,50.0,0
2026-01-14 04:45:00,47.03,82.69,61.88,83.27,62.71,16.19,434.21,306.18,0
2026-01-14 04:50:00,57.59,64.57,70.07,161.59,28.25,31.19,297.04,276.84,0
2026-01-14 04:55:00,68.02,61.68,60.79,97.59,15.56,16.04,173.08,523.51,0
2026-01-14 05:00:00,81.66,88.4,73.26,95.27,45.89,17.26,199.94,600.27,0
2026-01-14 05:05:00,9.5,97.95,57.68,188.98,37.22,19.51,365.01,603.65,0
2026-01-14 05:10:00,45.36,54.51,50.9,44.59,27.83,30.04,985.83,523.74,0
2026-01-14 05:15:00,65.18,63.26,53.31,233.09,25.72,10.42,460.04,362.36,0
2026-01-14 05:20:00,60.02,74.32,58.8,86.31,34.89,0.0,294.35,408.24,0
2026-01-14 05:25:00,70.07,76.76,75.5,167.67,61.92,0.0,337.08,407.52,0
2026-01-14 05:30:00,67.35,58.6,54.21,114.02,44.39,22.97,335.48,172.95,0
2026-01-14 05:35:00,55.9,100.0,57.38,134.92,34.31,17.68,233.75,521.89,0
2026-01-14 05:40:00,51.46,75.6,71.12,105.55,52.05,11.92,386.16,453.51,0
2026-01-14 05:45:00,57.09,77.56,58.82,167.11,35.55,7.97,222.02,460.48,0
2026-01-14 05:50:00,84.97,99.66,79.87,100.9,43.03,17.17,67.93,50.0,0
2026-01-14 05:55:00,47.36,59.92,47.29,88.49,38.02,17.52,336.7,417.91,0
2026-01-14 06:00:00,60.74,66.41,43.82,219.73,46.8,20.76,360.76,500.85,0
2026-01-14 06:05:00,65.67,45.44,66.87,121.62,26.12,1.7,223.76,347.71,0
2026-01-14 06:10:00,93.21,64.9,68.47,82.84,12.21,0.0,305.77,274.89,0
2026-01-14 06:15:00,55.99,41.2,48.16,38.03,53.14,4.04,422.96,145.64,0
2026-01-14 06:20:00,81.18,81.46,83.5,222.61,65.1,0.0,240.67,134.88,0
2026-01-14 06:25:00,86.64,75.56,92.8,89.64,13.16,0.0,169.54,373.15,1
2026-01-14 06:30:00,60.72,63.01,51.95,233.4,38.59,33.84,122.32,314.79,0
2026-01-14 06:35:00,57.79,66.19,85.8,141.94,26.02,0.0,204.32,312.68,0
2026-01-14 06:40:00,55.42,81.71,23.89,127.86,52.67,20.64,526.28,579.34,0
2026-01-14 06:45:00,56.88,47.56,79.22,129.34,39.93,25.88,214.3,161.61,0
2026-01-14 06:50:00,79.08,71.68,48.28,241.88,100.0,26.85,314.7,298.14,0
2026-01-14 06:55:00,66.62,80.59,77.62,5.0,28.97,18.33,191.59,604.12,0
2026-01-14 07:00:00,66.71,35.92,46.62,131.79,65.75,30.84,176.16,303.19,0
2026-01-14 07:05:00,39.5,80.33,60.9,105.41,67.69,36.4,91.73,359.94,0
2026-01-14 07:10:00,42.65,37.87,49.04,108.28,45.67,11.37,268.05,323.74,0
2026-01-14 07:15:00,100.0,65.88,58.58,128.21,35.74,20.37,156.92,455.87,0
2026-01-14 07:20:00,58.44,47.06,91.28,105.36,36.9,30.31,479.26,50.0,0
2026-01-14 07:25:00,46.5,93.76,60.27,130.35,35.2,4.66,230.65,319.5,0
2026-01-14 07:30:00,90.62,47.17,95.76,118.7,57.67,12.06,241.98,358.17,1
2026-01-14 07:35:00,67.64,38.3,55.83,47.75,17.55,7.49,217.57,200.27,0
2026-01-14 07:40:00,73.56,70.4,85.87,140.98,31.78,20.53,316.79,401.54,0
2026-01-14 07:45:00,59.24,60.55,35.99,159.38,29.36,0.0,518.36,467.96,0
2026-01-14 07:50:00,55.63,40.92,57.42,90.19,0.48,32.24,62.84,417.79,0
2026-01-14 07:55:00,58.61,77.46,53.42,222.73,52.18,21.41,300.01,616.89,0
2026-01-14 08:00:00,34.35,32.15,86.6,193.46,56.26,22.08,0.0,285.0,0
2026-01-14 08:05:00,60.24,49.35,64.96,166.42,22.32,0.0,470.18,424.79,0
2026-01-14 08:10:00,67.92,57.65,28.59,165.75,55.6,2.52,230.54,421.41,0
2026-01-14 08:15:00,99.01,82.44,41.04,121.66,3.33,32.89,0.0,314.66,0
2026-01-14 08:20:00,63.72,91.32,45.8,182.78,35.48,12.87,20.36,520.01,0
2026-01-14 08:25:00,15.32,87.85,76.94,206.39,32.47,0.0,396.5,393.24,0
2026-01-14 08:30:00,60.12,65.24,74.88,164.44,36.75,17.66,0.0,169.84,0
2026-01-14 08:35:00,100.0,24.31,57.19,88.63,36.65,23.15,300.09,462.59,0
2026-01-14 08:40:00,79.33,75.04,53.22,117.82,33.46,21.38,172.86,275.09,0
2026-01-14 08:45:00,45.78,94.47,73.46,151.55,27.24,13.2,214.94,301.59,0
2026-01-14 08:50:00,73.82,90.21,43.93,166.08,32.83,28.63,128.71,312.7,0
2026-01-14 08:55:00,47.16,76.33,69.32,115.74,62.26,6.58,78.49,460.29,0
2026-01-14 09:00:00,34.92,46.59,67.96,88.83,23.43,21.48,162.26,511.85,0
2026-01-14 09:05:00,55.03,58.54,57.61,207.13,80.11,16.62,352.95,326.08,0
2026-01-14 09:10:00,63.83,100.0,68.36,61.02,22.3,13.4,197.33,317.47,0
2026-01-14 09:15:00,24.56,42.5,63.63,68.23,39.8,10.45,325.82,50.0,0
2026-01-14 09:20:00,39.02,47.34,69.96,47.01,46.42,10.88,206.4,243.53,0
2026-01-14 09:25:00,62.21,84.97,40.65,68.1,29.16,15.39,360.02,207.99,0
2026-01-14 09:30:00,53.84,60.24,71.83,188.6,62.65,11.49,324.69,396.68,0
2026-01-14 09:35:00,69.9,46.73,78.43,190.45,45.9,23.8,152.67,333.94,0
2026-01-14 09:40:00,37.71,95.5,67.14,115.93,30.9,8.57,78.34,213.67,0
2026-01-14 09:45:00,76.28,76.3,71.62,147.3,62.43,33.82,422.02,372.91,0
2026-01-14 09:50:00,38.32,61.13,60.24,119.42,14.69,8.03,103.59,339.85,0
2026-01-14 09:55:00,94.85,47.38,76.26,54.44,23.69,26.04,340.14,50.0,0
2026-01-14 10:00:00,27.68,100.0,63.04,242.0,46.25,26.56,255.6,516.19,1
2026-01-14 10:05:00,40.15,67.56,43.63,195.61,51.03,16.99,166.65,501.63,0
2026-01-14 10:10:00,70.35,93.15,75.12,139.49,41.45,15.92,327.3,314.31,0
2026-01-14 10:15:00,95.28,84.09,35.85,72.93,32.46,6.25,496.22,402.89,0
2026-01-14 10:20:00,68.3,58.62,66.52,107.63,29.97,8.8,362.59,301.21,0
2026-01-14 10:25:00,73.26,58.77,55.85,81.92,57.63,17.64,273.27,109.33,0
2026-01-14 10:30:00,62.35,94.03,54.83,125.37,39.81,14.46,541.87,674.56,0
2026-01-14 10:35:00,41.47,94.33,64.75,137.05,17.56,29.2,0.0,462.46,0
2026-01-14 10:40:00,52.2,34.22,50.65,101.24,16.4,9.54,49.8,491.09,0
2026-01-14 10:45:00,37.76,77.9,70.2,40.01,65.27,10.27,166.4,307.32,0
2026-01-14 10:50:00,36.43,65.82,62.91,237.26,20.62,0.0,505.48,518.9,0
2026-01-14 10:55:00,70.03,49.4,52.12,133.06,40.45,22.72,419.71,144.47,0
2026-01-14 11:00:00,39.54,72.71,83.41,145.11,62.02,21.64,0.0,313.18,0
2026-01-14 11:05:00,68.39,43.71,65.28,96.77,45.84,26.72,171.45,460.97,0
2026-01-14 11:10:00,35.96,59.6,72.09,34.09,19.85,27.4,11.71,255.98,0
2026-01-14 11:15:00,67.93,53.63,84.67,115.42,14.69,24.47,242.72,486.61,0
2026-01-14 11:20:00,52.23,59.0,84.4,102.22,72.4,24.97,412.33,395.56,0
2026-01-14 11:25:00,90.13,66.71,71.28,159.02,14.18,22.32,425.62,381.44,0
2026-01-14 11:30:00,68.47,49.72,57.16,169.83,23.93,24.17,298.24,241.99,0
2026-01-14 11:35:00,86.72,96.32,39.12,162.08,42.45,0.0,173.5,410.66,0
2026-01-14 11:40:00,46.89,76.88,65.31,174.35,30.62,1.8,232.83,639.88,0
2026-01-14 11:45:00,63.12,100.0,79.51,219.2,46.48,0.0,372.99,376.29,1
2026-01-14 11:50:00,42.38,65.12,67.67,141.44,5.64,30.24,672.51,433.39,0
2026-01-14 11:55:00,53.73,58.12,20.0,180.46,30.79,5.6,36.68,455.53,0
2026-01-14 12:00:00,56.76,99.65,75.92,147.16,48.55,7.53,535.99,178.34,0
2026-01-14 12:05:00,47.48,57.59,76.9,15.5,48.62,15.08,293.93,330.11,0
2026-01-14 12:10:00,37.69,64.79,57.18,111.5,23.55,0.08,397.65,325.55,0
2026-01-14 12:15:00,33.73,80.96,77.81,72.28,14.57,19.57,283.33,50.0,0
2026-01-14 12:20:00,15.21,45.72,72.05,132.73,39.27,0.0,502.75,468.35,0
2026-01-14 12:25:00,40.87,80.8,51.03,76.49,8.75,0.87,309.34,210.23,0
2026-01-14 12:30:00,74.55,78.5,82.34,153.31,60.69,17.39,133.22,451.94,0
2026-01-14 12:35:00,30.03,90.85,41.72,173.96,38.15,0.1,331.02,236.3,0
2026-01-14 12:40:00,34.64,84.02,61.08,186.2,21.06,30.59,452.82,656.32,0
2026-01-14 12:45:00,97.82,91.4,59.49,209.06,13.91,15.56,250.04,308.22,1
2026-01-14 12:50:00,49.27,66.01,48.79,27.82,22.34,28.58,0.0,638.17,0
2026-01-14 12:55:00,68.42,52.47,66.86,54.05,3.76,19.29,229.31,324.09,0
2026-01-14 13:00:00,74.85,100.0,82.97,281.03,44.9,14.86,267.65,341.98,1
2026-01-14 13:05:00,75.25,40.52,81.96,175.52,18.94,3.04,241.91,584.99,0
2026-01-14 13:10:00,31.55,42.32,73.58,132.34,42.99,26.15,160.81,212.36,0
2026-01-14 13:15:00,57.38,78.17,34.87,121.76,45.75,20.3,488.14,357.49,0
2026-01-14 13:20:00,29.64,97.25,40.62,116.87,54.32,40.02,0.0,430.93,0
2026-01-14 13:25:00,100.0,71.41,64.66,13.64,40.04,24.94,266.92,410.57,0
2026-01-14 13:30:00,30.1,85.99,61.45,77.52,57.5,10.23,269.44,356.45,0
2026-01-14 13:35:00,41.04,32.08,54.03,113.85,62.72,18.47,627.07,335.85,0
2026-01-14 13:40:00,41.19,59.01,92.49,80.63,40.16,20.07,247.4,476.97,0
2026-01-14 13:45:00,32.07,34.27,63.69,87.82,41.37,28.96,330.21,376.52,0
2026-01-14 13:50:00,89.05,82.05,70.68,260.73,23.85,30.86,272.5,494.96,0
2026-01-14 13:55:00,100.0,40.15,77.81,106.16,15.25,13.06,267.0,408.78,0
2026-01-14 14:00:00,52.49,45.0,62.88,135.3,60.64,0.41,567.33,447.53,0
2026-01-14 14:05:00,35.59,77.25,103.46,133.34,47.11,0.0,49.9,520.03,0
2026-01-14 14:10:00,17.26,87.11,46.95,152.42,48.74,1.33,129.9,303.49,0
2026-01-14 14:15:00,57.12,65.14,52.3,93.75,23.19,7.9,385.75,515.97,0
2026-01-14 14:20:00,55.67,78.26,46.91,188.58,67.48,33.05,296.23,326.48,0
2026-01-14 14:25:00,48.97,77.68,87.0,144.4,30.43,33.23,199.02,139.9,0
2026-01-14 14:30:00,66.43,64.12,74.83,49.21,18.96,26.52,237.3,300.62,0
2026-01-14 14:35:00,69.9,48.3,53.29,114.09,23.53,29.76,414.51,241.59,0
2026-01-14 14:40:00,68.46,78.17,48.18,110.53,66.42,6.51,337.32,406.3,0
2026-01-14 14:45:00,55.68,79.04,84.16,108.0,12.78,0.0,121.67,307.13,0
2026-01-14 14:50:00,39.97,84.09,67.79,148.01,19.98,2.92,292.8,369.18,0
2026-01-14 14:55:00,75.32,73.62,84.57,154.91,92.97,0.0,241.04,502.13,0
2026-01-14 15:00:00,62.25,46.97,61.04,148.42,53.82,1.63,334.68,572.87,0
2026-01-14 15:05:00,79.77,80.43,70.18,138.64,20.34,8.93,192.21,393.91,0
2026-01-14 15:10:00,77.8,67.98,66.8,124.71,13.37,17.0,32.5,512.85,0
2026-01-14 15:15:00,33.56,59.31,52.01,5.0,1.55,16.63,371.03,323.43,0
2026-01-14 15:20:00,33.32,62.7,59.69,162.78,36.94,6.72,348.75,115.53,0
2026-01-14 15:25:00,46.89,55.58,43.05,146.86,49.56,21.83,504.75,173.1,0
2026-01-14 15:30:00,40.87,84.0,69.91,65.84,65.38,6.95,13.08,320.64,0
2026-01-14 15:35:00,77.11,42.47,74.18,135.43,0.0,15.12,237.33,469.34,0
2026-01-14 15:40:00,69.03,50.12,77.84,155.64,8.49,1.68,208.53,321.07,0
2026-01-14 15:45:00,83.98,62.08,72.66,184.42,32.61,28.06,178.68,527.88,0
2026-01-14 15:50:00,69.93,97.05,59.95,148.07,90.75,15.25,0.0,624.75,0
2026-01-14 15:55:00,66.17,86.98,86.83,137.69,52.72,23.15,58.07,216.76,0
2026-01-14 16:00:00,85.99,38.46,76.28,172.07,42.46,0.41,298.69,668.73,0
2026-01-14 16:05:00,71.39,92.32,84.22,103.14,10.5,17.09,160.05,104.79,0
2026-01-14 16:10:00,63.36,92.29,85.22,142.66,0.0,21.87,101.25,627.33,0
2026-01-14 16:15:00,91.61,46.87,59.99,85.84,35.78,0.0,507.47,344.97,0
2026-01-14 16:20:00,64.3,22.61,68.21,181.07,33.01,29.02,677.27,315.07,0
2026-01-14 16:25:00,55.91,66.7,74.39,31.47,29.64,0.01,239.84,348.8,0
2026-01-14 16:30:00,45.24,88.2,43.61,164.92,27.39,17.53,0.0,230.0,0
2026-01-14 16:35:00,76.06,96.64,43.97,120.97,20.03,36.45,321.35,575.23,0
2026-01-14 16:40:00,86.74,52.33,41.21,173.1,15.45,26.46,0.0,246.2,0
2026-01-14 16:45:00,60.99,99.54,60.27,77.07,62.79,0.0,6.97,265.32,0
2026-01-14 16:50:00,88.16,27.9,56.67,124.95,17.27,12.86,324.46,143.11,0
2026-01-14 16:55:00,22.6,61.38,39.03,123.33,29.48,29.8,0.93,240.4,0
2026-01-14 17:00:00,60.89,60.49,64.39,143.86,34.22,5.2,196.71,244.96,0
2026-01-14 17:05:00,61.2,88.74,60.47,62.38,49.13,10.68,0.0,234.9,0
2026-01-14 17:10:00,47.46,91.37,80.92,154.99,17.96,10.35,260.13,323.64,0
2026-01-14 17:15:00,100.0,85.18,94.21,18.48,54.56,21.84,452.18,182.79,1
2026-01-14 17:20:00,60.68,43.69,69.3,83.27,23.41,0.0,139.69,589.18,0
2026-01-14 17:25:00,53.85,83.53,50.85,34.05,31.76,22.51,246.51,327.08,0
2026-01-14 17:30:00,62.52,77.16,72.35,165.55,67.86,7.53,103.15,406.11,0
2026-01-14 17:35:00,21.94,37.92,62.15,142.01,15.62,14.86,115.76,479.27,0
2026-01-14 17:40:00,46.8,30.79,58.16,145.08,49.42,12.3,100.35,653.74,0
2026-01-14 17:45:00,81.66,86.68,48.21,201.03,55.09,22.2,391.47,486.48,0
2026-01-14 17:50:00,49.42,64.76,54.57,102.62,41.2,14.75,0.0,312.83,0
2026-01-14 17:55:00,45.42,44.87,59.16,153.53,32.65,32.29,190.27,189.09,0
2026-01-14 18:00:00,88.19,64.25,74.87,123.63,77.51,26.87,323.77,400.71,0
2026-01-14 18:05:00,88.81,74.55,70.18,115.26,34.72,5.46,413.76,509.34,0
2026-01-14 18:10:00,72.34,66.51,91.21,191.86,39.08,31.38,329.31,371.29,0
2026-01-14 18:15:00,52.9,40.06,72.79,234.5,28.27,18.83,236.93,359.78,0
2026-01-14 18:20:00,57.21,100.0,68.79,96.27,38.02,17.04,147.6,382.02,0
2026-01-14 18:25:00,45.92,86.08,57.1,165.85,54.28,25.18,416.56,69.53,0
2026-01-14 18:30:00,42.1,61.96,45.4,137.55,29.49,2.51,93.9,371.97,0
2026-01-14 18:35:00,41.11,62.69,52.88,138.21,0.0,0.0,96.6,459.84,0
2026-01-14 18:40:00,49.64,74.47,50.8,133.59,45.27,15.3,493.45,343.15,0
2026-01-14 18:45:00,41.31,47.67,21.03,101.68,13.43,7.72,314.85,518.53,0
2026-01-14 18:50:00,30.73,73.81,45.86,5.0,49.84,39.88,321.21,523.53,0
2026-01-14 18:55:00,66.39,44.05,87.64,204.41,34.97,5.83,357.74,274.42,0
2026-01-14 19:00:00,66.69,66.73,67.9,81.79,53.86,15.48,232.93,416.27,0
2026-01-14 19:05:00,96.02,46.97,55.98,106.71,16.03,17.3,0.0,356.41,0
2026-01-14 19:10:00,48.63,47.87,68.38,107.88,24.3,29.78,295.21,50.0,0
2026-01-14 19:15:00,67.92,97.62,30.75,76.89,28.2,3.07,246.72,321.92,0
2026-01-14 19:20:00,68.25,69.07,66.51,133.21,5.35,0.0,95.37,195.36,0
2026-01-14 19:25:00,56.92,71.73,82.44,117.56,57.23,31.73,53.97,370.1,0
2026-01-14 19:30:00,76.89,31.8,60.06,80.59,2.49,15.97,241.62,452.41,0
2026-01-14 19:35:00,77.5,57.25,33.65,128.21,56.95,24.72,5.6,317.36,0
2026-01-14 19:40:00,68.55,76.3,55.38,118.18,43.49,25.28,224.19,214.99,0
2026-01-14 19:45:00,56.89,71.49,82.47,171.03,31.02,27.36,202.47,385.09,0
2026-01-14 19:50:00,54.85,29.23,66.14,46.28,41.9,10.47,228.55,716.56,0
2026-01-14 19:55:00,34.64,71.73,39.31,75.7,41.35,7.21,322.48,50.0,0
2026-01-14 20:00:00,45.88,74.6,99.88,159.89,26.99,0.0,361.95,384.92,0
2026-01-14 20:05:00,49.56,91.11,41.94,84.81,40.96,3.06,121.93,268.43,0
2026-01-14 20:10:00,39.52,56.21,58.11,70.31,49.62,15.75,406.56,286.09,0
2026-01-14 20:15:00,70.8,27.64,45.4,87.53,16.11,6.58,210.51,334.3,0
2026-01-14 20:20:00,85.93,50.06,45.42,114.45,41.92,1.31,565.59,298.39,0
2026-01-14 20:25:00,43.84,48.25,54.77,114.66,0.0,15.61,144.62,440.27,0
2026-01-14 20:30:00,67.67,81.26,72.18,108.45,0.0,31.12,0.0,313.73,0
2026-01-14 20:35:00,41.32,19.1,82.65,63.43,46.29,14.33,400.06,50.0,0
2026-01-14 20:40:00,55.9,59.93,55.82,162.52,26.64,1.41,326.61,541.95,0
2026-01-14 20:45:00,48.19,93.66,45.84,192.94,17.93,30.27,466.3,519.39,0
2026-01-14 20:50:00,74.04,68.13,69.66,14.93,33.94,5.71,305.74,258.99,0
2026-01-14 20:55:00,48.42,84.13,70.13,34.56,27.08,32.75,671.2,357.47,0
2026-01-14 21:00:00,82.23,38.45,65.85,175.16,15.23,11.84,216.0,532.64,0
2026-01-14 21:05:00,57.09,39.16,66.41,206.34,2.22,16.24,438.33,504.97,0
2026-01-14 21:10:00,49.01,93.87,60.2,5.0,0.0,33.73,155.42,553.61,0
2026-01-14 21:15:00,36.93,69.82,63.57,164.85,49.78,0.0,338.52,406.17,0
2026-01-14 21:20:00,67.06,69.86,59.09,210.08,26.55,2.4,372.04,465.43,0
2026-01-14 21:25:00,79.9,47.87,79.12,72.57,54.39,11.08,399.86,561.32,0
2026-01-14 21:30:00,67.47,69.81,97.66,206.88,26.35,13.32,389.74,298.51,0
2026-01-14 21:35:00,100.0,47.37,64.87,110.21,42.1,46.7,0.0,416.09,0
2026-01-14 21:40:00,90.6,89.36,61.89,137.31,32.49,4.34,237.64,50.0,0
2026-01-14 21:45:00,55.85,100.0,66.09,80.44,35.89,0.0,146.48,113.02,0
2026-01-14 21:50:00,55.64,76.71,51.47,175.06,36.86,3.77,181.98,425.0,0
2026-01-14 21:55:00,71.39,56.57,74.24,165.89,26.09,17.79,198.99,447.9,0
2026-01-14 22:00:00,45.24,22.39,69.06,214.86,10.41,20.9,425.95,291.91,0
2026-01-14 22:05:00,85.33,37.68,55.27,199.23,50.32,6.51,286.46,259.04,0
2026-01-14 22:10:00,69.23,95.99,76.43,119.5,66.87,15.25,158.65,296.66,0
2026-01-14 22:15:00,67.13,49.47,62.3,290.96,68.18,38.34,0.0,378.78,0
2026-01-14 22:20:00,75.74,61.32,46.48,194.29,23.93,15.42,525.95,50.0,0
2026-01-14 22:25:00,96.46,79.8,67.63,149.73,20.34,18.85,133.48,419.84,0
2026-01-14 22:30:00,65.42,94.68,65.79,65.16,23.91,37.67,226.47,354.86,0
2026-01-14 22:35:00,59.74,64.41,77.37,35.85,31.48,6.62,635.0,387.11,0
2026-01-14 22:40:00,92.17,60.72,75.3,40.52,33.95,5.84,138.38,331.44,0
2026-01-14 22:45:00,81.35,69.29,60.25,68.65,15.04,9.36,200.38,142.54,0
2026-01-14 22:50:00,55.58,56.7,54.45,195.75,5.41,8.67,291.79,185.27,0
2026-01-14 22:55:00,62.1,57.67,62.03,146.79,36.0,0.0,0.0,578.52,0
2026-01-14 23:00:00,65.91,75.41,67.81,86.26,0.0,16.66,0.0,253.61,0
2026-01-14 23:05:00,69.24,71.34,69.74,112.53,32.99,17.6,163.31,471.17,0
2026-01-14 23:10:00,34.87,100.0,66.82,105.82,16.11,12.77,169.54,187.65,0
2026-01-14 23:15:00,31.15,75.9,60.55,164.0,50.6,17.97,274.16,347.75,0
2026-01-14 23:20:00,44.25,88.72,77.95,71.67,55.95,18.1,73.96,283.9,0
2026-01-14 23:25:00,42.71,48.72,51.21,139.23,56.42,0.0,328.12,306.88,0
2026-01-14 23:30:00,49.12,77.45,101.67,136.5,28.07,18.46,0.0,299.0,0
2026-01-14 23:35:00,74.69,54.99,74.21,73.31,12.3,21.7,237.35,566.59,0
2026-01-14 23:40:00,58.62,75.12,43.96,207.34,18.71,0.0,314.83,639.12,0
2026-01-14 23:45:00,65.93,80.39,64.96,103.74,40.75,32.56,309.12,385.64,0
2026-01-14 23:50:00,37.51,68.9,74.36,65.4,2.08,0.17,220.7,288.1,0
2026-01-14 23:55:00,52.77,100.0,56.41,166.91,62.87,1.34,131.14,150.62,0
2026-01-15 00:00:00,73.75,93.7,38.08,123.0,28.39,17.42,215.46,140.29,0
2026-01-15 00:05:00,73.9,89.19,45.37,142.46,45.0,21.42,472.11,567.4,0
2026-01-15 00:10:00,47.51,81.76,70.67,54.84,0.0,24.33,142.1,129.71,0
2026-01-15 00:15:00,65.23,99.74,33.93,164.68,16.48,21.73,426.06,283.95,0
2026-01-15 00:20:00,100.0,42.13,38.81,239.48,0.0,8.76,454.7,373.3,0
2026-01-15 00:25:00,61.65,92.67,70.59,50.54,55.42,16.3,0.0,50.0,0
2026-01-15 00:30:00,48.14,50.16,58.44,139.48,31.8,11.2,226.93,162.41,0
2026-01-15 00:35:00,58.52,57.84,50.87,76.81,46.43,17.09,74.01,149.24,0
2026-01-15 00:40:00,63.84,78.11,54.08,267.93,36.27,15.82,0.0,250.14,0
2026-01-15 00:45:00,58.98,90.2,38.47,188.18,44.37,8.94,392.57,388.8,0
2026-01-15 00:50:00,61.37,47.24,69.75,135.52,28.25,10.83,335.2,504.17,0
2026-01-15 00:55:00,33.13,58.77,49.1,52.47,30.93,0.0,297.42,250.47,0
2026-01-15 01:00:00,42.75,69.76,53.43,65.77,33.17,24.96,54.61,280.75,0
2026-01-15 01:05:00,59.01,64.65,67.55,161.05,43.11,18.57,287.88,332.06,0
2026-01-15 01:10:00,58.69,83.37,57.89,45.06,43.64,0.0,14.12,229.17,0
2026-01-15 01:15:00,50.68,100.0,50.73,46.79,91.23,24.52,263.91,412.67,0
2026-01-15 01:20:00,58.46,75.55,30.17,120.49,68.63,14.36,130.92,417.3,0
2026-01-15 01:25:00,63.22,54.77,67.88,127.34,0.0,3.76,439.14,50.0,0
2026-01-15 01:30:00,79.79,44.66,63.26,140.9,32.14,2.69,184.63,445.91,0
2026-01-15 01:35:00,60.02,62.15,53.72,95.83,26.88,6.74,291.62,369.08,0
2026-01-15 01:40:00,69.98,51.08,45.4,170.61,60.6,3.82,292.01,388.82,0
2026-01-15 01:45:00,51.17,76.42,62.2,72.6,28.69,5.43,236.36,526.94,0
2026-01-15 01:50:00,73.44,76.14,69.69,154.47,44.29,35.41,268.96,82.06,0
2026-01-15 01:55:00,69.51,59.66,63.56,131.78,0.0,19.45,304.68,161.68,0
2026-01-15 02:00:00,79.32,100.0,88.21,153.04,4.73,39.43,88.65,339.46,0
2026-01-15 02:05:00,76.27,54.76,73.28,185.01,76.85,17.71,322.53,50.0,0
2026-01-15 02:10:00,73.77,65.85,60.28,94.96,36.0,21.95,405.5,318.25,0
2026-01-15 02:15:00,60.03,79.5,73.81,83.64,15.03,4.43,321.52,476.91,0
2026-01-15 02:20:00,66.9,84.06,62.78,27.14,39.86,12.98,186.25,409.5,0
2026-01-15 02:25:00,83.27,91.0,62.72,8.95,13.94,14.02,281.39,361.85,0
2026-01-15 02:30:00,48.96,75.71,82.74,110.32,29.33,22.44,184.52,315.09,0
2026-01-15 02:35:00,49.43,86.92,47.63,114.09,5.95,14.41,228.63,285.82,0
2026-01-15 02:40:00,65.63,56.03,62.37,60.27,19.23,19.22,36.22,277.18,0
2026-01-15 02:45:00,70.31,84.53,81.04,72.09,26.67,18.79,498.41,384.31,0
2026-01-15 02:50:00,45.52,84.29,66.94,203.79,57.41,11.37,598.39,117.37,0
2026-01-15 02:55:00,60.5,95.23,56.1,168.17,44.28,10.13,123.29,569.47,0
2026-01-15 03:00:00,60.12,37.97,34.7,50.61,47.77,6.97,391.51,239.35,0
2026-01-15 03:05:00,17.69,51.67,25.67,95.67,34.48,27.99,512.42,433.65,0
2026-01-15 03:10:00,57.61,82.82,95.22,142.33,51.46,11.37,77.63,362.05,0
2026-01-15 03:15:00,58.85,20.28,66.94,85.55,17.53,18.95,0.0,176.95,0
2026-01-15 03:20:00,58.79,76.86,52.65,75.52,20.35,13.12,523.02,543.9,0
2026-01-15 03:25:00,90.32,87.08,67.59,101.4,43.15,27.75,248.14,512.22,0
2026-01-15 03:30:00,37.68,57.63,46.84,179.99,29.42,0.0,156.49,114.4,0
2026-01-15 03:35:00,45.51,60.26,56.7,184.98,34.72,18.64,258.52,338.96,0
2026-01-15 03:40:00,9.76,48.67,46.94,79.55,31.72,0.0,183.57,381.1,0
2026-01-15 03:45:00,52.38,58.61,39.39,145.33,60.07,19.69,782.7,50.0,0
2026-01-15 03:50:00,54.09,59.13,28.32,119.65,61.11,13.24,154.47,50.0,0
2026-01-15 03:55:00,51.8,55.71,36.44,64.55,22.48,0.0,308.92,224.95,0
2026-01-15 04:00:00,84.15,54.72,78.34,103.66,0.0,19.05,482.6,153.02,0
2026-01-15 04:05:00,79.21,63.12,46.21,50.47,20.77,17.69,481.74,193.47,0
2026-01-15 04:10:00,63.56,62.9,70.56,183.97,17.06,12.23,447.28,153.04,0
2026-01-15 04:15:00,54.59,100.0,77.31,205.39,51.63,13.75,173.38,331.64,1
2026-01-15 04:20:00,82.52,60.9,62.27,97.42,53.41,16.94,222.62,216.16,0
2026-01-15 04:25:00,61.6,74.19,57.22,84.3,14.38,29.14,0.0,517.09,0
2026-01-15 04:30:00,45.63,57.62,64.13,178.0,19.91,11.23,236.59,377.04,0
2026-01-15 04:35:00,27.68,57.39,55.33,186.89,5.42,27.16,255.91,469.15,0
2026-01-15 04:40:00,53.17,37.32,81.26,58.71,37.69,14.55,383.51,96.76,0
2026-01-15 04:45:00,77.09,39.72,92.02,111.86,34.1,30.55,573.19,255.77,0
2026-01-15 04:50:00,100.0,46.27,85.2,116.76,50.78,12.18,378.04,370.43,1
2026-01-15 04:55:00,63.23,71.31,27.57,77.61,44.94,7.0,442.72,417.95,0
2026-01-15 05:00:00,46.69,87.37,55.01,141.23,47.2,1.83,246.86,252.85,0
2026-01-15 05:05:00,38.3,35.84,62.07,81.5,4.16,14.59,481.17,274.83,0
2026-01-15 05:10:00,73.04,58.12,69.41,90.29,22.47,5.48,252.0,291.27,0
2026-01-15 05:15:00,26.71,43.4,34.36,114.43,53.98,31.85,455.31,305.32,0
2026-01-15 05:20:00,73.01,63.24,34.1,38.1,24.23,4.55,394.81,674.63,0
2026-01-15 05:25:00,78.35,87.36,82.91,6.9,2.45,6.72,320.69,396.99,0
2026-01-15 05:30:00,70.73,59.96,53.05,170.5,51.16,21.97,0.0,355.98,0
2026-01-15 05:35:00,57.61,67.14,38.2,79.28,23.45,29.23,446.8,161.15,0
2026-01-15 05:40:00,73.3,94.19,44.34,237.42,56.25,23.77,318.06,164.7,1
2026-01-15 05:45:00,65.42,76.24,68.25,228.45,34.63,27.7,376.46,318.02,0
2026-01-15 05:50:00,46.44,54.32,48.84,92.14,29.46,14.04,306.44,519.56,0
2026-01-15 05:55:00,99.01,70.86,65.87,248.65,62.26,14.21,337.47,320.13,0
2026-01-15 06:00:00,54.97,53.1,46.34,171.57,8.95,39.14,484.12,326.55,0
2026-01-15 06:05:00,77.52,75.57,34.09,84.51,63.68,35.28,164.69,238.36,0
2026-01-15 06:10:00,13.63,77.28,84.79,5.0,22.21,23.57,334.17,88.75,0
2026-01-15 06:15:00,87.53,43.39,68.37,157.85,38.25,28.28,110.06,415.53,0
2026-01-15 06:20:00,91.38,71.15,56.66,121.72,38.44,25.3,353.8,311.85,0
2026-01-15 06:25:00,62.6,65.88,53.66,143.72,26.46,0.53,295.23,416.9,0
2026-01-15 06:30:00,73.18,77.8,85.44,107.41,19.76,14.52,136.43,373.19,0
2026-01-15 06:35:00,73.17,82.96,71.46,57.09,27.6,32.96,266.86,205.38,0
2026-01-15 06:40:00,49.14,76.59,80.35,96.51,14.71,23.64,147.63,383.81,0
2026-01-15 06:45:00,72.94,62.54,52.66,158.87,74.24,14.24,181.96,156.34,0
2026-01-15 06:50:00,45.83,84.8,62.81,100.51,25.38,33.11,313.87,382.63,0
2026-01-15 06:55:00,49.82,52.28,68.44,100.18,58.18,19.43,298.31,340.57,0
2026-01-15 07:00:00,84.54,44.23,53.2,36.43,55.54,24.07,0.0,581.09,0
2026-01-15 07:05:00,81.49,10.48,60.47,125.02,42.26,19.49,316.69,219.97,0
2026-01-15 07:10:00,47.87,66.74,52.66,58.84,32.29,21.49,195.4,150.97,0
2026-01-15 07:15:00,47.33,53.21,68.38,170.52,38.88,22.35,175.42,288.03,0
2026-01-15 07:20:00,49.09,75.16,40.86,79.62,46.44,30.6,47.11,441.36,0
2026-01-15 07:25:00,76.65,32.52,71.15,103.74,37.01,32.16,241.83,50.0,0
2026-01-15 07:30:00,42.0,56.35,66.97,239.02,3.67,9.59,155.86,481.33,0
2026-01-15 07:35:00,69.13,76.46,58.75,103.14,0.0,19.27,479.23,318.71,0
2026-01-15 07:40:00,76.94,49.46,69.19,95.77,65.18,30.25,0.0,178.71,0
2026-01-15 07:45:00,60.24,75.37,56.16,152.21,0.0,13.42,76.49,294.82,0
2026-01-15 07:50:00,82.2,57.97,51.28,21.81,38.91,0.0,64.31,238.84,0
2026-01-15 07:55:00,55.91,67.41,70.7,188.79,30.3,4.1,296.56,166.23,0
2026-01-15 08:00:00,57.72,78.71,71.39,174.67,38.22,4.93,461.16,59.21,0
2026-01-15 08:05:00,42.46,85.15,53.88,148.84,12.2,9.5,340.56,459.57,0
2026-01-15 08:10:00,82.34,69.66,52.51,5.0,42.01,6.05,52.96,266.08,0
2026-01-15 08:15:00,46.67,53.35,59.07,105.73,39.12,27.35,172.74,291.28,0
2026-01-15 08:20:00,69.0,59.76,53.17,49.99,90.22,11.68,104.35,476.72,0
2026-01-15 08:25:00,60.57,79.47,86.4,181.83,37.6,30.13,341.39,358.38,0
2026-01-15 08:30:00,40.94,49.62,67.06,177.89,61.96,1.44,169.08,116.09,0
2026-01-15 08:35:00,49.82,64.79,62.23,141.34,5.03,10.76,0.0,450.92,0
2026-01-15 08:40:00,89.66,61.05,47.08,53.83,55.4,16.25,355.25,572.58,0
2026-01-15 08:45:00,66.03,66.14,73.82,202.19,39.53,24.73,477.39,425.46,0
2026-01-15 08:50:00,41.82,49.83,52.21,105.58,40.39,28.72,217.84,220.25,0
2026-01-15 08:55:00,68.11,34.67,51.56,219.3,40.67,8.54,271.67,129.08,0
2026-01-15 09:00:00,59.08,77.37,74.36,134.6,69.13,26.92,0.0,214.79,0
2026-01-15 09:05:00,100.0,85.35,68.2,147.87,40.1,0.0,0.0,365.45,0
2026-01-15 09:10:00,67.7,35.74,21.94,94.68,19.32,25.46,0.0,563.94,0
2026-01-15 09:15:00,54.39,74.64,59.48,197.38,22.68,0.0,241.95,236.1,0
2026-01-15 09:20:00,90.4,87.5,64.01,153.46,51.34,20.36,194.57,252.66,0
2026-01-15 09:25:00,25.18,78.73,56.57,199.36,43.95,28.55,348.32,503.22,0
2026-01-15 09:30:00,63.89,60.5,64.57,129.76,4.39,25.65,214.42,284.9,0
2026-01-15 09:35:00,100.0,51.02,33.04,117.41,45.29,0.0,427.8,607.1,0
2026-01-15 09:40:00,59.68,69.46,20.0,152.73,13.35,9.63,407.01,327.78,0
2026-01-15 09:45:00,27.33,72.46,46.39,199.34,43.77,23.6,191.96,525.17,0
2026-01-15 09:50:00,54.08,69.72,66.52,175.92,18.89,23.26,69.38,407.42,0
2026-01-15 09:55:00,91.09,64.76,20.0,127.6,29.37,18.31,0.0,456.06,0
2026-01-15 10:00:00,69.52,48.51,48.5,17.85,24.1,0.0,508.04,323.44,0
2026-01-15 10:05:00,45.22,75.61,31.24,164.57,65.38,29.38,80.35,333.25,0
2026-01-15 10:10:00,48.3,76.48,58.12,40.87,43.04,31.52,0.0,412.84,0
2026-01-15 10:15:00,50.81,71.61,93.33,121.93,60.22,16.96,273.37,469.72,0
2026-01-15 10:20:00,69.22,70.0,58.53,113.63,92.9,17.74,0.0,428.91,0
2026-01-15 10:25:00,88.76,98.23,60.28,42.02,35.94,21.04,273.19,84.88,0
2026-01-15 10:30:00,83.05,56.76,75.43,140.49,65.04,32.53,189.46,388.65,0
2026-01-15 10:35:00,71.12,91.07,62.34,238.49,21.01,18.01,416.26,251.51,1
2026-01-15 10:40:00,35.37,54.79,58.56,102.81,60.1,12.71,400.61,268.12,0
2026-01-15 10:45:00,35.44,87.96,76.83,162.12,18.85,19.58,448.6,418.63,0
2026-01-15 10:50:00,72.67,90.2,69.55,249.56,34.63,14.87,287.13,604.69,1
2026-01-15 10:55:00,35.09,62.73,66.62,167.44,45.74,15.0,95.5,315.19,0
2026-01-15 11:00:00,57.49,97.9,59.78,84.53,48.88,0.0,63.36,645.93,0
2026-01-15 11:05:00,68.08,76.44,56.46,133.04,9.55,21.27,154.47,185.45,0
2026-01-15 11:10:00,39.25,52.21,76.67,146.44,17.66,29.06,608.97,534.76,0
2026-01-15 11:15:00,41.51,61.27,56.62,198.86,47.23,27.24,205.15,414.6,0
2026-01-15 11:20:00,60.12,88.39,81.7,186.77,27.65,26.41,278.98,381.28,0
2026-01-15 11:25:00,72.07,84.62,45.25,5.0,7.05,14.36,523.35,557.47,0
2026-01-15 11:30:00,83.23,48.96,84.94,72.91,33.58,16.75,295.83,254.52,0
2026-01-15 11:35:00,74.14,65.49,69.55,116.15,32.62,29.3,115.24,541.64,0
2026-01-15 11:40:00,63.47,71.66,46.5,64.16,38.54,25.41,381.43,318.75,0
2026-01-15 11:45:00,47.08,58.86,70.14,5.0,45.58,32.84,172.87,253.68,0
2026-01-15 11:50:00,40.58,100.0,51.6,80.09,44.31,6.93,302.04,151.0,0
2026-01-15 11:55:00,51.78,72.21,62.53,119.8,19.64,6.85,342.19,587.8,0
2026-01-15 12:00:00,70.2,66.89,54.21,91.11,26.78,11.01,161.03,521.19,0
2026-01-15 12:05:00,68.73,89.44,59.87,65.17,53.56,3.68,283.55,278.29,0
2026-01-15 12:10:00,20.0,61.43,77.06,122.28,24.14,0.0,538.01,431.81,0
2026-01-15 12:15:00,46.29,86.13,70.3,138.87,27.1,20.62,137.22,368.99,0
2026-01-15 12:20:00,86.09,37.98,43.99,94.23,4.91,19.81,487.04,297.06,0
2026-01-15 12:25:00,63.58,59.83,44.91,195.45,34.43,17.95,143.71,494.71,0
2026-01-15 12:30:00,33.66,86.88,66.33,123.17,41.91,19.24,574.37,256.19,0
2026-01-15 12:35:00,100.0,96.26,67.49,72.07,0.0,0.0,96.01,50.0,0
2026-01-15 12:40:00,61.42,54.08,51.21,58.15,13.59,9.24,179.11,388.98,0
2026-01-15 12:45:00,69.69,51.98,87.46,108.29,6.57,11.48,521.49,360.01,0
2026-01-15 12:50:00,69.99,78.21,75.02,181.24,50.77,15.58,529.4,261.01,0
2026-01-15 12:55:00,54.65,56.79,51.99,74.7,0.0,0.0,397.32,216.14,0
2026-01-15 13:00:00,47.45,63.17,50.44,152.77,33.43,3.87,55.27,116.09,0
2026-01-15 13:05:00,100.0,83.78,58.35,125.2,49.36,9.76,264.83,295.59,0
2026-01-15 13:10:00,82.06,58.21,56.69,229.63,38.76,27.7,250.22,218.72,0
2026-01-15 13:15:00,78.44,32.62,82.1,141.46,26.2,18.14,95.95,494.66,0
2026-01-15 13:20:00,73.53,44.58,77.75,81.6,41.93,27.26,375.43,427.48,0
2026-01-15 13:25:00,41.93,68.18,62.56,160.5,55.74,13.53,110.2,277.32,0
2026-01-15 13:30:00,87.55,34.46,72.85,162.35,32.85,15.01,17.69,428.41,0
2026-01-15 13:35:00,45.14,62.65,75.17,98.16,0.0,20.99,0.0,333.88,0
2026-01-15 13:40:00,67.67,42.94,62.93,55.98,57.95,12.87,558.21,309.58,0
2026-01-15 13:45:00,29.21,97.52,68.44,149.48,43.01,7.5,158.11,341.78,0
2026-01-15 13:50:00,21.18,100.0,71.51,123.49,34.34,0.0,161.89,615.7,0
2026-01-15 13:55:00,68.37,48.95,69.8,36.59,0.0,7.82,64.48,446.6,0
2026-01-15 14:00:00,45.82,72.62,49.54,134.0,29.03,25.03,496.23,305.23,0
2026-01-15 14:05:00,22.22,50.71,51.16,84.97,17.49,30.13,1.55,484.08,0
2026-01-15 14:10:00,72.81,62.43,57.38,36.64,10.67,5.72,33.26,478.67,0
2026-01-15 14:15:00,100.0,100.0,50.69,100.63,32.27,0.0,192.07,388.96,0
2026-01-15 14:20:00,89.79,59.6,38.43,190.56,24.28,26.12,246.12,300.71,0
2026-01-15 14:25:00,56.85,62.85,72.82,186.44,25.6,15.83,368.55,290.81,0
2026-01-15 14:30:00,62.18,51.03,67.54,172.07,49.79,0.0,128.39,188.73,0
2026-01-15 14:35:00,79.75,88.63,40.57,134.81,40.11,0.0,527.98,377.07,0
2026-01-15 14:40:00,84.44,10.0,58.15,152.77,25.09,3.44,129.62,258.52,0
2026-01-15 14:45:00,55.13,60.03,59.05,125.43,22.55,9.44,68.46,284.49,0
2026-01-15 14:50:00,62.68,67.17,64.91,59.22,25.9,1.18,51.32,443.6,0
2026-01-15 14:55:00,68.01,56.1,44.69,70.2,30.05,23.3,110.7,603.08,0
2026-01-15 15:00:00,73.08,83.54,40.34,86.61,46.68,5.25,39.66,406.13,0
2026-01-15 15:05:00,59.34,89.64,70.32,197.07,14.15,15.15,385.16,334.23,0
2026-01-15 15:10:00,59.6,42.58,37.46,179.22,64.17,43.48,69.85,347.19,0
2026-01-15 15:15:00,89.6,100.0,58.28,60.61,46.7,16.41,226.09,520.69,0
2026-01-15 15:20:00,86.19,42.38,56.78,122.94,0.0,13.61,64.68,408.16,0
2026-01-15 15:25:00,71.55,91.2,60.03,97.86,36.71,13.88,38.6,379.06,0
2026-01-15 15:30:00,96.38,70.7,66.04,111.47,55.81,23.03,449.18,389.69,0
2026-01-15 15:35:00,54.27,58.93,87.58,90.52,42.77,21.54,538.5,135.71,0
2026-01-15 15:40:00,94.46,60.63,36.41,197.31,26.75,2.96,478.42,408.57,0
2026-01-15 15:45:00,72.85,67.4,76.03,118.96,33.78,10.07,0.0,218.72,0
2026-01-15 15:50:00,100.0,71.75,21.81,131.89,38.57,6.99,10.13,409.16,0
2026-01-15 15:55:00,38.15,51.44,84.3,132.33,50.39,11.61,606.11,239.72,0
2026-01-15 16:00:00,48.21,63.79,29.31,63.47,6.7,36.92,204.22,438.68,0
2026-01-15 16:05:00,70.38,54.13,100.98,125.97,22.9,22.41,2.54,327.04,0
2026-01-15 16:10:00,69.94,46.13,55.76,178.43,67.77,14.04,444.8,178.2,0
2026-01-15 16:15:00,100.0,53.29,82.65,201.0,35.66,29.93,262.13,306.4,1
2026-01-15 16:20:00,48.63,47.3,79.35,56.87,65.56,17.26,352.51,680.88,0
2026-01-15 16:25:00,80.1,60.44,55.02,36.48,94.71,0.0,0.0,50.0,0
2026-01-15 16:30:00,85.25,75.78,56.24,123.42,25.16,34.97,191.27,374.95,0
2026-01-15 16:35:00,76.09,70.17,48.61,181.01,11.05,13.12,420.78,198.42,0
2026-01-15 16:40:00,42.78,100.0,74.6,139.78,29.69,0.0,134.73,556.53,0
2026-01-15 16:45:00,90.16,28.21,55.22,157.42,56.98,0.0,472.3,472.45,0
2026-01-15 16:50:00,86.59,76.45,48.9,45.19,59.78,28.53,12.98,377.89,0
2026-01-15 16:55:00,73.99,68.12,70.6,88.54,80.44,0.0,229.74,487.61,0
2026-01-15 17:00:00,66.09,82.68,47.65,5.0,34.26,31.19,546.09,386.69,0
2026-01-15 17:05:00,66.52,80.9,56.74,112.16,44.76,15.97,42.85,350.92,0
2026-01-15 17:10:00,60.43,65.03,63.71,5.0,20.76,23.57,298.87,260.17,0
2026-01-15 17:15:00,74.82,71.11,51.72,193.3,0.0,11.92,355.32,295.86,0
2026-01-15 17:20:00,62.62,54.61,54.14,205.52,34.21,21.28,266.45,280.39,0
2026-01-15 17:25:00,45.03,79.05,86.56,127.74,11.92,18.8,204.99,351.55,0
2026-01-15 17:30:00,41.03,34.18,58.73,36.81,47.87,14.54,92.26,66.18,0
2026-01-15 17:35:00,46.96,81.98,56.25,140.66,0.0,2.21,285.38,504.45,0
2026-01-15 17:40:00,66.44,67.58,59.2,222.25,20.21,19.3,231.52,642.03,0
2026-01-15 17:45:00,61.46,59.23,69.27,146.17,40.35,0.0,0.0,285.17,0
2026-01-15 17:50:00,66.31,63.81,45.46,185.17,42.45,26.18,447.97,526.24,0
2026-01-15 17:55:00,72.02,65.13,68.84,93.32,34.05,17.36,86.19,329.88,0
2026-01-15 18:00:00,49.45,91.35,66.09,72.08,72.35,20.57,0.0,259.65,0
2026-01-15 18:05:00,91.31,100.0,33.38,116.1,66.39,0.0,142.78,292.73,0
2026-01-15 18:10:00,56.65,89.96,90.71,14.03,21.31,1.49,89.31,362.85,0
2026-01-15 18:15:00,53.33,57.82,85.37,244.52,67.19,8.93,203.52,241.8,0
2026-01-15 18:20:00,71.65,79.34,49.19,127.68,70.24,23.08,26.36,440.93,0
2026-01-15 18:25:00,25.27,80.12,44.04,167.67,32.52,3.69,330.63,272.11,0
2026-01-15 18:30:00,46.19,51.35,65.65,94.62,35.91,45.58,498.59,189.02,0
2026-01-15 18:35:00,81.62,45.31,39.19,35.13,33.99,11.84,269.06,347.01,0
2026-01-15 18:40:00,27.25,66.86,83.83,198.42,22.1,2.81,0.0,245.91,0
2026-01-15 18:45:00,84.35,82.54,54.5,58.17,24.09,12.76,85.62,300.9,0
2026-01-15 18:50:00,92.22,38.99,87.95,139.19,61.39,3.59,289.83,341.85,1
2026-01-15 18:55:00,54.61,55.02,48.81,144.37,43.75,0.79,0.0,149.04,0
2026-01-15 19:00:00,67.84,78.31,60.2,124.07,23.92,27.13,28.1,568.83,0
2026-01-15 19:05:00,84.38,68.75,82.28,76.85,16.48,21.16,0.0,471.9,0
2026-01-15 19:10:00,52.66,93.49,56.83,111.77,19.84,21.19,270.78,255.49,0
2026-01-15 19:15:00,79.36,42.6,66.35,67.75,31.72,30.32,639.19,347.13,0
2026-01-15 19:20:00,48.58,100.0,79.48,164.5,53.26,20.84,23.02,445.37,0
2026-01-15 19:25:00,52.45,40.32,53.1,151.44,17.8,2.19,396.94,381.31,0
2026-01-15 19:30:00,46.01,31.48,41.81,118.82,53.03,23.5,148.5,631.98,0
2026-01-15 19:35:00,68.85,66.94,38.66,88.74,38.94,1.48,12.37,314.2,0
2026-01-15 19:40:00,85.16,47.58,71.33,235.9,37.86,9.26,531.54,528.35,0
2026-01-15 19:45:00,58.32,67.3,68.22,48.39,55.52,14.45,638.77,149.8,0
2026-01-15 19:50:00,36.58,66.67,78.99,35.05,51.87,13.23,324.14,172.88,0
2026-01-15 19:55:00,40.35,64.48,57.62,115.49,6.91,0.0,315.25,602.67,0
2026-01-15 20:00:00,69.89,52.84,39.11,105.81,13.32,3.39,261.21,285.21,0
2026-01-15 20:05:00,98.88,75.79,24.36,180.37,30.41,14.73,223.32,174.88,0
2026-01-15 20:10:00,69.87,62.29,105.0,155.54,42.12,7.67,311.21,342.84,0
2026-01-15 20:15:00,54.26,87.87,70.43,121.62,62.29,28.52,371.7,539.6,0
2026-01-15 20:20:00,77.32,64.75,64.19,147.52,36.3,30.57,549.4,235.47,0
2026-01-15 20:25:00,57.21,50.64,66.46,146.52,69.07,1.56,155.91,343.74,0
2026-01-15 20:30:00,54.43,37.62,39.1,235.7,20.87,15.72,272.93,71.83,0
2026-01-15 20:35:00,42.83,64.9,49.28,133.93,24.25,33.99,234.08,279.67,0
2026-01-15 20:40:00,90.17,45.15,89.89,82.54,28.89,13.39,434.33,499.58,1
2026-01-15 20:45:00,11.22,43.7,72.53,130.92,18.66,10.12,682.01,232.35,0
2026-01-15 20:50:00,77.96,77.49,49.78,5.0,58.19,25.32,440.54,159.21,0
2026-01-15 20:55:00,52.73,36.0,42.37,118.2,0.0,11.71,393.68,233.58,0
2026-01-15 21:00:00,53.79,93.42,53.75,180.11,24.93,30.25,413.42,258.55,0
2026-01-15 21:05:00,95.85,70.87,56.95,153.12,57.96,7.86,478.14,464.71,0
2026-01-15 21:10:00,47.72,67.21,94.79,136.42,28.75,9.3,684.6,406.97,0
2026-01-15 21:15:00,48.4,49.37,58.99,155.71,56.46,24.48,0.0,435.94,0
2026-01-15 21:20:00,59.39,81.76,42.97,180.68,78.95,16.21,357.93,354.26,0
2026-01-15 21:25:00,70.28,67.95,61.06,198.39,36.61,16.3,0.0,257.02,0
2026-01-15 21:30:00,53.16,55.65,66.23,144.61,58.38,0.0,421.24,233.55,0
2026-01-15 21:35:00,30.52,71.6,41.51,102.61,83.38,10.76,349.19,414.85,0
2026-01-15 21:40:00,44.69,37.71,68.43,5.0,43.04,25.37,151.57,588.35,0
2026-01-15 21:45:00,87.63,38.56,81.34,173.8,34.04,5.6,0.0,208.89,1
2026-01-15 21:50:00,63.5,47.84,64.22,148.34,53.05,23.41,247.41,197.3,0
2026-01-15 21:55:00,71.02,74.29,49.25,128.4,58.68,18.22,290.11,179.63,0
2026-01-15 22:00:00,56.77,67.94,53.54,82.16,34.22,12.6,238.64,474.73,0
2026-01-15 22:05:00,48.81,86.88,35.46,173.08,25.32,31.29,138.14,343.68,0
2026-01-15 22:10:00,95.55,51.44,59.86,105.85,69.35,10.92,88.58,433.31,0
2026-01-15 22:15:00,58.24,78.34,66.97,118.11,29.59,11.76,240.68,273.8,0
2026-01-15 22:20:00,53.13,65.95,47.65,116.92,58.87,12.47,105.66,442.74,0
2026-01-15 22:25:00,83.92,51.03,93.04,144.74,40.26,15.97,395.67,306.85,0
2026-01-15 22:30:00,47.55,74.94,74.68,56.83,71.54,24.2,235.83,118.26,0
2026-01-15 22:35:00,50.11,66.81,33.32,150.94,18.02,0.0,0.0,488.43,0
2026-01-15 22:40:00,62.2,56.68,33.64,80.35,17.98,25.42,281.81,344.57,0
2026-01-15 22:45:00,62.01,68.76,46.26,82.28,52.09,15.82,324.55,303.46,0
2026-01-15 22:50:00,67.19,65.67,87.17,168.69,12.39,21.65,541.24,392.19,0
2026-01-15 22:55:00,100.0,65.23,76.25,65.27,37.33,43.7,417.07,133.38,0
2026-01-15 23:00:00,68.72,60.57,87.98,168.59,65.97,8.86,88.24,414.61,0
2026-01-15 23:05:00,14.44,44.51,62.16,125.58,0.0,0.3,506.65,260.63,0
2026-01-15 23:10:00,68.53,69.35,58.65,29.34,43.04,17.33,0.51,326.58,0
2026-01-15 23:15:00,62.76,53.55,42.04,195.05,59.23,19.23,255.07,520.89,0
2026-01-15 23:20:00,62.87,49.63,67.59,137.06,34.48,25.46,385.73,446.33,0
2026-01-15 23:25:00,66.92,63.67,58.86,141.68,16.46,8.54,512.57,323.54,0
2026-01-15 23:30:00,61.43,81.21,58.25,175.4,29.75,5.04,590.0,334.84,0
2026-01-15 23:35:00,60.95,71.34,87.89,202.46,18.23,0.0,479.45,50.0,0
2026-01-15 23:40:00,74.26,58.44,59.98,131.06,36.38,0.0,225.41,226.72,0
2026-01-15 23:45:00,51.16,57.72,83.3,153.95,29.47,10.01,354.34,375.07,0
2026-01-15 23:50:00,43.05,79.44,36.59,140.42,24.73,13.6,290.39,235.38,0
2026-01-15 23:55:00,100.0,24.86,105.0,101.14,44.32,39.78,122.3,151.04,1
2026-01-16 00:00:00,47.68,82.35,56.03,32.91,66.58,0.0,229.19,422.02,0
2026-01-16 00:05:00,64.0,34.27,73.31,131.82,41.56,19.02,573.61,545.97,0
2026-01-16 00:10:00,32.09,42.52,75.86,195.84,61.87,6.29,366.31,241.79,0
2026-01-16 00:15:00,64.33,58.74,54.04,152.08,66.58,17.67,620.69,481.25,0
2026-01-16 00:20:00,43.34,100.0,75.1,61.29,23.27,8.36,55.15,458.72,0
2026-01-16 00:25:00,53.15,98.19,75.94,180.36,40.5,27.42,181.32,203.48,0
2026-01-16 00:30:00,82.9,80.72,50.59,102.98,26.5,27.35,324.75,240.85,0
2026-01-16 00:35:00,71.44,74.42,50.78,5.0,5.36,13.64,383.62,620.47,0
2026-01-16 00:40:00,73.37,34.48,62.72,175.98,42.12,32.27,228.98,182.45,0
2026-01-16 00:45:00,26.58,70.82,60.15,68.0,13.96,24.12,394.09,258.65,0
2026-01-16 00:50:00,98.74,58.11,84.29,217.94,44.69,31.71,392.73,644.86,1
2026-01-16 00:55:00,38.16,53.3,73.24,183.13,3.88,14.48,0.17,264.67,0
2026-01-16 01:00:00,92.57,70.79,60.87,107.47,38.42,26.42,385.62,552.95,0
2026-01-16 01:05:00,82.43,59.52,71.7,145.26,3.59,5.78,443.19,196.7,0
2026-01-16 01:10:00,73.55,83.65,29.25,253.32,48.48,4.56,303.31,370.74,0
2026-01-16 01:15:00,44.9,33.15,52.16,175.0,27.13,41.16,0.0,512.89,0
2026-01-16 01:20:00,65.03,69.35,66.61,133.1,25.2,1.97,200.17,279.88,0
2026-01-16 01:25:00,52.58,52.18,79.85,278.9,57.53,9.77,328.83,364.96,0
2026-01-16 01:30:00,62.58,60.63,65.2,126.47,28.57,0.0,94.17,461.67,0
2026-01-16 01:35:00,57.0,73.48,85.33,152.0,37.22,4.85,415.3,214.7,0
2026-01-16 01:40:00,21.23,47.89,75.89,68.51,31.03,3.07,381.33,686.05,0
2026-01-16 01:45:00,84.44,70.96,54.19,27.89,45.15,6.96,274.21,505.66,0
2026-01-16 01:50:00,60.38,64.18,59.76,104.17,55.86,18.6,253.14,296.41,0
2026-01-16 01:55:00,52.3,56.11,68.53,122.11,51.71,21.49,284.72,314.78,0
2026-01-16 02:00:00,50.79,59.53,54.82,138.11,25.67,2.92,249.27,636.76,0
2026-01-16 02:05:00,69.17,65.22,86.5,41.91,59.18,5.52,18.61,296.78,0
2026-01-16 02:10:00,44.12,54.18,44.26,156.34,16.67,28.0,172.58,279.18,0
2026-01-16 02:15:00,16.9,68.13,67.06,74.33,20.15,35.46,263.05,521.92,0
2026-01-16 02:20:00,70.14,62.99,73.77,153.48,32.44,30.07,505.35,139.92,0
2026-01-16 02:25:00,72.38,57.0,56.98,171.42,55.94,0.0,374.57,338.25,0
2026-01-16 02:30:00,58.01,96.62,53.38,98.25,11.6,29.27,515.02,362.62,0
2026-01-16 02:35:00,39.04,75.47,60.78,66.99,52.83,37.24,0.0,244.44,0
2026-01-16 02:40:00,63.78,61.11,74.99,204.9,33.91,0.0,185.89,115.16,0
2026-01-16 02:45:00,32.71,70.63,54.0,168.01,26.33,27.99,623.29,360.37,0
2026-01-16 02:50:00,41.46,49.52,44.9,128.36,56.96,17.7,116.27,453.23,0
2026-01-16 02:55:00,46.99,60.14,80.41,200.76,18.95,11.07,112.67,248.14,0
2026-01-16 03:00:00,78.88,62.24,68.39,124.58,80.71,16.27,201.08,173.03,0
2026-01-16 03:05:00,54.75,45.56,78.13,85.87,31.47,20.32,613.26,538.41,0
2026-01-16 03:10:00,53.04,74.97,74.15,64.91,38.0,28.89,129.13,429.22,0
2026-01-16 03:15:00,100.0,58.9,96.88,114.07,65.86,28.27,350.35,295.73,1
2026-01-16 03:20:00,69.05,61.6,79.84,162.44,38.52,0.0,320.57,488.13,0
2026-01-16 03:25:00,68.78,57.76,50.41,196.44,58.78,7.22,0.0,386.26,0
2026-01-16 03:30:00,54.61,100.0,69.52,121.29,0.0,16.12,247.18,618.38,0
2026-01-16 03:35:00,50.07,56.07,53.08,186.72,26.15,33.87,150.47,449.63,0
2026-01-16 03:40:00,18.27,30.76,54.73,108.22,42.93,0.0,372.03,141.52,0
2026-01-16 03:45:00,81.37,39.2,39.4,77.01,56.63,7.67,563.03,251.19,0
2026-01-16 03:50:00,70.97,81.67,57.42,48.15,50.39,0.0,187.98,258.36,0
2026-01-16 03:55:00,58.42,92.06,70.72,92.16,48.52,0.0,187.97,396.43,0
2026-01-16 04:00:00,59.26,55.73,60.94,50.22,56.22,26.83,703.21,304.48,0
2026-01-16 04:05:00,76.72,91.02,44.41,230.52,44.5,8.62,121.92,180.91,1
2026-01-16 04:10:00,30.91,81.35,37.63,144.16,0.0,0.0,8.26,438.37,0
2026-01-16 04:15:00,50.2,64.59,95.79,114.74,63.84,13.1,497.96,500.02,0
2026-01-16 04:20:00,39.27,63.31,67.2,214.71,18.25,39.43,240.89,334.59,0
2026-01-16 04:25:00,97.43,71.26,48.81,48.38,41.27,0.0,301.0,381.42,0
2026-01-16 04:30:00,79.51,83.79,69.39,112.46,38.62,21.4,651.67,204.87,0
2026-01-16 04:35:00,17.95,75.15,97.03,229.98,35.95,33.81,0.0,271.62,0
2026-01-16 04:40:00,31.72,55.82,71.93,112.08,12.88,14.41,214.82,277.76,0
2026-01-16 04:45:00,59.35,64.86,20.0,254.57,0.0,38.14,27.47,433.79,0
2026-01-16 04:50:00,52.55,100.0,104.44,163.21,14.95,7.08,310.33,388.4,0
2026-01-16 04:55:00,35.51,72.52,32.41,191.83,51.52,32.35,150.46,300.55,0
2026-01-16 05:00:00,100.0,83.65,58.7,193.42,6.07,29.52,38.87,294.59,0
2026-01-16 05:05:00,68.25,77.72,43.87,120.09,17.39,14.61,381.81,54.83,0
2026-01-16 05:10:00,71.5,72.92,50.16,93.15,43.36,0.0,251.86,590.88,0
2026-01-16 05:15:00,48.16,69.96,66.55,113.65,14.45,2.98,24.71,50.0,0
2026-01-16 05:20:00,76.45,84.15,28.86,65.72,24.14,0.0,35.73,413.28,0
2026-01-16 05:25:00,54.39,80.94,60.56,116.37,36.64,22.13,287.41,355.66,0
2026-01-16 05:30:00,56.33,72.75,80.36,119.76,40.65,20.69,0.0,310.15,0
2026-01-16 05:35:00,74.22,55.51,48.51,212.91,14.06,15.95,290.95,348.77,0
2026-01-16 05:40:00,29.42,74.94,39.76,152.63,37.82,13.53,491.12,250.55,0
2026-01-16 05:45:00,93.94,66.79,59.77,249.94,42.98,31.29,370.07,447.92,0
2026-01-16 05:50:00,65.65,62.45,56.59,5.0,9.54,18.57,137.8,152.96,0
2026-01-16 05:55:00,87.62,100.0,52.48,53.06,39.3,8.34,299.38,399.17,0
2026-01-16 06:00:00,40.49,40.3,42.99,100.46,20.67,16.77,24.72,248.34,0
2026-01-16 06:05:00,43.54,85.25,70.31,202.09,37.48,39.57,274.53,285.96,0
2026-01-16 06:10:00,38.76,52.47,71.52,113.97,49.46,22.47,191.17,290.01,0
2026-01-16 06:15:00,67.01,70.36,44.95,39.27,31.47,10.32,62.92,325.2,0
2026-01-16 06:20:00,63.32,100.0,47.16,106.52,53.27,14.47,362.27,425.32,0
2026-01-16 06:25:00,52.71,50.68,64.18,54.13,50.82,20.56,0.0,344.63,0
2026-01-16 06:30:00,41.72,54.97,46.56,43.35,53.16,9.95,36.55,489.95,0
2026-01-16 06:35:00,36.67,67.68,64.86,229.94,43.06,8.89,58.2,506.73,0
2026-01-16 06:40:00,61.03,52.75,85.49,100.66,57.02,14.86,159.13,396.32,0
2026-01-16 06:45:00,52.69,83.91,61.04,129.52,42.7,33.23,483.88,452.39,0
2026-01-16 06:50:00,48.29,58.38,42.58,114.89,1.65,24.49,385.77,653.74,0
2026-01-16 06:55:00,92.94,79.77,68.27,106.17,19.16,10.09,268.96,138.0,0
2026-01-16 07:00:00,60.35,44.07,59.16,73.76,30.77,25.43,260.47,511.42,0
2026-01-16 07:05:00,87.4,35.48,59.6,102.92,33.26,15.1,247.88,581.73,0
2026-01-16 07:10:00,51.33,63.88,69.61,138.55,42.15,19.14,496.93,415.05,0
2026-01-16 07:15:00,66.9,39.77,73.06,198.02,18.86,18.04,0.0,635.61,0
2026-01-16 07:20:00,60.89,95.33,62.57,172.11,75.17,0.0,388.88,616.06,0
2026-01-16 07:25:00,28.05,40.46,61.03,52.95,32.95,0.0,158.53,299.44,0
2026-01-16 07:30:00,90.57,49.32,95.02,174.37,34.85,17.72,340.54,310.93,1
2026-01-16 07:35:00,59.3,75.45,81.21,146.15,21.59,4.77,341.4,429.59,0
2026-01-16 07:40:00,76.93,57.45,75.34,85.64,14.93,0.0,381.98,256.38,0
2026-01-16 07:45:00,46.96,40.67,64.1,130.02,32.47,5.14,535.06,756.68,0
2026-01-16 07:50:00,58.7,100.0,45.91,151.48,35.55,26.1,3.21,468.33,0
2026-01-16 07:55:00,44.66,49.97,80.04,122.59,33.26,19.29,430.98,356.98,0
2026-01-16 08:00:00,86.72,64.47,64.31,146.41,68.1,24.26,238.51,138.47,0
2026-01-16 08:05:00,68.23,64.23,52.77,72.54,32.47,20.44,167.05,387.79,0
2026-01-16 08:10:00,69.34,80.79,58.11,229.61,33.28,3.97,616.08,172.15,0
2026-01-16 08:15:00,89.16,76.32,46.54,13.89,51.31,24.32,376.34,463.99,0
2026-01-16 08:20:00,85.13,53.12,78.92,151.78,31.58,22.03,174.9,50.0,0
2026-01-16 08:25:00,77.31,62.14,72.93,140.17,45.79,13.59,422.32,557.56,0
2026-01-16 08:30:00,33.57,63.92,64.91,155.36,9.42,15.71,241.71,286.38,0
2026-01-16 08:35:00,48.09,81.48,61.32,81.04,9.58,24.51,172.08,96.24,0
2026-01-16 08:40:00,41.92,46.97,51.11,184.31,37.44,6.01,140.9,347.54,0
2026-01-16 08:45:00,76.55,100.0,27.92,114.06,30.37,28.05,304.82,352.52,0
2026-01-16 08:50:00,65.41,54.33,39.39,54.76,18.82,21.78,139.5,340.35,0
2026-01-16 08:55:00,34.19,67.84,50.12,59.79,37.44,15.03,277.98,556.96,0
2026-01-16 09:00:00,58.23,47.12,47.71,126.86,39.18,33.37,409.66,407.13,0
2026-01-16 09:05:00,32.12,44.63,66.63,32.19,20.8,0.0,269.89,469.41,0
2026-01-16 09:10:00,60.94,52.26,74.98,219.03,24.62,9.48,605.77,312.69,0
2026-01-16 09:15:00,28.89,50.53,59.94,177.69,39.33,6.81,252.38,414.05,0
2026-01-16 09:20:00,72.58,60.54,84.54,220.48,14.58,19.3,492.83,153.73,0
2026-01-16 09:25:00,69.56,50.38,49.47,214.68,22.92,29.19,425.73,388.72,0
2026-01-16 09:30:00,100.0,80.52,59.83,100.65,45.68,3.2,524.55,236.27,0
2026-01-16 09:35:00,78.96,53.91,61.18,72.19,34.52,54.67,604.98,547.95,0
2026-01-16 09:40:00,53.54,51.91,79.47,5.0,25.46,7.05,0.0,361.33,0
2026-01-16 09:45:00,78.36,60.93,63.69,97.66,16.94,19.33,297.73,449.43,0
2026-01-16 09:50:00,34.05,85.87,64.14,217.11,14.74,15.03,229.86,389.35,0
2026-01-16 09:55:00,42.75,71.87,35.52,74.47,32.36,15.55,270.06,620.95,0
2026-01-16 10:00:00,68.66,66.21,47.6,108.45,75.52,5.49,178.47,115.95,0
2026-01-16 10:05:00,18.84,42.21,79.54,89.5,46.32,27.81,152.18,332.93,0
2026-01-16 10:10:00,61.26,47.43,28.79,140.62,8.34,4.75,52.07,205.99,0
2026-01-16 10:15:00,41.59,44.99,83.49,190.73,49.14,0.0,267.53,50.0,0
2026-01-16 10:20:00,64.03,91.52,69.99,35.34,19.82,1.54,418.12,196.25,0
2026-01-16 10:25:00,40.45,77.55,50.04,45.87,34.9,32.34,161.13,525.81,0
2026-01-16 10:30:00,70.48,52.49,48.69,201.76,23.22,30.01,190.87,345.47,0
2026-01-16 10:35:00,62.39,57.84,92.34,160.32,75.46,0.0,124.35,317.03,0
2026-01-16 10:40:00,90.01,53.14,84.58,105.73,12.32,24.76,71.02,466.03,1
2026-01-16 10:45:00,62.13,52.05,60.09,213.89,41.27,0.0,207.49,367.31,0
2026-01-16 10:50:00,46.63,76.29,64.15,44.92,21.29,14.67,311.78,442.0,0
2026-01-16 10:55:00,57.06,62.82,51.66,171.22,49.78,0.51,476.32,398.43,0
2026-01-16 11:00:00,35.12,100.0,64.16,116.25,40.87,25.69,35.42,431.41,0
2026-01-16 11:05:00,70.12,90.51,51.22,153.36,60.09,21.66,244.53,282.55,0
2026-01-16 11:10:00,73.8,91.57,60.74,5.0,49.36,26.75,462.06,507.06,0
2026-01-16 11:15:00,100.0,80.08,90.97,105.66,21.13,11.46,37.81,168.18,1
2026-01-16 11:20:00,49.56,60.39,60.47,160.52,93.32,12.7,478.06,337.1,0
2026-01-16 11:25:00,56.64,78.76,45.23,116.52,46.11,0.0,170.99,514.54,0
2026-01-16 11:30:00,50.48,61.72,40.14,189.04,23.99,2.63,378.04,326.89,0
2026-01-16 11:35:00,66.24,97.34,64.03,187.2,39.11,26.38,210.75,285.37,0
2026-01-16 11:40:00,69.63,75.28,49.83,67.28,47.62,19.41,332.57,693.27,0
2026-01-16 11:45:00,60.93,72.72,65.95,165.32,46.86,16.25,539.63,562.79,0
2026-01-16 11:50:00,83.73,70.29,36.09,65.4,44.92,30.15,228.15,371.24,0
2026-01-16 11:55:00,49.66,99.32,73.04,122.97,54.33,0.0,429.37,204.43,0
2026-01-16 12:00:00,81.72,42.19,45.04,156.09,52.36,23.64,299.43,50.0,0
2026-01-16 12:05:00,72.77,100.0,62.74,74.06,18.05,0.85,108.52,456.3,0
2026-01-16 12:10:00,61.76,64.65,56.59,163.28,77.16,32.73,223.79,539.88,0
2026-01-16 12:15:00,55.7,42.69,89.49,92.21,74.38,21.53,212.54,409.37,0
2026-01-16 12:20:00,100.0,54.46,64.74,88.06,51.02,26.57,0.0,93.39,0
2026-01-16 12:25:00,45.66,38.29,93.13,158.87,35.77,6.58,332.63,374.05,0
2026-01-16 12:30:00,67.96,79.77,70.97,74.02,36.12,41.19,368.43,276.97,0
2026-01-16 12:35:00,47.0,49.31,84.81,71.22,28.52,38.98,396.23,374.25,0
2026-01-16 12:40:00,97.71,71.04,58.66,177.26,31.11,20.16,507.36,641.51,0
2026-01-16 12:45:00,79.74,88.42,67.53,125.97,0.0,29.1,421.71,468.41,0
2026-01-16 12:50:00,48.43,55.9,81.5,40.02,65.61,11.38,141.46,436.41,0
2026-01-16 12:55:00,72.25,63.17,76.48,167.06,58.55,0.0,179.76,343.2,0
2026-01-16 13:00:00,67.15,44.54,70.5,97.64,1.47,24.55,400.98,412.17,0
2026-01-16 13:05:00,51.67,61.01,56.75,42.83,52.8,3.97,320.15,241.55,0
2026-01-16 13:10:00,77.16,100.0,59.46,5.0,34.85,30.72,246.79,433.24,0
2026-01-16 13:15:00,69.79,82.0,80.2,169.69,31.02,27.57,92.55,320.99,0
2026-01-16 13:20:00,66.31,63.23,83.53,72.7,44.86,17.82,154.47,226.66,0
2026-01-16 13:25:00,61.16,56.99,52.51,51.59,0.14,17.15,354.91,472.25,0
2026-01-16 13:30:00,70.62,67.23,50.1,155.17,34.78,26.87,0.0,50.0,0
2026-01-16 13:35:00,66.59,70.34,47.53,164.32,36.59,18.29,0.0,268.31,0
2026-01-16 13:40:00,63.18,60.46,75.28,76.71,36.61,10.15,374.81,442.0,0
2026-01-16 13:45:00,49.18,77.54,47.13,170.2,7.65,0.0,153.97,533.69,0
2026-01-16 13:50:00,95.88,50.84,75.08,233.02,43.94,26.51,334.34,420.76,0
2026-01-16 13:55:00,40.99,50.75,70.73,194.07,56.2,19.4,533.8,249.19,0
2026-01-16 14:00:00,70.55,74.66,53.28,185.51,43.15,48.07,67.65,342.36,0
2026-01-16 14:05:00,55.6,46.96,87.02,137.28,30.42,13.85,0.0,393.69,0
2026-01-16 14:10:00,97.19,81.12,38.6,95.6,88.78,18.62,200.25,584.08,0
2026-01-16 14:15:00,43.93,67.74,88.55,116.93,16.51,18.91,126.74,488.09,0
2026-01-16 14:20:00,47.29,35.1,67.1,144.24,50.47,22.81,245.44,489.19,0
2026-01-16 14:25:00,42.6,69.97,28.82,50.84,39.87,3.4,346.85,359.81,0
2026-01-16 14:30:00,68.47,37.67,87.47,77.68,75.25,14.07,308.8,189.35,0
2026-01-16 14:35:00,34.54,80.48,77.56,41.47,42.73,24.93,258.33,139.09,0
2026-01-16 14:40:00,52.43,63.52,55.15,132.94,47.02,11.01,440.47,304.81,0
2026-01-16 14:45:00,18.95,100.0,46.56,124.57,45.11,24.48,370.73,454.91,0
2026-01-16 14:50:00,66.81,87.28,36.89,84.1,13.83,16.16,217.35,274.72,0
2026-01-16 14:55:00,52.0,48.91,100.65,165.13,17.62,19.82,364.34,435.83,0
2026-01-16 15:00:00,32.24,31.63,47.23,62.55,29.49,28.81,0.0,230.8,0
2026-01-16 15:05:00,83.71,54.41,41.78,82.06,54.15,12.27,441.47,253.94,0
2026-01-16 15:10:00,35.85,46.02,66.29,162.93,39.66,0.0,253.99,561.2,0
2026-01-16 15:15:00,77.94,100.0,35.79,171.08,30.87,11.8,33.88,465.03,0
2026-01-16 15:20:00,47.98,67.81,46.3,76.24,62.44,5.09,175.01,304.03,0
2026-01-16 15:25:00,94.03,84.8,77.92,132.76,0.0,0.0,436.76,225.42,0
2026-01-16 15:30:00,76.99,62.87,69.43,77.17,9.08,13.72,111.82,492.34,0
2026-01-16 15:35:00,41.84,64.77,55.82,109.15,0.0,17.39,323.91,481.47,0
2026-01-16 15:40:00,43.66,67.41,62.29,127.91,59.17,27.25,408.18,445.88,0
2026-01-16 15:45:00,74.11,87.92,54.92,150.82,33.07,1.33,254.4,323.33,0
2026-01-16 15:50:00,56.75,73.61,61.01,137.47,54.33,16.06,94.37,185.81,0
2026-01-16 15:55:00,58.61,48.97,49.81,135.02,32.81,28.54,238.5,347.77,0
2026-01-16 16:00:00,87.44,97.21,52.72,60.68,55.46,8.1,0.0,561.14,0
2026-01-16 16:05:00,47.03,62.73,52.23,141.36,32.46,21.43,162.04,213.64,0
2026-01-16 16:10:00,63.83,59.8,50.39,150.31,43.2,34.17,50.7,357.12,0
2026-01-16 16:15:00,81.09,17.07,78.7,157.89,40.27,0.0,241.56,595.37,0
2026-01-16 16:20:00,78.18,79.42,74.32,80.43,41.75,18.27,21.52,304.37,0
2026-01-16 16:25:00,58.81,69.82,47.08,170.36,68.69,28.95,265.02,330.88,0
2026-01-16 16:30:00,56.22,69.8,42.89,47.55,2.51,10.79,453.92,147.44,0
2026-01-16 16:35:00,27.22,60.75,59.48,96.31,33.63,31.64,465.22,443.48,0
2026-01-16 16:40:00,40.88,57.65,96.48,104.85,38.96,22.61,25.82,238.91,0
2026-01-16 16:45:00,68.37,61.35,45.56,50.57,35.97,36.23,130.1,116.81,0
2026-01-16 16:50:00,59.24,76.34,59.42,104.01,27.04,21.99,403.5,206.97,0
2026-01-16 16:55:00,63.5,79.5,63.42,132.18,24.31,37.23,376.73,381.27,0
2026-01-16 17:00:00,82.79,63.84,60.26,19.58,65.6,18.6,139.26,112.98,0
2026-01-16 17:05:00,38.25,85.08,54.67,98.29,33.59,0.0,162.44,142.13,0
2026-01-16 17:10:00,57.28,66.58,80.48,23.84,83.76,7.43,264.81,433.89,0
2026-01-16 17:15:00,65.77,58.92,69.27,232.28,45.57,27.22,0.0,339.14,0
2026-01-16 17:20:00,47.92,71.57,75.53,131.69,29.21,26.98,344.56,212.9,0
2026-01-16 17:25:00,90.63,43.53,71.43,126.92,46.05,11.27,444.95,301.81,0
2026-01-16 17:30:00,80.17,72.19,76.3,132.76,37.18,36.65,179.96,610.73,0
2026-01-16 17:35:00,67.8,40.24,87.35,153.25,61.84,10.75,0.0,542.26,0
2026-01-16 17:40:00,97.88,49.5,83.3,173.8,11.65,20.54,504.27,333.88,1
2026-01-16 17:45:00,32.02,31.66,99.2,34.0,0.0,20.21,289.5,472.43,0
2026-01-16 17:50:00,61.85,64.85,81.48,192.06,42.22,0.0,377.61,368.15,0
2026-01-16 17:55:00,69.33,96.97,51.29,188.52,51.71,13.67,12.2,83.87,0
2026-01-16 18:00:00,43.71,65.89,75.56,116.35,40.72,43.56,12.85,57.03,0
2026-01-16 18:05:00,68.01,79.58,73.37,113.47,48.45,3.93,324.54,213.6,0
2026-01-16 18:10:00,39.87,100.0,92.72,5.0,45.51,22.5,434.96,113.64,0
2026-01-16 18:15:00,75.81,75.27,46.53,51.58,5.39,1.15,46.74,390.74,0
2026-01-16 18:20:00,83.16,54.23,70.93,148.54,40.62,3.81,231.68,267.51,0
2026-01-16 18:25:00,67.45,56.7,51.1,186.03,61.34,0.0,0.0,413.8,0
2026-01-16 18:30:00,24.94,68.01,70.2,160.09,38.44,26.29,123.72,416.1,0
2026-01-16 18:35:00,42.66,56.61,58.56,115.84,8.8,4.54,203.74,453.5,0
2026-01-16 18:40:00,73.29,57.95,69.67,225.92,28.32,30.21,337.98,210.41,0
2026-01-16 18:45:00,62.42,85.73,39.43,175.28,46.14,8.62,0.0,427.35,0
2026-01-16 18:50:00,8.12,86.47,74.69,98.34,70.91,16.54,487.67,206.68,0
2026-01-16 18:55:00,86.86,38.36,65.3,240.02,0.0,19.94,219.3,456.7,0
2026-01-16 19:00:00,64.73,53.27,64.44,59.71,42.22,0.0,482.99,533.4,0
2026-01-16 19:05:00,45.62,59.65,93.2,39.05,16.36,17.44,375.77,458.47,0
2026-01-16 19:10:00,81.9,78.78,55.88,96.84,45.15,19.2,403.41,323.44,0
2026-01-16 19:15:00,48.45,88.58,67.48,78.27,46.76,28.68,613.65,435.02,0
2026-01-16 19:20:00,48.23,100.0,63.6,99.93,30.34,3.49,109.31,120.01,0
2026-01-16 19:25:00,69.17,59.62,65.17,163.89,47.63,5.2,274.38,86.19,0
2026-01-16 19:30:00,97.62,60.52,97.55,118.13,57.8,22.91,71.67,420.02,1
2026-01-16 19:35:00,94.47,78.59,63.02,119.54,31.71,31.95,231.6,546.16,0
2026-01-16 19:40:00,69.19,55.72,52.92,123.23,8.26,7.89,379.62,165.28,0
2026-01-16 19:45:00,71.25,65.46,91.93,5.0,63.51,0.18,452.92,352.28,0
2026-01-16 19:50:00,77.83,60.53,57.08,36.66,51.57,11.2,181.19,415.83,0
2026-01-16 19:55:00,36.86,20.81,36.32,98.81,46.28,2.84,33.14,257.82,0
2026-01-16 20:00:00,74.88,70.22,50.15,73.64,21.18,19.77,263.2,299.09,0
2026-01-16 20:05:00,47.32,64.72,42.05,107.25,54.71,2.04,96.61,441.99,0
2026-01-16 20:10:00,68.37,90.88,33.2,197.23,75.85,26.67,145.98,366.23,0
2026-01-16 20:15:00,57.45,68.1,56.19,115.91,32.57,17.55,370.91,366.88,0
2026-01-16 20:20:00,72.02,45.41,60.88,47.28,36.89,27.05,337.41,202.66,0
2026-01-16 20:25:00,64.36,63.35,80.89,76.38,13.7,0.0,400.16,345.33,0
2026-01-16 20:30:00,5.0,30.36,72.07,214.08,20.61,0.0,189.3,290.31,0
2026-01-16 20:35:00,65.58,46.2,71.34,204.29,13.51,30.51,431.62,298.34,0
2026-01-16 20:40:00,74.84,79.44,47.71,152.77,37.62,6.37,252.58,268.79,0
2026-01-16 20:45:00,70.92,63.55,76.16,34.06,28.18,0.0,198.85,345.91,0
2026-01-16 20:50:00,59.95,84.61,84.26,136.87,42.46,12.57,52.22,219.76,0
2026-01-16 20:55:00,94.84,32.6,68.31,141.1,17.16,17.91,0.0,351.81,0
2026-01-16 21:00:00,68.23,63.64,68.76,121.4,31.65,13.1,0.0,295.25,0
2026-01-16 21:05:00,70.75,59.44,41.76,88.65,15.93,20.62,288.78,210.19,0
2026-01-16 21:10:00,82.89,85.21,78.87,100.06,38.75,18.99,86.65,57.71,0
2026-01-16 21:15:00,69.25,80.11,90.49,84.82,2.35,18.36,0.0,492.12,0
2026-01-16 21:20:00,44.04,79.56,67.17,57.02,38.03,31.18,174.51,461.95,0
2026-01-16 21:25:00,13.23,95.75,52.49,195.13,29.43,14.83,300.36,229.27,0
2026-01-16 21:30:00,52.46,61.37,59.41,168.53,38.62,14.48,324.71,452.25,0
2026-01-16 21:35:00,77.22,92.03,55.27,104.33,1.95,24.63,244.8,196.28,0
2026-01-16 21:40:00,54.94,49.2,56.23,139.37,48.09,21.63,239.04,303.93,0
2026-01-16 21:45:00,78.02,48.54,72.37,141.43,29.03,4.17,153.09,270.46,0
2026-01-16 21:50:00,64.97,81.55,66.47,248.86,39.34,13.89,364.1,308.36,0
2026-01-16 21:55:00,87.76,40.91,78.06,167.99,0.0,20.26,218.17,446.93,0
2026-01-16 22:00:00,56.1,78.31,67.93,165.91,10.15,7.96,236.26,289.72,0
2026-01-16 22:05:00,71.35,69.82,48.17,122.09,27.2,8.53,436.81,299.05,0
2026-01-16 22:10:00,72.12,87.29,53.99,96.11,62.51,0.0,392.54,461.48,0
2026-01-16 22:15:00,92.03,66.93,52.99,196.05,45.55,0.0,216.72,359.26,0
2026-01-16 22:20:00,27.87,69.01,59.02,155.87,37.6,10.51,191.13,261.23,0
2026-01-16 22:25:00,52.83,77.17,90.72,74.38,16.51,16.53,189.73,386.1,0
2026-01-16 22:30:00,78.97,56.07,93.28,144.96,12.87,1.86,0.0,498.9,0
2026-01-16 22:35:00,92.92,55.29,75.39,166.06,40.53,31.53,447.44,508.39,0
2026-01-16 22:40:00,66.8,76.54,63.9,5.0,49.01,2.44,126.73,151.31,0
2026-01-16 22:45:00,56.15,67.47,40.21,69.27,39.18,25.95,403.83,158.82,0
2026-01-16 22:50:00,77.14,60.67,65.52,139.95,69.19,20.02,257.49,499.86,0
2026-01-16 22:55:00,79.37,66.51,49.36,14.15,21.35,41.12,500.5,306.87,0
2026-01-16 23:00:00,54.81,96.7,88.09,22.86,38.59,21.48,345.31,50.0,0
2026-01-16 23:05:00,68.61,60.03,36.3,105.12,1.14,0.0,414.18,240.51,0
2026-01-16 23:10:00,85.61,59.5,68.15,147.03,39.22,27.65,143.43,284.14,0
2026-01-16 23:15:00,99.81,37.27,48.01,149.58,64.39,35.37,18.63,303.11,0
2026-01-16 23:20:00,76.85,67.24,61.85,207.03,14.17,0.0,276.55,464.74,0
2026-01-16 23:25:00,62.88,79.82,72.66,124.52,51.84,22.67,0.0,210.62,0
2026-01-16 23:30:00,60.92,83.05,78.35,99.5,63.82,25.32,165.77,490.33,0
2026-01-16 23:35:00,73.15,69.95,61.03,48.1,21.21,12.45,35.9,392.77,0
2026-01-16 23:40:00,59.69,85.21,74.18,98.85,44.34,0.0,98.86,157.02,0
2026-01-16 23:45:00,65.79,81.16,51.4,158.91,66.59,11.45,357.22,302.08,0
2026-01-16 23:50:00,40.84,88.03,65.93,161.4,39.61,8.03,345.39,424.2,0
2026-01-16 23:55:00,87.94,85.72,78.04,134.55,50.73,33.36,220.85,355.93,0
2026-01-17 00:00:00,39.2,96.26,67.31,150.09,0.0,13.94,307.6,406.85,0
2026-01-17 00:05:00,53.36,64.95,53.53,190.2,46.94,10.05,152.68,261.89,0
2026-01-17 00:10:00,63.95,44.11,57.54,124.14,45.34,7.96,686.8,433.22,0
2026-01-17 00:15:00,100.0,79.95,78.25,195.2,8.48,18.91,304.15,290.23,0
2026-01-17 00:20:00,53.55,82.05,44.53,80.03,15.71,15.68,143.74,731.92,0
2026-01-17 00:25:00,48.68,96.26,46.89,115.97,47.08,5.52,407.57,152.08,0
2026-01-17 00:30:00,50.98,91.06,71.63,93.55,28.95,18.17,473.23,754.69,0
2026-01-17 00:35:00,95.18,100.0,54.97,163.6,57.24,8.31,110.64,207.33,0
2026-01-17 00:40:00,5.75,79.16,38.75,64.2,41.21,0.0,0.0,540.68,0
2026-01-17 00:45:00,41.95,72.12,83.61,102.3,36.13,23.02,30.32,474.12,0
2026-01-17 00:50:00,100.0,43.07,44.41,17.72,31.59,21.88,129.41,213.57,0
2026-01-17 00:55:00,73.82,73.55,58.81,152.69,40.85,17.4,240.23,439.92,0
2026-01-17 01:00:00,39.88,58.05,52.09,188.57,51.06,9.69,0.0,275.63,0
2026-01-17 01:05:00,61.16,71.81,57.24,170.09,45.68,14.14,174.72,391.23,0
2026-01-17 01:10:00,63.35,68.98,47.85,164.69,26.54,24.83,212.57,372.18,0
2026-01-17 01:15:00,78.92,76.49,73.43,166.17,59.79,7.42,308.47,297.6,0
2026-01-17 01:20:00,98.79,66.25,63.77,158.48,48.15,25.32,360.12,285.14,0
2026-01-17 01:25:00,69.77,84.83,77.74,153.79,42.7,0.0,322.28,401.13,0
2026-01-17 01:30:00,51.2,18.98,52.25,157.34,36.83,17.02,572.59,214.43,0
2026-01-17 01:35:00,77.74,71.42,96.13,83.94,45.0,15.31,446.94,220.09,0
2026-01-17 01:40:00,48.03,89.64,31.53,108.99,0.0,27.03,289.95,493.25,0
2026-01-17 01:45:00,41.33,100.0,36.64,123.86,39.83,3.97,75.31,414.26,0
2026-01-17 01:50:00,26.8,81.18,90.05,101.54,67.8,5.28,128.41,154.0,0
2026-01-17 01:55:00,30.7,98.33,69.58,33.85,39.4,0.0,0.0,199.51,0
2026-01-17 02:00:00,44.07,71.04,67.46,52.07,36.67,8.2,277.6,50.0,0
2026-01-17 02:05:00,38.44,68.05,68.9,132.65,23.08,18.07,309.65,486.45,0
2026-01-17 02:10:00,68.26,77.53,71.14,169.82,44.85,0.0,410.72,453.29,0
2026-01-17 02:15:00,38.01,67.94,66.8,120.51,31.1,9.69,298.12,186.69,0
2026-01-17 02:20:00,5.0,53.92,46.55,272.07,61.19,22.33,439.72,447.45,0
2026-01-17 02:25:00,41.12,58.73,75.09,69.41,17.73,13.77,443.41,647.83,0
2026-01-17 02:30:00,52.56,47.98,72.57,144.47,25.95,15.9,64.94,119.1,0
2026-01-17 02:35:00,49.89,77.51,84.85,191.02,22.98,0.0,156.75,257.73,0
2026-01-17 02:40:00,92.39,68.21,90.23,178.61,71.69,13.8,248.01,115.82,1
2026-01-17 02:45:00,49.73,61.51,67.29,156.03,31.2,15.34,122.91,492.28,0
2026-01-17 02:50:00,79.62,57.8,42.36,178.86,24.04,13.04,206.2,335.59,0
2026-01-17 02:55:00,61.62,77.09,90.36,123.05,0.0,16.83,304.23,290.28,0
2026-01-17 03:00:00,61.15,82.05,45.71,211.46,16.77,11.29,227.85,384.11,0
2026-01-17 03:05:00,45.29,47.65,67.41,190.57,45.56,9.53,250.06,266.46,0
2026-01-17 03:10:00,60.82,44.82,57.89,73.13,45.48,2.52,80.33,289.76,0
2026-01-17 03:15:00,46.7,85.18,55.11,137.69,21.98,26.69,341.16,391.21,0
2026-01-17 03:20:00,65.4,43.25,74.23,34.9,23.09,0.28,327.99,258.49,0
2026-01-17 03:25:00,57.28,77.85,65.91,203.7,72.2,16.9,112.75,279.65,0
2026-01-17 03:30:00,43.11,97.1,70.21,132.33,88.93,36.76,17.22,326.52,0
2026-01-17 03:35:00,81.84,97.15,48.95,194.18,58.0,28.22,471.44,363.7,0
2026-01-17 03:40:00,70.54,81.28,59.21,113.99,66.19,21.11,564.67,440.25,0
2026-01-17 03:45:00,53.04,80.76,49.69,17.91,70.43,18.0,292.25,437.48,0
2026-01-17 03:50:00,64.91,100.0,58.81,265.06,79.29,13.47,184.9,125.06,1
2026-01-17 03:55:00,60.32,25.98,60.1,127.21,28.96,4.18,438.33,561.19,0
2026-01-17 04:00:00,44.65,59.64,91.51,64.99,17.43,11.95,334.66,358.87,0
2026-01-17 04:05:00,63.41,83.27,57.85,183.02,71.67,21.9,212.07,300.25,0
2026-01-17 04:10:00,49.58,61.93,27.99,231.97,15.71,19.68,424.25,214.47,0
2026-01-17 04:15:00,43.1,90.32,84.32,108.87,14.43,24.46,104.27,648.38,0
2026-01-17 04:20:00,29.54,67.29,69.19,114.54,14.89,29.64,125.66,703.98,0
2026-01-17 04:25:00,54.83,70.37,59.9,133.09,32.37,13.1,315.45,629.93,0
2026-01-17 04:30:00,73.34,63.06,55.0,58.9,0.0,17.3,270.56,368.21,0
2026-01-17 04:35:00,48.11,58.59,46.85,82.01,6.34,0.0,364.71,401.62,0
2026-01-17 04:40:00,100.0,58.15,93.01,218.01,22.55,42.07,464.8,573.66,1
2026-01-17 04:45:00,79.71,72.88,62.83,112.73,11.08,10.03,0.0,313.89,0
2026-01-17 04:50:00,88.09,54.06,34.2,73.93,56.25,22.82,257.01,431.2,0
2026-01-17 04:55:00,77.9,85.16,67.24,95.14,35.13,10.03,592.19,384.08,0
2026-01-17 05:00:00,99.06,79.76,81.3,179.01,46.54,9.75,142.62,637.82,1
2026-01-17 05:05:00,46.26,87.79,64.5,11.33,44.35,12.16,121.35,565.45,0
2026-01-17 05:10:00,10.79,47.68,47.57,134.01,30.86,0.06,0.0,329.3,0
2026-01-17 05:15:00,53.08,37.41,46.14,255.42,54.76,0.0,268.31,578.76,0
2026-01-17 05:20:00,73.16,67.92,47.32,231.71,44.04,28.92,354.51,349.42,0
2026-01-17 05:25:00,65.03,100.0,86.35,151.53,28.63,21.55,354.14,268.13,0
2026-01-17 05:30:00,67.51,90.79,60.85,192.4,1.32,4.01,63.33,307.2,0
2026-01-17 05:35:00,88.42,58.02,35.14,191.88,45.41,20.42,248.43,372.11,0
2026-01-17 05:40:00,69.64,75.64,68.15,113.08,9.77,24.89,289.88,232.24,0
2026-01-17 05:45:00,77.98,81.1,64.26,170.86,42.61,6.68,259.38,272.36,0
2026-01-17 05:50:00,43.21,43.37,54.82,218.37,36.58,19.94,52.94,133.49,0
2026-01-17 05:55:00,40.09,92.65,45.67,50.49,7.79,27.08,263.92,226.63,0
2026-01-17 06:00:00,94.28,64.99,44.98,151.72,40.17,0.0,103.38,385.18,0
2026-01-17 06:05:00,64.02,66.37,79.39,139.88,38.83,21.4,0.0,506.32,0
2026-01-17 06:10:00,49.54,68.43,65.96,125.67,38.9,19.37,372.64,487.1,0
2026-01-17 06:15:00,49.57,88.6,69.66,120.8,37.94,37.57,275.21,414.48,0
2026-01-17 06:20:00,49.02,54.41,65.92,132.74,21.95,21.68,356.54,120.61,0
2026-01-17 06:25:00,47.82,37.27,67.24,137.36,46.83,10.07,153.8,220.85,0
2026-01-17 06:30:00,36.34,73.81,54.51,181.52,21.25,11.46,362.78,320.38,0
2026-01-17 06:35:00,31.99,31.21,58.71,146.21,13.51,39.28,433.98,494.42,0
2026-01-17 06:40:00,58.1,62.58,80.64,110.22,48.49,10.74,565.72,266.47,0
2026-01-17 06:45:00,50.14,89.36,84.63,73.8,53.73,22.03,396.49,167.04,0
2026-01-17 06:50:00,84.14,78.42,42.45,94.02,47.12,12.14,319.26,567.24,0
2026-01-17 06:55:00,67.86,86.76,58.67,134.36,30.86,27.98,1.62,239.76,0
2026-01-17 07:00:00,67.31,79.17,75.43,81.17,0.0,28.57,230.83,180.82,0
2026-01-17 07:05:00,47.14,100.0,92.11,172.02,64.63,14.73,0.0,384.1,0
2026-01-17 07:10:00,59.58,57.41,90.51,143.65,0.0,10.12,102.6,342.49,0
2026-01-17 07:15:00,69.22,75.17,49.27,182.89,46.72,9.83,601.91,274.98,0
2026-01-17 07:20:00,76.32,60.11,82.4,84.86,77.2,0.0,65.85,350.06,0
2026-01-17 07:25:00,60.12,85.22,62.94,74.29,37.99,16.21,0.0,211.11,0
2026-01-17 07:30:00,83.58,66.89,78.71,182.48,40.82,15.96,396.37,273.26,0
2026-01-17 07:35:00,62.16,98.94,74.61,127.15,42.59,5.21,128.85,344.58,0
2026-01-17 07:40:00,77.86,58.45,41.78,108.86,38.96,0.0,388.24,50.0,0
2026-01-17 07:45:00,52.2,93.33,70.8,158.43,82.01,17.48,39.38,493.26,0
2026-01-17 07:50:00,25.75,78.68,78.09,156.38,18.14,18.99,173.34,144.06,0
2026-01-17 07:55:00,67.37,67.42,61.68,50.93,15.63,19.74,465.26,209.17,0
2026-01-17 08:00:00,76.51,77.76,58.06,196.16,28.45,3.12,12.04,500.02,0
2026-01-17 08:05:00,73.51,72.7,36.85,97.43,69.82,19.76,219.53,435.4,0
2026-01-17 08:10:00,70.44,74.41,72.94,213.5,23.46,12.86,302.43,363.1,0
2026-01-17 08:15:00,55.03,64.28,65.34,46.65,43.61,25.37,120.54,93.77,0
2026-01-17 08:20:00,45.87,55.37,47.25,137.46,56.42,3.3,293.55,259.15,0
2026-01-17 08:25:00,73.03,61.97,56.79,109.79,50.58,28.8,252.82,317.58,0
2026-01-17 08:30:00,70.53,37.7,64.47,11.36,55.36,33.12,346.22,328.47,0
2026-01-17 08:35:00,50.78,83.16,53.06,156.2,63.36,16.39,581.6,521.21,0
2026-01-17 08:40:00,84.19,45.77,62.04,14.18,41.16,19.84,731.54,649.14,0
2026-01-17 08:45:00,44.34,64.08,34.0,103.96,25.86,24.41,333.4,442.23,0
2026-01-17 08:50:00,50.33,79.66,83.59,180.74,37.94,2.69,230.13,269.84,0
2026-01-17 08:55:00,94.73,83.11,62.25,90.85,28.22,9.16,329.37,532.16,0
2026-01-17 09:00:00,79.37,36.06,44.41,70.29,85.43,17.21,208.2,261.56,0
2026-01-17 09:05:00,54.84,66.35,22.64,164.02,24.35,39.32,0.0,50.0,0
2026-01-17 09:10:00,67.75,76.28,78.47,106.28,44.66,0.65,241.61,162.57,0
2026-01-17 09:15:00,65.1,68.94,70.93,97.72,4.98,34.65,444.78,50.0,0
2026-01-17 09:20:00,7.09,92.19,65.37,190.12,37.66,12.68,0.0,292.43,0
2026-01-17 09:25:00,43.87,53.21,75.82,55.8,29.26,14.59,72.77,323.26,0
2026-01-17 09:30:00,60.98,31.12,75.77,94.72,48.51,29.62,145.25,111.1,0
2026-01-17 09:35:00,54.87,82.59,65.11,167.65,49.04,39.26,317.02,221.88,0
2026-01-17 09:40:00,66.94,58.33,57.93,52.24,63.34,20.07,677.86,136.05,0
2026-01-17 09:45:00,84.59,36.35,55.33,217.64,61.75,28.98,104.32,330.95,0
2026-01-17 09:50:00,55.57,65.15,68.74,108.07,33.67,3.96,266.42,221.98,0
2026-01-17 09:55:00,40.85,90.15,84.35,168.1,16.11,8.65,251.04,501.49,0
2026-01-17 10:00:00,68.5,45.26,60.35,167.98,18.46,0.0,195.78,375.45,0
2026-01-17 10:05:00,55.47,100.0,85.62,111.62,41.05,8.81,241.41,590.72,0
2026-01-17 10:10:00,58.88,52.92,67.97,93.65,38.16,21.78,166.35,281.79,0
2026-01-17 10:15:00,56.16,69.57,68.09,117.64,40.16,17.55,743.74,671.65,0
2026-01-17 10:20:00,100.0,46.06,100.48,159.2,24.3,35.73,384.94,350.38,1
2026-01-17 10:25:00,17.19,68.75,88.44,65.75,63.74,39.66,167.89,270.73,0
2026-01-17 10:30:00,54.23,65.59,88.86,53.82,5.55,13.36,463.04,711.31,0
2026-01-17 10:35:00,61.93,41.19,49.24,201.63,23.19,6.84,296.2,75.72,0
2026-01-17 10:40:00,46.38,100.0,97.07,79.58,13.46,28.92,260.43,267.1,0
2026-01-17 10:45:00,80.0,59.08,60.68,139.47,30.82,30.17,217.24,100.24,0
2026-01-17 10:50:00,78.27,59.1,58.36,108.88,59.93,20.29,204.99,74.26,0
2026-01-17 10:55:00,61.04,85.44,27.45,111.32,29.24,23.47,30.41,50.0,0
2026-01-17 11:00:00,56.59,100.0,67.22,198.67,37.03,21.59,0.0,442.51,0
2026-01-17 11:05:00,59.76,88.28,44.67,115.32,48.28,3.13,316.73,150.64,0
2026-01-17 11:10:00,59.9,46.38,68.53,100.37,28.29,0.38,215.43,311.78,0
2026-01-17 11:15:00,60.43,71.85,43.41,105.17,42.65,14.39,407.94,483.79,0
2026-01-17 11:20:00,58.24,34.14,90.76,92.31,40.02,12.59,89.82,419.5,0
2026-01-17 11:25:00,67.05,84.23,70.83,83.15,12.38,18.32,52.37,412.09,0
2026-01-17 11:30:00,77.06,38.57,98.48,92.53,25.71,13.43,389.71,532.07,0
2026-01-17 11:35:00,37.39,53.54,45.63,211.48,42.09,0.0,196.84,591.41,0
2026-01-17 11:40:00,40.99,67.94,86.79,159.13,60.64,0.0,404.03,162.24,0
2026-01-17 11:45:00,27.03,76.01,33.16,101.01,60.63,23.85,256.02,422.48,0
2026-01-17 11:50:00,79.33,63.3,65.33,173.99,76.91,7.05,587.95,309.17,0
2026-01-17 11:55:00,67.01,95.34,51.89,32.7,44.71,12.21,386.03,328.0,0
2026-01-17 12:00:00,72.11,81.02,54.83,195.66,26.73,8.3,323.75,123.28,0
2026-01-17 12:05:00,33.41,79.61,53.74,191.23,33.72,4.04,393.99,270.21,0
2026-01-17 12:10:00,97.7,45.87,47.36,243.0,32.72,3.72,200.88,286.59,0
2026-01-17 12:15:00,49.82,98.59,41.84,175.64,26.84,27.24,0.0,564.54,0
2026-01-17 12:20:00,65.36,53.54,54.92,144.05,42.66,12.13,314.97,176.7,0
2026-01-17 12:25:00,79.09,99.28,63.86,191.01,43.59,22.62,599.49,50.0,0
2026-01-17 12:30:00,42.26,100.0,80.62,85.58,11.52,24.23,0.0,349.08,0
2026-01-17 12:35:00,51.07,77.23,66.73,98.25,56.76,18.8,334.45,161.49,0
2026-01-17 12:40:00,65.58,86.58,80.66,116.47,0.0,24.62,0.0,329.06,0
2026-01-17 12:45:00,100.0,12.51,38.35,195.29,30.55,15.17,245.81,449.11,0
2026-01-17 12:50:00,68.02,64.49,55.07,72.93,57.99,31.37,264.3,335.03,0
2026-01-17 12:55:00,94.13,87.84,73.38,67.09,47.15,24.88,384.43,285.31,0
2026-01-17 13:00:00,86.11,84.64,67.49,133.01,27.86,26.48,287.83,326.52,0
2026-01-17 13:05:00,69.36,46.04,48.22,159.46,74.38,3.74,497.23,477.11,0
2026-01-17 13:10:00,42.22,62.71,76.95,81.33,26.2,18.16,459.95,176.8,0
2026-01-17 13:15:00,83.2,22.35,53.5,156.87,0.0,0.0,214.6,459.27,0
2026-01-17 13:20:00,32.04,75.43,49.56,195.26,44.05,31.81,446.99,199.33,0
2026-01-17 13:25:00,94.02,34.1,69.79,186.03,0.0,7.52,193.7,440.31,0
2026-01-17 13:30:00,66.0,88.35,62.1,139.43,18.37,9.18,162.73,118.54,0
2026-01-17 13:35:00,9.0,89.29,53.63,115.02,47.46,0.0,33.21,431.38,0
2026-01-17 13:40:00,55.19,59.46,53.09,215.46,25.78,14.56,486.15,334.72,0
2026-01-17 13:45:00,75.08,77.38,44.88,120.85,46.61,11.78,196.0,364.48,0
2026-01-17 13:50:00,57.26,64.09,55.67,171.72,11.84,36.87,0.0,493.84,0
2026-01-17 13:55:00,76.3,72.35,79.6,227.71,52.17,25.31,347.57,226.84,0
2026-01-17 14:00:00,45.0,47.35,65.91,165.94,1.18,8.82,171.88,346.24,0
2026-01-17 14:05:00,35.88,79.2,77.34,65.16,61.37,0.0,196.25,395.5,0
2026-01-17 14:10:00,60.57,38.46,70.26,51.85,25.49,0.0,207.88,305.15,0
2026-01-17 14:15:00,62.63,35.06,52.2,103.63,65.62,2.68,189.42,457.52,0
2026-01-17 14:20:00,55.03,65.81,35.61,159.02,18.19,0.0,741.0,399.47,0
2026-01-17 14:25:00,86.55,64.2,47.17,144.46,73.5,19.18,549.29,263.01,0
2026-01-17 14:30:00,45.0,72.9,51.26,241.39,15.85,13.26,375.85,539.11,0
2026-01-17 14:35:00,68.26,56.31,50.02,143.93,0.0,15.21,293.44,434.28,0
2026-01-17 14:40:00,63.36,100.0,77.7,101.99,35.86,3.61,453.18,223.61,0
2026-01-17 14:45:00,30.87,70.89,77.53,57.67,59.68,16.82,293.86,222.11,0
2026-01-17 14:50:00,35.62,72.19,97.39,184.92,50.82,0.0,396.86,317.07,0
2026-01-17 14:55:00,62.24,71.55,49.78,119.67,58.26,13.94,350.48,417.12,0
2026-01-17 15:00:00,100.0,86.05,87.56,37.16,51.21,24.96,273.1,50.0,1
2026-01-17 15:05:00,73.59,78.37,87.46,121.22,18.59,10.61,419.26,229.92,0
2026-01-17 15:10:00,27.49,75.96,58.28,65.23,50.33,20.32,174.37,263.38,0
2026-01-17 15:15:00,5.0,81.25,69.58,96.59,36.86,0.0,260.52,134.35,0
2026-01-17 15:20:00,76.66,35.16,81.85,120.34,20.81,0.0,73.7,196.73,0
2026-01-17 15:25:00,60.08,35.84,61.06,70.22,38.59,18.93,94.48,370.6,0
2026-01-17 15:30:00,84.83,66.63,59.82,93.18,33.87,27.56,0.0,276.66,0
2026-01-17 15:35:00,44.39,64.44,51.96,79.07,63.32,12.14,332.18,288.45,0
2026-01-17 15:40:00,69.0,78.44,24.24,80.55,24.7,40.74,381.67,143.2,0
2026-01-17 15:45:00,78.92,68.36,63.13,64.56,23.77,0.0,445.38,317.97,0
2026-01-17 15:50:00,53.05,78.47,50.64,93.45,21.03,6.84,51.56,124.39,0
2026-01-17 15:55:00,53.48,45.58,44.79,70.79,72.94,16.68,329.18,568.85,0
2026-01-17 16:00:00,62.51,67.81,68.76,152.26,22.15,20.57,249.87,611.5,0
2026-01-17 16:05:00,72.85,43.86,38.78,131.04,60.94,7.99,382.76,279.03,0
2026-01-17 16:10:00,61.71,74.96,74.9,185.71,14.37,2.29,132.74,181.63,0
2026-01-17 16:15:00,81.48,34.19,69.74,223.77,45.13,22.44,189.47,478.19,0
2026-01-17 16:20:00,52.76,74.27,55.6,157.25,40.25,16.6,0.0,438.85,0
2026-01-17 16:25:00,35.43,41.56,60.99,144.73,59.67,10.86,120.95,631.21,0
2026-01-17 16:30:00,100.0,61.1,42.96,160.72,56.77,20.99,250.56,671.16,0
2026-01-17 16:35:00,49.91,84.11,74.01,145.66,36.64,13.36,281.34,50.0,0
2026-01-17 16:40:00,50.63,72.09,65.0,122.76,24.26,13.32,0.0,523.8,0
2026-01-17 16:45:00,60.68,38.38,66.19,118.39,67.5,12.88,157.94,316.62,0
2026-01-17 16:50:00,63.34,55.9,70.03,63.81,22.26,5.15,278.86,432.36,0
2026-01-17 16:55:00,54.27,40.98,51.72,166.14,0.0,3.93,503.45,466.68,0
2026-01-17 17:00:00,61.65,37.49,37.7,118.28,0.0,8.69,97.9,460.39,0
2026-01-17 17:05:00,61.2,70.12,77.32,199.72,2.7,15.38,338.21,500.06,0
2026-01-17 17:10:00,65.5,78.09,73.02,170.33,46.91,0.0,148.92,265.96,0
2026-01-17 17:15:00,14.85,75.93,53.43,85.57,79.29,26.34,169.76,207.07,0
2026-01-17 17:20:00,99.62,78.85,68.55,188.57,0.0,15.22,92.04,528.04,0
2026-01-17 17:25:00,59.05,67.79,82.13,5.0,19.35,2.22,62.02,219.24,0
2026-01-17 17:30:00,73.61,63.08,80.22,226.16,36.78,34.4,164.54,629.21,0
2026-01-17 17:35:00,34.44,48.68,52.97,46.39,65.91,15.5,438.64,235.34,0
2026-01-17 17:40:00,52.58,60.08,38.18,147.23,19.24,0.0,114.11,292.87,0
2026-01-17 17:45:00,48.55,44.22,40.92,143.51,46.82,33.86,86.07,321.44,0
2026-01-17 17:50:00,91.39,52.79,57.01,181.8,30.0,31.26,287.64,118.84,0
2026-01-17 17:55:00,50.28,69.6,85.4,101.92,87.14,4.09,250.94,119.27,0
2026-01-17 18:00:00,77.16,65.88,50.34,5.0,37.89,11.12,237.72,486.81,0
2026-01-17 18:05:00,48.99,100.0,52.46,102.0,42.11,9.51,295.72,91.99,0
2026-01-17 18:10:00,52.95,43.78,52.13,107.95,36.69,0.0,68.28,727.95,0
2026-01-17 18:15:00,57.09,65.75,53.49,7.29,26.71,18.9,88.2,335.88,0
2026-01-17 18:20:00,87.68,42.37,61.82,122.5,54.0,25.14,427.53,195.6,0
2026-01-17 18:25:00,24.2,61.02,41.52,60.83,11.82,22.88,223.73,413.03,0
2026-01-17 18:30:00,35.69,61.75,79.35,155.7,0.0,15.39,357.36,50.0,0
2026-01-17 18:35:00,23.05,83.21,59.68,106.47,32.0,26.31,470.33,299.96,0
2026-01-17 18:40:00,40.25,59.91,101.67,227.86,51.31,1.38,402.23,319.2,0
2026-01-17 18:45:00,45.77,64.56,43.22,105.91,23.38,36.82,3.44,160.07,0
2026-01-17 18:50:00,29.71,60.25,87.44,143.67,38.73,5.74,229.03,255.23,0
2026-01-17 18:55:00,47.32,42.78,84.26,108.28,10.59,7.07,437.35,578.9,0
2026-01-17 19:00:00,21.71,56.26,55.41,30.72,56.25,8.1,344.09,377.49,0
2026-01-17 19:05:00,41.64,61.13,55.68,108.74,48.04,7.22,283.11,409.92,0
2026-01-17 19:10:00,86.01,69.33,47.26,161.44,35.39,12.69,0.0,231.98,0
2026-01-17 19:15:00,70.07,78.06,47.44,153.11,38.37,12.22,139.03,151.49,0
2026-01-17 19:20:00,65.75,63.78,61.99,103.87,7.13,16.56,262.48,313.84,0
2026-01-17 19:25:00,41.94,63.46,62.33,39.88,8.02,5.18,0.0,50.0,0
2026-01-17 19:30:00,31.28,37.03,36.36,155.45,32.56,17.0,392.85,185.48,0
2026-01-17 19:35:00,39.22,77.72,98.7,143.07,45.27,1.91,228.83,162.13,0
2026-01-17 19:40:00,61.14,55.47,57.85,166.39,46.29,23.79,0.0,50.0,0
2026-01-17 19:45:00,79.36,81.45,63.05,104.92,27.74,23.64,148.01,447.38,0
2026-01-17 19:50:00,80.05,91.7,51.98,27.36,49.91,14.93,198.46,330.42,0
2026-01-17 19:55:00,74.61,64.62,57.73,149.36,63.42,7.2,226.62,257.05,0
2026-01-17 20:00:00,47.25,49.58,56.27,119.5,33.23,18.73,505.53,450.65,0
2026-01-17 20:05:00,62.49,67.7,61.95,196.54,41.19,4.35,354.12,103.36,0
2026-01-17 20:10:00,55.57,74.28,61.77,121.58,30.84,15.41,4.22,148.46,0
2026-01-17 20:15:00,57.98,62.32,74.88,117.5,32.47,13.18,0.0,517.6,0
2026-01-17 20:20:00,100.0,57.85,65.64,142.95,38.39,46.56,201.97,692.21,0
2026-01-17 20:25:00,26.76,78.14,73.27,87.17,69.07,0.28,272.72,452.63,0
2026-01-17 20:30:00,57.31,76.96,61.84,84.52,53.31,0.0,428.63,420.74,0
2026-01-17 20:35:00,86.23,61.77,65.7,114.62,51.5,7.35,561.38,262.72,0
2026-01-17 20:40:00,32.68,38.23,58.14,69.38,25.93,0.0,571.16,266.17,0
2026-01-17 20:45:00,49.13,76.21,78.05,107.4,17.04,6.28,170.38,384.09,0
2026-01-17 20:50:00,51.42,54.19,67.16,226.68,42.79,0.0,418.22,555.93,0
2026-01-17 20:55:00,57.53,71.86,59.47,177.34,59.87,4.15,326.61,413.98,0
2026-01-17 21:00:00,30.08,70.72,58.99,136.94,69.47,2.22,53.66,493.69,0
2026-01-17 21:05:00,73.91,34.0,60.25,205.34,0.0,26.56,0.0,212.57,0
2026-01-17 21:10:00,75.33,69.46,62.49,74.63,83.93,14.42,275.94,442.54,0
2026-01-17 21:15:00,72.17,77.26,61.1,256.97,43.34,27.91,0.0,249.3,0
2026-01-17 21:20:00,44.59,79.47,53.06,94.67,53.18,15.49,96.74,371.02,0
2026-01-17 21:25:00,63.73,70.11,74.24,230.21,0.2,26.14,126.73,442.37,0
2026-01-17 21:30:00,44.01,32.41,75.25,229.97,30.26,11.37,289.38,270.32,0
2026-01-17 21:35:00,55.35,90.99,90.54,23.57,51.46,34.13,480.51,197.44,0
2026-01-17 21:40:00,100.0,75.4,52.34,200.69,11.51,20.65,252.29,404.39,0
2026-01-17 21:45:00,63.91,46.34,72.66,104.38,0.0,5.64,153.0,329.78,0
2026-01-17 21:50:00,38.25,53.82,31.45,88.76,41.71,22.43,0.0,370.42,0
2026-01-17 21:55:00,65.61,72.16,75.26,148.86,34.0,15.33,332.51,448.57,0
2026-01-17 22:00:00,34.96,80.24,38.69,64.56,63.83,12.57,255.14,546.09,0
2026-01-17 22:05:00,38.02,59.22,46.25,147.61,31.8,16.15,151.06,449.49,0
2026-01-17 22:10:00,41.18,82.86,67.32,68.26,33.27,24.01,459.9,429.79,0
2026-01-17 22:15:00,53.11,35.73,52.06,129.74,48.95,0.0,35.66,274.94,0
2026-01-17 22:20:00,80.74,49.24,49.87,193.44,55.67,10.79,126.72,297.97,0
2026-01-17 22:25:00,73.57,30.84,54.24,141.26,20.83,23.19,205.89,418.18,0
2026-01-17 22:30:00,72.46,51.85,73.67,100.21,53.89,17.98,148.81,295.51,0
2026-01-17 22:35:00,40.02,95.15,47.07,149.78,24.57,1.48,349.14,417.55,0
2026-01-17 22:40:00,51.17,100.0,61.13,42.64,35.33,0.0,333.5,227.66,0
2026-01-17 22:45:00,67.44,72.22,55.94,73.86,48.42,35.41,439.17,639.4,0
2026-01-17 22:50:00,49.43,56.51,75.12,96.34,51.9,12.76,340.42,379.05,0
2026-01-17 22:55:00,56.43,64.01,75.57,163.28,41.37,33.17,229.23,369.2,0
2026-01-17 23:00:00,70.83,76.52,32.64,142.32,13.39,24.54,188.83,277.61,0
2026-01-17 23:05:00,55.02,39.87,78.72,149.43,0.0,5.48,331.95,636.95,0
2026-01-17 23:10:00,66.52,57.7,52.23,118.49,31.24,0.0,215.74,162.01,0
2026-01-17 23:15:00,93.85,93.83,65.78,76.65,54.43,9.45,258.5,244.55,0
2026-01-17 23:20:00,58.56,49.18,46.98,201.85,43.99,14.55,341.74,478.04,0
2026-01-17 23:25:00,85.59,54.52,67.94,81.62,39.84,20.41,274.94,385.95,0
2026-01-17 23:30:00,73.19,68.24,102.82,143.05,34.86,1.67,305.55,263.48,0
2026-01-17 23:35:00,32.66,73.1,64.03,113.83,41.18,17.14,107.63,267.79,0
2026-01-17 23:40:00,39.96,56.75,54.64,150.96,15.12,17.13,492.95,306.37,0
2026-01-17 23:45:00,45.33,69.39,58.29,86.7,50.6,26.83,50.8,365.32,0
2026-01-17 23:50:00,44.9,78.94,38.5,177.9,51.93,11.32,329.06,583.04,0
2026-01-17 23:55:00,60.19,100.0,85.18,195.81,27.89,20.31,162.55,440.77,0
2026-01-18 00:00:00,74.29,65.73,67.01,174.52,43.74,18.46,444.82,503.5,0
2026-01-18 00:05:00,87.1,67.26,45.22,128.67,0.67,25.51,409.07,284.86,0
2026-01-18 00:10:00,68.16,95.49,45.74,96.07,38.6,5.16,249.63,427.36,0
2026-01-18 00:15:00,53.09,58.12,62.24,275.22,32.34,0.0,529.85,116.78,0
2026-01-18 00:20:00,20.36,44.16,76.91,65.46,60.18,12.16,216.27,377.32,0
2026-01-18 00:25:00,63.41,72.5,43.58,168.47,31.03,12.23,408.7,367.69,0
2026-01-18 00:30:00,62.52,87.37,79.81,138.3,52.37,1.11,119.28,623.21,0
2026-01-18 00:35:00,65.66,74.5,60.53,116.56,27.18,0.0,322.9,583.64,0
2026-01-18 00:40:00,100.0,66.25,47.12,130.18,0.0,8.1,82.16,311.23,0
2026-01-18 00:45:00,86.81,41.93,54.52,91.94,30.49,13.62,253.5,227.43,0
2026-01-18 00:50:00,77.7,66.95,89.98,143.49,38.94,16.15,240.75,231.55,0
2026-01-18 00:55:00,42.76,90.2,39.79,137.43,38.02,0.0,408.14,305.8,0
2026-01-18 01:00:00,51.74,45.79,50.29,267.27,38.32,0.0,129.27,545.26,0
2026-01-18 01:05:00,60.1,63.59,77.24,178.9,24.87,28.55,803.2,412.24,0
2026-01-18 01:10:00,46.49,61.03,65.46,148.37,28.53,12.72,1.22,427.7,0
2026-01-18 01:15:00,72.01,55.44,49.34,151.66,12.47,14.97,291.93,471.68,0
2026-01-18 01:20:00,69.14,72.46,77.44,221.17,0.0,0.0,301.8,200.88,0
2026-01-18 01:25:00,40.23,75.98,78.2,66.63,32.87,14.95,346.86,243.64,0
2026-01-18 01:30:00,85.94,75.79,67.3,109.95,20.1,10.49,157.23,428.03,0
2026-01-18 01:35:00,64.05,50.42,52.2,15.11,56.6,7.58,293.52,233.16,0
2026-01-18 01:40:00,27.42,38.37,54.67,150.73,0.0,0.0,148.4,121.04,0
2026-01-18 01:45:00,60.97,72.72,66.55,166.65,40.82,4.58,587.17,187.61,0
2026-01-18 01:50:00,67.62,58.89,41.01,65.24,77.43,38.66,135.68,508.15,0
2026-01-18 01:55:00,81.46,100.0,83.24,198.93,31.34,10.81,223.36,293.89,0
2026-01-18 02:00:00,55.25,100.0,89.2,80.46,34.95,24.48,130.6,383.88,0
2026-01-18 02:05:00,78.56,100.0,58.22,101.16,43.53,12.64,105.95,195.12,0
2026-01-18 02:10:00,65.74,51.08,67.7,126.58,45.09,11.25,0.0,406.91,0
2026-01-18 02:15:00,35.7,78.25,80.97,207.68,26.83,7.37,370.97,309.56,0
2026-01-18 02:20:00,33.7,83.68,93.29,72.8,14.83,31.15,128.89,416.93,0
2026-01-18 02:25:00,84.45,81.65,86.91,136.02,48.05,19.48,106.51,278.32,0
2026-01-18 02:30:00,85.92,61.62,34.23,162.62,0.0,5.52,76.63,425.64,0
2026-01-18 02:35:00,68.46,91.02,56.95,151.27,51.64,10.27,304.79,270.95,0
2026-01-18 02:40:00,91.91,68.01,70.01,153.3,27.16,27.91,253.9,337.95,0
2026-01-18 02:45:00,83.13,70.31,54.09,161.88,35.06,0.0,254.73,309.25,0
2026-01-18 02:50:00,75.67,40.32,90.52,89.49,24.49,18.73,112.96,353.94,0
2026-01-18 02:55:00,43.77,79.61,88.07,212.83,63.62,21.45,328.34,391.86,0
2026-01-18 03:00:00,96.63,63.31,48.95,113.89,39.98,6.0,130.78,275.76,0
2026-01-18 03:05:00,72.73,76.37,59.4,106.59,28.57,16.86,262.63,332.06,0
2026-01-18 03:10:00,54.28,72.23,50.01,194.12,28.0,21.03,224.85,377.97,0
2026-01-18 03:15:00,48.63,71.26,58.88,85.32,32.04,0.23,0.0,426.15,0
2026-01-18 03:20:00,67.14,67.18,58.39,137.62,82.94,25.1,615.18,338.59,0
2026-01-18 03:25:00,28.58,82.16,77.27,80.24,8.66,18.57,353.46,216.94,0
2026-01-18 03:30:00,75.99,64.42,47.78,258.56,56.66,13.16,282.44,362.97,0
2026-01-18 03:35:00,42.93,41.81,20.13,246.98,46.36,16.26,310.85,450.55,0
2026-01-18 03:40:00,69.41,78.24,36.33,113.94,65.8,23.49,619.42,150.03,0
2026-01-18 03:45:00,51.57,53.44,45.55,148.59,47.58,42.79,454.64,151.78,0
2026-01-18 03:50:00,56.71,44.16,51.51,120.29,35.07,22.32,312.78,250.67,0
2026-01-18 03:55:00,46.86,49.6,64.99,100.83,55.4,24.73,122.5,321.15,0
2026-01-18 04:00:00,58.78,73.1,44.72,126.58,39.6,17.32,150.9,50.0,0
2026-01-18 04:05:00,99.79,66.26,42.62,117.77,50.1,37.82,0.0,436.11,0
2026-01-18 04:10:00,89.7,29.61,47.13,36.36,63.56,0.0,183.71,322.62,0
2026-01-18 04:15:00,69.09,61.09,44.15,134.47,36.85,0.0,369.13,50.0,0
2026-01-18 04:20:00,61.49,89.05,53.13,117.67,26.51,16.84,364.05,183.02,0
2026-01-18 04:25:00,78.88,59.88,52.44,137.17,22.12,22.92,360.91,304.91,0
2026-01-18 04:30:00,84.6,65.02,73.02,115.74,44.01,0.0,157.23,84.12,0
2026-01-18 04:35:00,45.4,86.77,46.17,100.18,17.44,14.96,349.19,495.57,0
2026-01-18 04:40:00,60.45,82.32,56.28,168.12,28.0,12.83,398.35,378.02,0
2026-01-18 04:45:00,25.56,86.39,53.28,149.32,15.65,23.93,0.0,451.73,0
2026-01-18 04:50:00,84.46,18.09,74.94,196.78,45.17,20.14,304.8,195.65,0
2026-01-18 04:55:00,100.0,99.2,59.53,147.21,19.96,0.0,624.59,411.71,0
2026-01-18 05:00:00,63.6,79.46,78.81,109.13,9.27,2.04,197.54,250.9,0
2026-01-18 05:05:00,19.5,100.0,43.56,153.92,12.78,5.32,0.0,321.13,0
2026-01-18 05:10:00,74.18,53.92,61.21,11.07,23.58,23.87,103.72,402.92,0
2026-01-18 05:15:00,43.92,36.26,52.79,235.7,25.39,19.5,0.0,339.49,0
2026-01-18 05:20:00,48.73,68.13,42.38,135.09,40.03,7.55,135.82,471.26,0
2026-01-18 05:25:00,74.53,63.04,60.92,240.15,31.77,16.73,29.67,370.86,0
2026-01-18 05:30:00,67.09,79.77,89.73,72.19,42.41,2.3,417.55,280.53,0
2026-01-18 05:35:00,52.24,87.35,48.35,58.53,44.01,39.6,390.13,476.43,0
2026-01-18 05:40:00,49.01,66.43,59.96,140.12,49.81,21.89,311.74,508.05,0
2026-01-18 05:45:00,64.52,63.67,41.0,139.94,0.0,24.43,470.72,363.14,0
2026-01-18 05:50:00,53.81,77.41,38.65,138.6,12.46,31.52,148.23,550.42,0
2026-01-18 05:55:00,39.82,63.39,49.4,130.22,46.1,27.19,263.24,314.68,0
2026-01-18 06:00:00,55.35,61.88,54.8,85.45,39.23,15.38,644.99,330.81,0
2026-01-18 06:05:00,68.79,86.67,55.51,38.31,54.54,12.78,355.35,350.66,0
2026-01-18 06:10:00,58.44,90.68,58.38,135.57,4.12,30.46,354.9,330.53,0
2026-01-18 06:15:00,33.73,87.51,35.63,49.46,25.5,15.32,111.84,303.42,0
2026-01-18 06:20:00,81.78,64.97,51.98,44.26,29.07,6.01,175.02,242.77,0
2026-01-18 06:25:00,7.22,29.48,70.03,99.07,38.33,38.6,69.47,200.88,0
2026-01-18 06:30:00,53.07,65.33,40.27,143.69,35.72,3.77,552.56,366.61,0
2026-01-18 06:35:00,49.6,54.36,56.32,229.33,44.38,0.0,0.0,529.75,0
2026-01-18 06:40:00,64.96,65.66,66.69,173.86,32.71,26.91,414.55,472.13,0
2026-01-18 06:45:00,73.23,55.92,49.48,198.83,62.45,6.23,354.6,408.21,0
2026-01-18 06:50:00,84.54,67.63,67.46,155.95,68.82,20.22,0.0,537.38,0
2026-01-18 06:55:00,47.75,49.29,37.66,140.18,12.64,36.81,455.63,352.89,0
2026-01-18 07:00:00,73.73,44.95,76.22,257.82,35.9,0.0,203.43,201.68,0
2026-01-18 07:05:00,65.92,90.01,67.85,47.24,50.96,14.51,12.24,297.58,0
2026-01-18 07:10:00,27.77,50.55,62.89,97.27,46.71,32.8,315.61,340.9,0
2026-01-18 07:15:00,100.0,68.01,80.0,101.57,26.84,23.18,101.95,273.14,0
2026-01-18 07:20:00,33.22,85.18,56.73,169.15,40.1,12.84,213.11,441.51,0
2026-01-18 07:25:00,70.39,84.46,52.11,66.17,3.33,43.67,158.96,490.33,0
2026-01-18 07:30:00,69.8,82.31,83.96,161.99,34.62,13.86,91.76,90.18,0
2026-01-18 07:35:00,67.51,73.45,91.45,151.88,5.79,19.76,36.09,328.18,0
2026-01-18 07:40:00,52.11,81.03,50.9,164.73,45.16,34.79,393.43,50.0,0
2026-01-18 07:45:00,78.55,92.72,60.18,163.74,12.68,26.77,308.48,336.26,0
2026-01-18 07:50:00,30.79,75.65,78.72,204.61,38.26,30.86,296.92,334.59,0
2026-01-18 07:55:00,60.68,34.93,60.75,117.29,41.38,4.21,184.44,616.43,0
2026-01-18 08:00:00,50.72,58.49,71.51,149.16,36.52,29.74,259.23,571.44,0
2026-01-18 08:05:00,48.45,80.53,74.49,79.49,22.36,17.04,117.51,489.85,0
2026-01-18 08:10:00,70.57,56.71,53.0,66.94,30.79,6.05,114.41,206.04,0
2026-01-18 08:15:00,83.55,97.16,68.71,217.07,58.62,17.66,557.84,197.37,1
2026-01-18 08:20:00,55.13,66.86,61.9,75.33,26.51,17.28,409.22,185.59,0
2026-01-18 08:25:00,77.61,69.53,42.53,155.27,35.43,37.42,148.94,578.99,0
2026-01-18 08:30:00,62.99,88.25,46.17,149.21,23.86,19.58,0.0,213.43,0
2026-01-18 08:35:00,44.15,64.71,51.56,184.62,55.41,5.63,0.0,292.16,0
